Department,JobRole,JobLevel,YearsAtCompany,YearsInCurrentRole,YearsSinceLastPromotion,YearsWithCurrManager,TrainingTimesLastYear,PerformanceRating,JobSatisfaction,PromotionGapRiskScore,PromotionGapRiskLevel,RetentionOpportunityScore,RetentionOpportunityLevel,RecommendedAction,Attrition
Sales,Sales Executive,2,6,4,0,5,0,3,4,3,Medium,0,Low,No Immediate Action,1
Research & Development,Research Scientist,2,10,7,1,7,3,4,2,2,Low,0,Low,No Immediate Action,0
Research & Development,Laboratory Technician,1,0,0,0,0,3,3,3,0,Low,0,Low,No Immediate Action,1
Research & Development,Research Scientist,1,8,7,3,0,3,3,3,3,Medium,0,Low,No Immediate Action,0
Research & Development,Laboratory Technician,1,2,2,2,2,3,3,2,1,Low,0,Low,No Immediate Action,0
Research & Development,Laboratory Technician,1,7,7,3,6,2,3,4,4,Medium,0,Low,No Immediate Action,0
Research & Development,Laboratory Technician,1,1,0,0,0,3,4,1,0,Low,0,Low,No Immediate Action,0
Research & Development,Laboratory Technician,1,1,0,0,0,2,4,3,1,Low,0,Low,No Immediate Action,0
Research & Development,Manufacturing Director,3,9,7,1,8,2,4,3,3,Medium,0,Low,No Immediate Action,0
Research & Development,Healthcare Representative,2,7,7,7,7,3,3,3,4,Medium,0,Low,No Immediate Action,0
Research & Development,Laboratory Technician,1,5,4,0,3,5,3,2,1,Low,0,Low,No Immediate Action,0
Research & Development,Laboratory Technician,2,9,5,0,8,3,3,3,1,Low,0,Low,No Immediate Action,0
Research & Development,Research Scientist,1,5,2,4,3,1,3,3,2,Low,0,Low,No Immediate Action,0
Research & Development,Laboratory Technician,1,2,2,1,2,2,3,4,1,Low,0,Low,No Immediate Action,0
Research & Development,Laboratory Technician,1,4,2,0,3,4,3,3,0,Low,0,Low,No Immediate Action,1
Research & Development,Manufacturing Director,3,10,9,8,8,1,3,1,5,Medium,0,Low,No Immediate Action,0
Research & Development,Research Scientist,1,6,2,0,5,5,3,2,0,Low,0,Low,No Immediate Action,0
Research & Development,Laboratory Technician,1,1,0,0,0,2,3,4,1,Low,0,Low,No Immediate Action,0
Sales,Manager,4,25,8,3,7,3,3,4,3,Medium,0,Low,No Immediate Action,0
Research & Development,Research Scientist,1,3,2,1,2,3,3,4,0,Low,0,Low,No Immediate Action,0
Research & Development,Manufacturing Director,2,4,2,1,3,5,3,3,0,Low,0,Low,No Immediate Action,0
Sales,Sales Representative,1,5,3,0,3,4,4,1,1,Low,0,Low,No Immediate Action,1
Research & Development,Research Director,3,12,6,2,11,4,3,2,3,Medium,0,Low,No Immediate Action,0
Research & Development,Research Scientist,1,0,0,0,0,6,3,4,0,Low,0,Low,No Immediate Action,0
Research & Development,Research Scientist,1,4,2,1,3,2,3,1,1,Low,0,Low,No Immediate Action,1
Research & Development,Manager,5,14,13,4,8,3,3,3,3,Medium,0,Low,No Immediate Action,0
Research & Development,Research Scientist,1,10,2,6,7,5,4,1,2,Low,0,Low,No Immediate Action,1
Sales,Sales Executive,2,9,7,4,2,2,3,2,4,Medium,0,Low,No Immediate Action,0
Research & Development,Healthcare Representative,3,22,6,5,17,4,3,4,4,Medium,0,Low,No Immediate Action,0
Sales,Manager,5,2,2,2,1,2,3,1,2,Low,0,Low,No Immediate Action,0
Research & Development,Laboratory Technician,1,1,1,0,0,3,3,4,0,Low,0,Low,No Immediate Action,0
Research & Development,Healthcare Representative,2,4,2,1,3,5,3,4,0,Low,0,Low,No Immediate Action,0
Research & Development,Laboratory Technician,1,10,0,1,8,5,3,3,0,Low,0,Low,No Immediate Action,0
Sales,Sales Representative,2,1,0,0,0,6,3,4,0,Low,0,Low,No Immediate Action,1
Research & Development,Research Scientist,1,2,0,2,0,2,3,4,2,Low,0,Low,No Immediate Action,1
Research & Development,Research Scientist,1,5,3,1,4,3,3,3,1,Low,0,Low,No Immediate Action,0
Sales,Sales Representative,1,3,2,0,2,2,3,3,1,Low,0,Low,No Immediate Action,1
Sales,Sales Representative,1,2,2,2,2,3,3,4,1,Low,0,Low,No Immediate Action,0
Research & Development,Research Scientist,1,1,1,0,0,3,3,1,0,Low,0,Low,No Immediate Action,0
Sales,Sales Executive,2,5,3,1,3,3,3,1,1,Low,0,Low,No Immediate Action,0
Research & Development,Laboratory Technician,1,1,0,0,0,3,3,4,0,Low,0,Low,No Immediate Action,0
Research & Development,Laboratory Technician,1,1,0,0,0,6,3,1,0,Low,0,Low,No Immediate Action,0
Research & Development,Laboratory Technician,1,1,0,0,1,2,3,3,1,Low,0,Low,No Immediate Action,1
Sales,Sales Executive,3,9,8,1,7,0,3,3,4,Medium,0,Low,No Immediate Action,0
Research & Development,Laboratory Technician,2,12,8,3,7,2,4,4,4,Medium,0,Low,No Immediate Action,0
Research & Development,Research Director,5,22,15,15,8,0,3,3,6,High,0,Low,No Immediate Action,1
Sales,Sales Executive,2,9,5,8,7,2,4,3,4,Medium,0,Low,No Immediate Action,0
Research & Development,Research Scientist,1,1,0,0,0,1,4,2,1,Low,0,Low,No Immediate Action,0
Sales,Sales Executive,2,9,6,0,8,4,4,4,2,Low,0,Low,No Immediate Action,0
Research & Development,Laboratory Technician,1,1,0,0,1,2,3,4,1,Low,0,Low,No Immediate Action,0
Research & Development,Laboratory Technician,3,1,0,0,0,2,3,3,1,Low,0,Low,No Immediate Action,1
Research & Development,Laboratory Technician,1,2,2,2,2,3,3,3,1,Low,0,Low,No Immediate Action,1
Sales,Sales Executive,2,4,3,1,3,2,4,1,2,Low,0,Low,No Immediate Action,0
Research & Development,Healthcare Representative,3,4,0,2,3,3,3,1,1,Low,0,Low,No Immediate Action,0
Sales,Sales Executive,2,2,2,0,0,2,3,4,1,Low,0,Low,No Immediate Action,0
Research & Development,Research Director,3,15,14,8,12,1,3,4,5,Medium,0,Low,No Immediate Action,0
Sales,Sales Executive,3,9,8,1,8,3,4,1,2,Low,0,Low,No Immediate Action,0
Research & Development,Laboratory Technician,1,2,2,2,2,3,3,1,1,Low,0,Low,No Immediate Action,0
Research & Development,Laboratory Technician,2,7,7,1,7,3,4,4,2,Low,0,Low,No Immediate Action,0
Research & Development,Manufacturing Director,2,7,5,0,7,2,3,3,2,Low,0,Low,No Immediate Action,0
Research & Development,Manufacturing Director,2,9,8,7,8,3,4,4,4,Medium,0,Low,No Immediate Action,0
Research & Development,Laboratory Technician,2,10,3,9,9,2,3,4,4,Medium,0,Low,No Immediate Action,0
Research & Development,Research Director,5,27,3,13,8,2,3,3,4,Medium,0,Low,No Immediate Action,0
Sales,Sales Executive,3,21,16,7,9,3,3,1,4,Medium,0,Low,No Immediate Action,0
Research & Development,Healthcare Representative,3,17,14,12,8,2,3,3,5,Medium,0,Low,No Immediate Action,0
Research & Development,Manager,4,5,0,0,2,2,3,3,1,Low,0,Low,No Immediate Action,0
Research & Development,Manufacturing Director,2,6,5,0,3,3,3,2,1,Low,0,Low,No Immediate Action,0
Research & Development,Research Scientist,3,1,0,0,0,2,3,1,1,Low,0,Low,No Immediate Action,0
Research & Development,Research Scientist,1,3,2,1,2,2,3,1,1,Low,0,Low,No Immediate Action,0
Research & Development,Research Scientist,1,1,0,0,0,0,3,3,2,Low,0,Low,No Immediate Action,1
Sales,Sales Executive,2,4,3,1,3,2,3,3,2,Low,0,Low,No Immediate Action,0
Research & Development,Research Scientist,1,5,4,0,4,3,4,2,1,Low,0,Low,No Immediate Action,0
Research & Development,Research Scientist,1,1,1,1,0,4,3,2,0,Low,0,Low,No Immediate Action,0
Research & Development,Research Scientist,2,10,4,0,9,3,3,2,1,Low,0,Low,No Immediate Action,0
Research & Development,Laboratory Technician,1,1,0,0,0,3,3,4,0,Low,0,Low,No Immediate Action,0
Research & Development,Manufacturing Director,2,11,7,1,8,2,4,4,3,Medium,0,Low,No Immediate Action,0
Sales,Sales Executive,2,15,13,2,8,2,3,1,4,Medium,0,Low,No Immediate Action,0
Research & Development,Research Director,3,0,0,0,0,3,3,1,0,Low,0,Low,No Immediate Action,0
Research & Development,Research Director,3,5,2,0,2,3,3,3,0,Low,0,Low,No Immediate Action,0
Human Resources,Human Resources,2,4,2,0,2,2,4,2,1,Low,0,Low,No Immediate Action,0
Research & Development,Laboratory Technician,2,10,8,3,0,1,3,4,4,Medium,0,Low,No Immediate Action,0
Research & Development,Research Scientist,1,6,4,0,4,3,3,3,1,Low,0,Low,No Immediate Action,0
Sales,Sales Executive,3,1,0,1,0,4,3,4,0,Low,0,Low,No Immediate Action,0
Research & Development,Research Scientist,2,13,11,1,9,3,3,4,2,Low,0,Low,No Immediate Action,0
Research & Development,Manufacturing Director,2,5,2,1,3,2,3,2,1,Low,0,Low,No Immediate Action,0
Research & Development,Manufacturing Director,3,6,4,0,2,3,3,4,1,Low,0,Low,No Immediate Action,0
Sales,Sales Representative,1,0,0,0,0,3,3,1,0,Low,0,Low,No Immediate Action,0
Research & Development,Laboratory Technician,1,4,2,0,3,4,4,4,0,Low,0,Low,No Immediate Action,0
Research & Development,Healthcare Representative,2,11,10,10,8,3,3,4,4,Medium,0,Low,No Immediate Action,0
Sales,Sales Executive,3,9,8,4,7,3,3,4,3,Medium,0,Low,No Immediate Action,1
Research & Development,Healthcare Representative,4,22,3,11,11,3,4,2,3,Medium,0,Low,No Immediate Action,0
Sales,Sales Executive,2,10,7,1,0,2,4,4,3,Medium,0,Low,No Immediate Action,0
Sales,Sales Executive,2,11,8,2,7,4,3,2,3,Medium,0,Low,No Immediate Action,0
Research & Development,Healthcare Representative,3,10,9,9,5,5,3,1,4,Medium,0,Low,No Immediate Action,0
Sales,Sales Executive,2,11,8,5,7,0,3,3,6,High,0,Low,No Immediate Action,0
Research & Development,Research Director,3,4,3,0,3,5,3,3,1,Low,0,Low,No Immediate Action,0
Sales,Sales Executive,2,3,2,0,2,2,4,3,1,Low,0,Low,No Immediate Action,0
Sales,Sales Executive,2,5,4,0,4,3,3,3,1,Low,0,Low,No Immediate Action,0
Sales,Sales Executive,4,37,10,1,8,1,3,3,3,Medium,0,Low,No Immediate Action,0
Research & Development,Laboratory Technician,2,3,2,1,2,3,3,2,0,Low,0,Low,No Immediate Action,0
Human Resources,Human Resources,1,3,2,0,2,3,4,1,0,Low,0,Low,No Immediate Action,1
Research & Development,Research Scientist,1,1,0,0,0,2,3,1,1,Low,0,Low,No Immediate Action,0
Research & Development,Laboratory Technician,1,1,0,1,0,5,3,4,0,Low,0,Low,No Immediate Action,1
Research & Development,Research Scientist,2,16,13,2,10,3,3,3,3,Medium,0,Low,No Immediate Action,0
Research & Development,Healthcare Representative,2,1,0,0,0,2,3,4,1,Low,0,Low,No Immediate Action,0
Human Resources,Manager,5,3,2,2,2,3,4,4,1,Low,0,Low,No Immediate Action,0
Research & Development,Research Director,5,8,3,0,7,1,3,2,2,Low,0,Low,No Immediate Action,0
Sales,Sales Executive,2,6,4,0,3,1,3,3,2,Low,0,Low,No Immediate Action,1
Research & Development,Research Scientist,1,2,2,2,1,2,3,4,2,Low,0,Low,No Immediate Action,0
Research & Development,Laboratory Technician,1,0,0,0,0,5,3,4,0,Low,0,Low,No Immediate Action,0
Research & Development,Healthcare Representative,3,13,12,12,8,1,4,1,5,Medium,0,Low,No Immediate Action,0
Research & Development,Laboratory Technician,2,9,7,0,6,3,4,3,2,Low,0,Low,No Immediate Action,1
Human Resources,Manager,4,5,3,4,4,3,3,4,2,Low,0,Low,No Immediate Action,0
Research & Development,Laboratory Technician,1,5,3,1,2,2,3,3,2,Low,0,Low,No Immediate Action,0
Research & Development,Research Scientist,2,1,0,0,0,3,3,2,0,Low,0,Low,No Immediate Action,0
Sales,Sales Executive,3,5,3,1,3,3,3,4,1,Low,0,Low,No Immediate Action,0
Research & Development,Manager,3,11,10,5,8,6,3,1,4,Medium,0,Low,No Immediate Action,0
Sales,Sales Executive,3,9,7,2,8,6,3,4,3,Medium,0,Low,No Immediate Action,0
Research & Development,Laboratory Technician,1,1,0,0,0,2,4,4,1,Low,0,Low,No Immediate Action,0
Sales,Manager,4,25,12,4,12,3,3,4,3,Medium,0,Low,No Immediate Action,0
Research & Development,Research Scientist,1,10,7,0,9,2,4,3,3,Medium,0,Low,No Immediate Action,0
Sales,Sales Executive,2,7,7,0,7,2,3,2,3,Medium,0,Low,No Immediate Action,0
Research & Development,Research Scientist,1,5,4,4,3,2,3,2,3,Medium,0,Low,No Immediate Action,1
Research & Development,Research Director,5,20,18,15,15,5,3,3,4,Medium,0,Low,No Immediate Action,0
Sales,Sales Executive,2,7,7,7,7,3,3,3,4,Medium,0,Low,No Immediate Action,1
Research & Development,Research Scientist,1,5,4,4,3,3,3,2,2,Low,0,Low,No Immediate Action,0
Research & Development,Healthcare Representative,3,40,10,15,6,3,3,4,4,Medium,0,Low,No Immediate Action,1
Sales,Sales Representative,1,0,0,0,0,2,3,3,1,Low,0,Low,No Immediate Action,1
Research & Development,Laboratory Technician,1,2,1,2,1,2,3,4,2,Low,0,Low,No Immediate Action,0
Research & Development,Manufacturing Director,2,15,11,5,11,2,3,1,5,Medium,0,Low,No Immediate Action,0
Research & Development,Research Scientist,1,3,2,1,2,2,3,3,1,Low,0,Low,No Immediate Action,0
Sales,Sales Executive,3,2,2,2,1,3,3,4,1,Low,0,Low,No Immediate Action,0
Sales,Sales Executive,2,2,2,2,2,2,3,3,2,Low,0,Low,No Immediate Action,1
Sales,Sales Executive,3,9,7,0,7,2,3,3,3,Medium,0,Low,No Immediate Action,0
Human Resources,Human Resources,1,8,7,5,7,3,4,3,4,Medium,0,Low,No Immediate Action,0
Research & Development,Manufacturing Director,2,3,2,0,1,0,4,2,2,Low,0,Low,No Immediate Action,0
Research & Development,Manufacturing Director,3,4,2,0,3,2,3,4,1,Low,0,Low,No Immediate Action,1
Sales,Sales Executive,2,15,11,5,9,1,3,3,5,Medium,0,Low,No Immediate Action,0
Sales,Sales Executive,2,2,2,2,2,3,3,3,1,Low,0,Low,No Immediate Action,0
Human Resources,Human Resources,2,11,9,4,7,2,3,4,4,Medium,0,Low,No Immediate Action,0
Research & Development,Laboratory Technician,1,5,4,0,4,2,4,1,2,Low,0,Low,No Immediate Action,1
Research & Development,Research Scientist,1,6,5,0,3,2,3,4,2,Low,0,Low,No Immediate Action,0
Research & Development,Research Scientist,2,3,2,2,2,2,4,3,2,Low,0,Low,No Immediate Action,0
Research & Development,Research Scientist,1,5,4,0,4,4,3,3,1,Low,0,Low,No Immediate Action,0
Sales,Sales Executive,2,8,7,0,7,2,3,4,3,Medium,0,Low,No Immediate Action,0
Research & Development,Research Scientist,1,3,2,2,2,3,3,1,1,Low,0,Low,No Immediate Action,0
Research & Development,Laboratory Technician,1,5,3,1,2,3,3,4,1,Low,0,Low,No Immediate Action,0
Research & Development,Manager,4,7,6,7,7,2,3,1,5,Medium,0,Low,No Immediate Action,0
Research & Development,Laboratory Technician,1,5,0,1,4,2,4,1,1,Low,0,Low,No Immediate Action,0
Research & Development,Laboratory Technician,1,1,0,0,0,3,3,2,0,Low,0,Low,No Immediate Action,0
Research & Development,Research Scientist,2,20,7,2,13,2,3,2,4,Medium,0,Low,No Immediate Action,0
Sales,Sales Executive,3,10,8,0,6,3,3,2,2,Low,0,Low,No Immediate Action,0
Sales,Sales Representative,2,7,7,4,5,3,4,3,3,Medium,0,Low,No Immediate Action,0
Research & Development,Laboratory Technician,2,17,9,0,15,2,3,2,3,Medium,0,Low,No Immediate Action,0
Sales,Sales Executive,3,9,8,3,7,2,3,4,4,Medium,0,Low,No Immediate Action,0
Research & Development,Manufacturing Director,2,10,7,0,9,1,3,3,3,Medium,0,Low,No Immediate Action,0
Research & Development,Manufacturing Director,2,1,0,0,0,2,3,3,1,Low,0,Low,No Immediate Action,0
Research & Development,Research Scientist,1,1,0,0,0,3,4,2,0,Low,0,Low,No Immediate Action,0
Sales,Sales Executive,3,12,11,2,11,2,3,4,4,Medium,0,Low,No Immediate Action,0
Sales,Sales Representative,1,4,3,1,2,3,3,3,1,Low,0,Low,No Immediate Action,0
Research & Development,Research Scientist,1,2,2,2,2,6,4,4,1,Low,0,Low,No Immediate Action,0
Research & Development,Research Scientist,1,2,2,2,2,1,3,2,2,Low,0,Low,No Immediate Action,0
Research & Development,Research Scientist,1,5,2,0,2,2,3,4,1,Low,0,Low,No Immediate Action,0
Research & Development,Healthcare Representative,3,5,3,1,4,2,3,4,2,Low,0,Low,No Immediate Action,0
Research & Development,Research Scientist,1,1,1,0,1,2,3,3,1,Low,0,Low,No Immediate Action,0
Research & Development,Manager,5,5,4,4,4,5,3,2,2,Low,0,Low,No Immediate Action,0
Research & Development,Research Scientist,1,9,8,1,8,2,3,3,3,Medium,0,Low,No Immediate Action,0
Sales,Sales Executive,3,10,9,7,4,2,3,4,5,Medium,0,Low,No Immediate Action,0
Sales,Sales Executive,2,8,3,0,7,2,4,4,2,Low,0,Low,No Immediate Action,0
Research & Development,Research Scientist,1,5,4,1,4,2,4,3,2,Low,0,Low,No Immediate Action,0
Research & Development,Research Scientist,1,5,2,1,1,3,3,2,0,Low,0,Low,No Immediate Action,0
Sales,Sales Representative,1,0,0,0,0,5,4,1,0,Low,0,Low,No Immediate Action,1
Research & Development,Laboratory Technician,1,8,7,7,2,3,3,2,4,Medium,0,Low,No Immediate Action,0
Research & Development,Laboratory Technician,2,12,9,6,10,4,3,1,4,Medium,0,Low,No Immediate Action,0
Sales,Sales Executive,2,5,4,0,3,3,3,1,1,Low,0,Low,No Immediate Action,0
Research & Development,Research Scientist,1,2,2,2,2,3,3,1,1,Low,0,Low,No Immediate Action,0
Research & Development,Research Scientist,1,3,1,0,2,2,3,4,1,Low,0,Low,No Immediate Action,0
Research & Development,Laboratory Technician,1,1,0,1,0,3,4,4,0,Low,0,Low,No Immediate Action,1
Sales,Sales Executive,3,24,13,15,7,2,4,1,5,Medium,0,Low,No Immediate Action,0
Research & Development,Laboratory Technician,1,2,2,2,1,3,3,4,1,Low,0,Low,No Immediate Action,0
Research & Development,Research Scientist,1,4,2,0,2,0,4,4,2,Low,0,Low,No Immediate Action,0
Research & Development,Research Scientist,1,3,2,1,2,3,3,2,0,Low,0,Low,No Immediate Action,0
Sales,Sales Representative,1,4,3,0,2,5,4,2,1,Low,0,Low,No Immediate Action,1
Research & Development,Laboratory Technician,1,3,2,0,2,2,3,3,1,Low,0,Low,No Immediate Action,0
Research & Development,Manufacturing Director,2,4,2,1,3,3,3,1,0,Low,0,Low,No Immediate Action,0
Research & Development,Research Scientist,1,8,7,1,6,5,3,2,2,Low,0,Low,No Immediate Action,0
Research & Development,Manager,5,20,8,9,9,2,3,3,5,Medium,0,Low,No Immediate Action,0
Research & Development,Research Director,5,24,15,2,15,3,3,2,3,Medium,0,Low,No Immediate Action,0
Research & Development,Manufacturing Director,2,10,9,1,9,2,3,3,3,Medium,0,Low,No Immediate Action,0
Research & Development,Healthcare Representative,4,7,7,1,0,6,3,2,2,Low,0,Low,No Immediate Action,0
Research & Development,Manager,5,33,18,11,9,5,3,3,4,Medium,0,Low,No Immediate Action,0
Research & Development,Research Scientist,1,7,7,0,3,2,3,2,3,Medium,0,Low,No Immediate Action,0
Research & Development,Manufacturing Director,2,1,0,0,1,1,3,3,1,Low,0,Low,No Immediate Action,1
Research & Development,Research Scientist,1,5,4,2,2,3,3,4,2,Low,0,Low,No Immediate Action,0
Research & Development,Manager,4,20,8,11,8,1,4,4,5,Medium,0,Low,No Immediate Action,0
Research & Development,Research Scientist,1,8,7,1,7,3,3,1,2,Low,0,Low,No Immediate Action,0
Research & Development,Laboratory Technician,2,6,2,1,2,5,3,2,0,Low,0,Low,No Immediate Action,0
Research & Development,Manufacturing Director,2,5,3,0,2,5,3,3,1,Low,0,Low,No Immediate Action,0
Research & Development,Manufacturing Director,2,1,0,0,0,3,3,3,0,Low,0,Low,No Immediate Action,0
Research & Development,Manufacturing Director,2,7,7,1,7,3,3,4,2,Low,0,Low,No Immediate Action,0
Research & Development,Manufacturing Director,2,2,2,2,0,1,3,1,2,Low,0,Low,No Immediate Action,0
Research & Development,Manufacturing Director,2,7,7,1,7,0,3,4,4,Medium,0,Low,No Immediate Action,0
Research & Development,Research Scientist,1,5,3,2,0,4,3,3,2,Low,0,Low,No Immediate Action,0
Research & Development,Laboratory Technician,2,7,2,3,7,2,3,4,2,Low,0,Low,No Immediate Action,0
Research & Development,Healthcare Representative,2,1,0,0,0,2,3,1,1,Low,0,Low,No Immediate Action,1
Sales,Sales Executive,3,10,4,1,9,3,4,4,1,Low,0,Low,No Immediate Action,1
Research & Development,Research Scientist,1,4,2,2,2,2,3,2,2,Low,0,Low,No Immediate Action,0
Research & Development,Laboratory Technician,1,8,1,1,7,2,3,4,1,Low,0,Low,No Immediate Action,0
Research & Development,Healthcare Representative,2,3,2,0,2,5,3,4,0,Low,0,Low,No Immediate Action,0
Research & Development,Healthcare Representative,3,4,2,0,3,3,3,1,0,Low,0,Low,No Immediate Action,0
Sales,Sales Executive,3,14,8,9,8,2,3,4,5,Medium,0,Low,No Immediate Action,1
Research & Development,Manufacturing Director,3,11,8,5,8,2,4,3,5,Medium,0,Low,No Immediate Action,0
Sales,Sales Executive,2,7,7,0,7,2,3,3,3,Medium,0,Low,No Immediate Action,0
Research & Development,Research Director,3,10,9,4,7,5,3,2,3,Medium,0,Low,No Immediate Action,0
Research & Development,Research Scientist,1,5,2,0,4,5,3,1,0,Low,0,Low,No Immediate Action,1
Sales,Manager,3,1,0,0,0,3,3,4,0,Low,0,Low,No Immediate Action,0
Sales,Sales Executive,2,6,3,0,1,5,3,1,1,Low,0,Low,No Immediate Action,1
Research & Development,Research Scientist,1,6,2,1,5,1,3,3,1,Low,0,Low,No Immediate Action,1
Sales,Sales Executive,3,19,7,12,8,2,3,4,5,Medium,0,Low,No Immediate Action,0
Sales,Sales Executive,2,6,2,0,5,4,3,1,0,Low,0,Low,No Immediate Action,0
Research & Development,Laboratory Technician,2,13,11,3,7,3,3,2,3,Medium,0,Low,No Immediate Action,0
Research & Development,Research Scientist,1,3,2,1,1,3,4,2,0,Low,0,Low,No Immediate Action,0
Research & Development,Research Director,3,10,8,0,7,1,3,4,3,Medium,0,Low,No Immediate Action,0
Sales,Sales Executive,3,16,10,5,13,6,3,3,4,Medium,0,Low,No Immediate Action,0
Research & Development,Manufacturing Director,2,5,4,1,4,2,3,3,2,Low,0,Low,No Immediate Action,0
Research & Development,Research Scientist,1,1,0,0,0,6,3,4,0,Low,0,Low,No Immediate Action,0
Sales,Sales Representative,1,9,8,5,8,2,3,4,5,Medium,0,Low,No Immediate Action,0
Sales,Sales Executive,3,11,10,4,1,5,3,4,3,Medium,0,Low,No Immediate Action,0
Sales,Sales Executive,3,10,7,0,8,3,3,3,2,Low,0,Low,No Immediate Action,0
Research & Development,Research Scientist,1,4,3,0,1,3,3,4,1,Low,0,Low,No Immediate Action,1
Research & Development,Laboratory Technician,1,2,2,2,2,3,3,4,1,Low,0,Low,No Immediate Action,0
Research & Development,Manager,5,22,17,11,15,3,3,4,4,Medium,0,Low,No Immediate Action,0
Human Resources,Human Resources,1,2,2,2,2,2,3,3,2,Low,0,Low,No Immediate Action,0
Sales,Manager,5,7,0,0,6,3,3,4,0,Low,0,Low,No Immediate Action,0
Research & Development,Laboratory Technician,1,5,4,0,4,2,3,4,2,Low,0,Low,No Immediate Action,1
Sales,Manager,4,17,13,1,9,3,4,4,2,Low,0,Low,No Immediate Action,0
Research & Development,Laboratory Technician,1,9,7,1,7,3,4,1,2,Low,0,Low,No Immediate Action,1
Sales,Manager,5,33,7,15,12,2,3,3,5,Medium,0,Low,No Immediate Action,0
Sales,Sales Representative,1,4,3,1,2,5,3,2,1,Low,0,Low,No Immediate Action,0
Research & Development,Laboratory Technician,1,3,2,1,2,2,3,3,1,Low,0,Low,No Immediate Action,1
Research & Development,Laboratory Technician,1,3,2,1,2,1,3,3,1,Low,0,Low,No Immediate Action,0
Sales,Sales Executive,2,3,2,2,2,2,3,4,2,Low,0,Low,No Immediate Action,0
Research & Development,Research Scientist,2,1,0,0,0,2,3,1,1,Low,0,Low,No Immediate Action,0
Research & Development,Research Scientist,2,9,8,4,7,3,3,4,3,Medium,0,Low,No Immediate Action,0
Research & Development,Manager,5,24,0,1,7,2,3,4,1,Low,0,Low,No Immediate Action,0
Research & Development,Research Director,3,2,2,2,2,3,3,3,1,Low,0,Low,No Immediate Action,0
Research & Development,Research Scientist,1,2,2,0,2,2,3,4,1,Low,0,Low,No Immediate Action,0
Research & Development,Manufacturing Director,2,11,9,5,9,3,3,1,4,Medium,0,Low,No Immediate Action,0
Research & Development,Research Scientist,1,3,1,0,2,2,3,1,1,Low,0,Low,No Immediate Action,0
Research & Development,Manufacturing Director,2,3,2,0,2,1,3,3,1,Low,0,Low,No Immediate Action,0
Research & Development,Manufacturing Director,3,1,0,0,0,5,3,3,0,Low,0,Low,No Immediate Action,1
Research & Development,Healthcare Representative,3,19,6,11,8,1,4,3,5,Medium,0,Low,No Immediate Action,0
Research & Development,Research Scientist,1,6,5,1,5,1,3,4,2,Low,0,Low,No Immediate Action,0
Research & Development,Research Scientist,2,3,2,0,2,1,3,1,1,Low,0,Low,No Immediate Action,0
Sales,Sales Executive,2,3,2,0,2,2,3,4,1,Low,0,Low,No Immediate Action,0
Research & Development,Manufacturing Director,2,4,2,1,2,3,3,3,0,Low,0,Low,No Immediate Action,0
Research & Development,Laboratory Technician,1,9,6,7,8,4,3,1,4,Medium,0,Low,No Immediate Action,0
Research & Development,Research Director,5,21,7,3,9,5,3,3,3,Medium,0,Low,No Immediate Action,0
Research & Development,Research Scientist,1,1,0,0,0,0,3,4,2,Low,0,Low,No Immediate Action,0
Research & Development,Laboratory Technician,1,5,4,1,4,2,3,2,2,Low,0,Low,No Immediate Action,1
Research & Development,Laboratory Technician,1,5,1,0,3,3,4,2,0,Low,0,Low,No Immediate Action,0
Sales,Sales Executive,2,8,7,7,5,0,3,4,6,High,0,Low,No Immediate Action,0
Research & Development,Laboratory Technician,2,6,2,0,4,5,3,1,0,Low,0,Low,No Immediate Action,0
Sales,Manager,4,7,7,7,7,2,3,2,5,Medium,0,Low,No Immediate Action,0
Research & Development,Laboratory Technician,1,0,0,0,0,5,3,3,0,Low,0,Low,No Immediate Action,1
Sales,Sales Executive,2,0,0,0,0,2,3,2,1,Low,0,Low,No Immediate Action,0
Research & Development,Healthcare Representative,2,9,0,7,8,2,4,4,3,Medium,0,Low,No Immediate Action,0
Research & Development,Healthcare Representative,2,6,3,1,5,2,3,1,2,Low,0,Low,No Immediate Action,0
Research & Development,Healthcare Representative,4,20,7,4,10,2,3,4,4,Medium,0,Low,No Immediate Action,0
Research & Development,Laboratory Technician,1,15,13,10,11,4,3,4,4,Medium,0,Low,No Immediate Action,0
Research & Development,Manager,5,36,10,4,13,2,3,1,4,Medium,0,Low,No Immediate Action,0
Research & Development,Manager,3,10,7,9,9,2,3,2,5,Medium,0,Low,No Immediate Action,1
Research & Development,Research Scientist,1,5,2,0,4,3,4,4,0,Low,0,Low,No Immediate Action,0
Sales,Sales Executive,2,5,4,0,1,5,3,4,1,Low,0,Low,No Immediate Action,0
Research & Development,Research Scientist,1,3,2,1,0,4,3,3,0,Low,0,Low,No Immediate Action,0
Research & Development,Research Director,3,5,2,0,2,2,3,4,1,Low,0,Low,No Immediate Action,0
Research & Development,Manager,3,7,7,6,2,6,3,2,4,Medium,0,Low,No Immediate Action,0
Sales,Sales Executive,2,8,0,7,7,3,4,1,2,Low,0,Low,No Immediate Action,0
Research & Development,Manufacturing Director,2,6,5,1,4,6,4,2,1,Low,0,Low,No Immediate Action,0
Research & Development,Research Director,5,10,4,1,6,4,3,2,1,Low,0,Low,No Immediate Action,0
Research & Development,Research Director,4,5,3,1,3,5,3,3,1,Low,0,Low,No Immediate Action,0
Sales,Sales Executive,2,20,16,11,6,3,4,3,4,Medium,0,Low,No Immediate Action,0
Sales,Sales Executive,2,10,7,0,9,3,3,4,2,Low,0,Low,No Immediate Action,0
Research & Development,Laboratory Technician,2,10,7,0,8,4,3,4,2,Low,0,Low,No Immediate Action,0
Research & Development,Healthcare Representative,2,5,3,3,3,3,3,1,2,Low,0,Low,No Immediate Action,0
Research & Development,Research Scientist,1,17,12,5,7,3,3,4,4,Medium,0,Low,No Immediate Action,0
Research & Development,Laboratory Technician,1,1,0,0,0,0,4,3,2,Low,0,Low,No Immediate Action,1
Research & Development,Healthcare Representative,2,2,2,1,2,2,3,4,1,Low,0,Low,No Immediate Action,0
Research & Development,Laboratory Technician,1,3,2,0,2,2,3,2,1,Low,0,Low,No Immediate Action,1
Research & Development,Research Scientist,1,5,3,0,2,3,4,4,1,Low,0,Low,No Immediate Action,0
Research & Development,Research Director,5,3,2,1,2,4,3,1,0,Low,0,Low,No Immediate Action,0
Research & Development,Research Scientist,2,8,0,7,7,2,3,2,3,Medium,0,Low,No Immediate Action,0
Sales,Sales Representative,1,2,2,2,2,5,3,2,1,Low,0,Low,No Immediate Action,0
Sales,Sales Executive,2,8,7,7,4,0,3,4,6,High,0,Low,No Immediate Action,1
Research & Development,Research Scientist,1,4,2,1,2,3,3,4,0,Low,0,Low,No Immediate Action,0
Sales,Sales Executive,4,20,4,4,8,2,3,2,3,Medium,0,Low,No Immediate Action,0
Research & Development,Laboratory Technician,1,0,0,0,0,2,3,3,1,Low,0,Low,No Immediate Action,1
Sales,Sales Executive,3,11,9,6,9,3,3,2,4,Medium,0,Low,No Immediate Action,0
Research & Development,Laboratory Technician,1,1,0,0,0,2,3,4,1,Low,0,Low,No Immediate Action,0
Research & Development,Manufacturing Director,2,4,1,1,2,3,3,2,0,Low,0,Low,No Immediate Action,0
Sales,Manager,4,22,10,0,4,2,3,2,3,Medium,0,Low,No Immediate Action,0
Sales,Sales Representative,1,0,0,0,0,2,3,3,1,Low,0,Low,No Immediate Action,0
Research & Development,Healthcare Representative,2,8,3,0,7,2,3,1,2,Low,0,Low,No Immediate Action,0
Sales,Sales Executive,2,8,7,7,7,3,3,4,4,Medium,0,Low,No Immediate Action,0
Research & Development,Healthcare Representative,3,18,10,3,7,5,3,4,3,Medium,0,Low,No Immediate Action,0
Research & Development,Laboratory Technician,2,9,8,0,8,3,3,2,2,Low,0,Low,No Immediate Action,0
Sales,Sales Executive,2,13,8,4,8,3,3,3,3,Medium,0,Low,No Immediate Action,0
Research & Development,Research Director,3,10,8,0,1,2,3,2,3,Medium,0,Low,No Immediate Action,0
Research & Development,Healthcare Representative,2,5,3,1,2,2,3,3,2,Low,0,Low,No Immediate Action,0
Research & Development,Research Scientist,1,5,2,0,3,4,3,4,0,Low,0,Low,No Immediate Action,0
Human Resources,Human Resources,2,2,2,1,0,1,3,1,1,Low,0,Low,No Immediate Action,0
Research & Development,Laboratory Technician,3,24,9,9,11,2,3,1,5,Medium,0,Low,No Immediate Action,0
Research & Development,Research Scientist,1,2,2,2,2,2,3,4,2,Low,0,Low,No Immediate Action,0
Research & Development,Manager,3,10,6,8,8,2,3,2,5,Medium,0,Low,No Immediate Action,0
Research & Development,Manager,4,21,9,11,10,3,3,1,4,Medium,0,Low,No Immediate Action,0
Research & Development,Laboratory Technician,1,8,7,1,7,5,3,4,2,Low,0,Low,No Immediate Action,0
Research & Development,Healthcare Representative,4,7,1,0,7,2,3,3,1,Low,0,Low,No Immediate Action,0
Research & Development,Research Scientist,2,8,2,7,7,3,3,2,2,Low,0,Low,No Immediate Action,1
Research & Development,Research Scientist,1,4,3,1,2,2,3,2,2,Low,0,Low,No Immediate Action,0
Sales,Sales Executive,2,13,12,11,9,2,3,2,5,Medium,0,Low,No Immediate Action,0
Sales,Sales Executive,2,5,4,0,4,3,3,3,1,Low,0,Low,No Immediate Action,0
Sales,Sales Executive,2,7,7,1,7,3,3,4,2,Low,0,Low,No Immediate Action,0
Research & Development,Research Scientist,2,7,7,0,7,0,3,4,4,Medium,0,Low,No Immediate Action,0
Research & Development,Research Scientist,1,3,2,2,2,4,3,4,1,Low,0,Low,No Immediate Action,1
Research & Development,Research Scientist,2,10,8,1,9,2,3,4,3,Medium,0,Low,No Immediate Action,0
Research & Development,Manufacturing Director,3,10,9,8,9,2,4,3,5,Medium,0,Low,No Immediate Action,0
Research & Development,Manager,5,21,9,13,3,2,3,4,5,Medium,0,Low,No Immediate Action,0
Sales,Sales Executive,2,1,0,0,0,3,3,3,0,Low,0,Low,No Immediate Action,1
Sales,Sales Executive,2,7,7,0,1,6,3,4,2,Low,0,Low,No Immediate Action,0
Research & Development,Research Director,5,3,2,1,1,2,3,3,1,Low,0,Low,No Immediate Action,0
Research & Development,Laboratory Technician,2,9,7,0,0,3,3,3,2,Low,0,Low,No Immediate Action,0
Sales,Sales Executive,2,5,4,1,4,0,3,2,3,Medium,0,Low,No Immediate Action,0
Research & Development,Research Scientist,2,4,3,0,3,4,3,3,1,Low,0,Low,No Immediate Action,0
Research & Development,Healthcare Representative,3,1,0,0,0,1,3,1,1,Low,0,Low,No Immediate Action,0
Research & Development,Research Scientist,2,10,9,9,8,3,3,4,4,Medium,0,Low,No Immediate Action,0
Sales,Sales Executive,2,4,3,0,2,2,4,4,2,Low,0,Low,No Immediate Action,0
Research & Development,Laboratory Technician,1,7,7,0,7,4,3,1,2,Low,0,Low,No Immediate Action,1
Research & Development,Laboratory Technician,1,3,2,2,2,2,3,4,2,Low,0,Low,No Immediate Action,0
Sales,Sales Executive,2,10,9,1,2,2,3,3,3,Medium,0,Low,No Immediate Action,0
Sales,Sales Executive,2,8,7,0,7,3,3,2,2,Low,0,Low,No Immediate Action,0
Research & Development,Manufacturing Director,2,6,2,0,4,2,3,4,1,Low,0,Low,No Immediate Action,0
Research & Development,Research Director,3,11,10,2,9,3,3,4,3,Medium,0,Low,No Immediate Action,0
Research & Development,Manufacturing Director,3,11,9,4,10,2,3,4,4,Medium,0,Low,No Immediate Action,0
Sales,Sales Executive,2,7,7,1,7,2,3,2,3,Medium,0,Low,No Immediate Action,0
Research & Development,Manufacturing Director,3,16,6,0,13,5,3,2,2,Low,0,Low,No Immediate Action,0
Research & Development,Research Scientist,1,4,2,0,2,2,3,4,1,Low,0,Low,No Immediate Action,0
Research & Development,Manufacturing Director,2,5,4,1,2,3,3,2,1,Low,0,Low,No Immediate Action,0
Sales,Sales Representative,2,0,0,0,0,3,3,3,0,Low,0,Low,No Immediate Action,0
Research & Development,Research Director,4,1,0,0,0,2,3,4,1,Low,0,Low,No Immediate Action,0
Sales,Sales Executive,2,4,3,0,2,3,3,3,1,Low,0,Low,No Immediate Action,0
Human Resources,Human Resources,1,3,2,1,0,5,3,3,0,Low,0,Low,No Immediate Action,0
Research & Development,Laboratory Technician,1,8,0,0,7,4,3,2,0,Low,0,Low,No Immediate Action,0
Sales,Manager,3,0,0,0,0,3,4,3,0,Low,0,Low,No Immediate Action,0
Research & Development,Research Scientist,2,7,7,6,7,2,3,1,5,Medium,0,Low,No Immediate Action,0
Sales,Sales Executive,2,2,2,2,2,2,3,3,2,Low,0,Low,No Immediate Action,0
Sales,Sales Executive,2,8,7,7,7,3,3,3,4,Medium,0,Low,No Immediate Action,0
Research & Development,Healthcare Representative,2,1,0,0,0,6,4,4,0,Low,0,Low,No Immediate Action,0
Sales,Sales Representative,1,3,2,1,2,3,3,2,0,Low,0,Low,No Immediate Action,1
Sales,Sales Executive,2,1,0,0,0,6,3,4,0,Low,0,Low,No Immediate Action,0
Sales,Sales Executive,3,13,9,1,12,2,3,4,3,Medium,0,Low,No Immediate Action,0
Research & Development,Healthcare Representative,2,3,2,1,2,2,3,3,1,Low,0,Low,No Immediate Action,0
Research & Development,Laboratory Technician,1,7,7,1,7,3,3,3,2,Low,0,Low,No Immediate Action,0
Sales,Sales Representative,1,3,2,2,2,3,4,4,1,Low,0,Low,No Immediate Action,0
Sales,Sales Representative,1,1,0,0,0,2,3,3,1,Low,0,Low,No Immediate Action,1
Research & Development,Laboratory Technician,1,5,4,0,3,3,4,1,1,Low,0,Low,No Immediate Action,0
Research & Development,Manufacturing Director,2,1,0,0,0,2,3,3,1,Low,0,Low,No Immediate Action,0
Sales,Sales Executive,2,8,7,7,7,5,3,2,4,Medium,0,Low,No Immediate Action,1
Research & Development,Healthcare Representative,3,4,3,1,3,2,3,4,2,Low,0,Low,No Immediate Action,0
Sales,Sales Executive,2,6,4,1,0,6,3,3,1,Low,0,Low,No Immediate Action,1
Research & Development,Research Scientist,1,2,2,2,2,5,3,2,1,Low,0,Low,No Immediate Action,0
Sales,Sales Representative,1,1,0,0,0,0,3,2,2,Low,0,Low,No Immediate Action,1
Research & Development,Research Scientist,1,3,2,1,2,4,3,4,0,Low,0,Low,No Immediate Action,0
Research & Development,Healthcare Representative,2,1,1,0,0,5,3,2,0,Low,0,Low,No Immediate Action,0
Research & Development,Laboratory Technician,1,5,2,0,4,2,3,2,1,Low,0,Low,No Immediate Action,0
Sales,Sales Executive,2,7,5,0,7,1,3,4,2,Low,0,Low,No Immediate Action,0
Research & Development,Healthcare Representative,3,5,2,0,0,2,4,3,1,Low,0,Low,No Immediate Action,0
Sales,Sales Executive,2,7,7,0,7,2,3,4,3,Medium,0,Low,No Immediate Action,0
Research & Development,Research Scientist,1,2,2,2,2,3,3,3,1,Low,0,Low,No Immediate Action,0
Sales,Sales Executive,2,5,2,0,4,3,3,4,0,Low,0,Low,No Immediate Action,1
Research & Development,Manager,4,5,4,1,2,2,3,4,2,Low,0,Low,No Immediate Action,0
Sales,Sales Executive,2,5,2,0,3,2,3,3,1,Low,0,Low,No Immediate Action,0
Sales,Sales Representative,1,1,0,0,0,3,3,2,0,Low,0,Low,No Immediate Action,0
Research & Development,Research Scientist,1,6,4,0,4,2,4,1,2,Low,0,Low,No Immediate Action,1
Research & Development,Research Scientist,1,2,1,1,2,1,3,2,1,Low,0,Low,No Immediate Action,0
Sales,Sales Executive,3,10,9,9,0,2,3,3,5,Medium,0,Low,No Immediate Action,0
Research & Development,Research Scientist,1,1,0,0,0,4,4,4,0,Low,0,Low,No Immediate Action,1
Research & Development,Laboratory Technician,1,18,7,12,17,2,3,1,5,Medium,0,Low,No Immediate Action,0
Sales,Sales Executive,2,5,4,1,3,5,3,2,1,Low,0,Low,No Immediate Action,0
Research & Development,Laboratory Technician,1,5,2,1,2,5,3,1,0,Low,0,Low,No Immediate Action,0
Research & Development,Manufacturing Director,2,1,0,0,1,2,3,2,1,Low,0,Low,No Immediate Action,0
Research & Development,Research Director,4,25,10,3,9,3,3,2,3,Medium,0,Low,No Immediate Action,0
Research & Development,Laboratory Technician,2,1,0,0,0,3,4,3,0,Low,0,Low,No Immediate Action,0
Research & Development,Research Director,5,4,2,1,2,4,3,1,0,Low,0,Low,No Immediate Action,0
Sales,Sales Executive,2,3,2,1,2,3,3,3,0,Low,0,Low,No Immediate Action,0
Research & Development,Manufacturing Director,2,13,10,3,12,5,3,1,3,Medium,0,Low,No Immediate Action,0
Research & Development,Laboratory Technician,1,3,2,1,2,1,4,4,1,Low,0,Low,No Immediate Action,0
Research & Development,Healthcare Representative,2,5,2,0,2,3,3,3,0,Low,0,Low,No Immediate Action,0
Sales,Sales Executive,2,5,4,1,3,3,3,4,1,Low,0,Low,No Immediate Action,0
Research & Development,Research Scientist,2,13,11,10,7,2,3,3,5,Medium,0,Low,No Immediate Action,0
Research & Development,Laboratory Technician,1,4,2,3,2,3,3,1,1,Low,0,Low,No Immediate Action,0
Research & Development,Manager,5,21,8,1,6,3,3,3,2,Low,0,Low,No Immediate Action,0
Sales,Sales Executive,4,7,7,7,7,0,3,1,6,High,0,Low,No Immediate Action,0
Sales,Sales Executive,2,5,4,4,4,6,3,3,2,Low,0,Low,No Immediate Action,0
Sales,Sales Executive,3,10,7,0,7,2,3,1,3,Medium,0,Low,No Immediate Action,0
Research & Development,Laboratory Technician,2,10,0,1,8,2,3,1,1,Low,0,Low,No Immediate Action,0
Research & Development,Laboratory Technician,1,2,2,0,2,5,3,1,0,Low,0,Low,No Immediate Action,1
Research & Development,Manufacturing Director,3,5,4,0,4,4,3,3,1,Low,0,Low,No Immediate Action,0
Research & Development,Research Scientist,1,2,2,0,2,3,4,4,0,Low,0,Low,No Immediate Action,0
Research & Development,Manager,4,5,2,1,4,2,3,4,1,Low,0,Low,No Immediate Action,0
Research & Development,Research Scientist,2,5,4,0,2,3,3,3,1,Low,0,Low,No Immediate Action,0
Research & Development,Manufacturing Director,2,5,4,0,2,2,4,4,2,Low,0,Low,No Immediate Action,0
Research & Development,Manager,5,29,8,11,10,5,3,1,4,Medium,0,Low,No Immediate Action,0
Research & Development,Manufacturing Director,2,10,7,0,8,5,3,3,2,Low,0,Low,No Immediate Action,0
Research & Development,Healthcare Representative,2,6,5,0,4,4,3,4,1,Low,0,Low,No Immediate Action,0
Sales,Sales Representative,1,5,3,1,4,4,3,2,1,Low,0,Low,No Immediate Action,1
Sales,Sales Representative,1,2,2,1,0,3,3,3,0,Low,0,Low,No Immediate Action,1
Research & Development,Laboratory Technician,1,1,0,0,0,3,4,4,0,Low,0,Low,No Immediate Action,0
Sales,Manager,5,20,15,1,12,2,3,3,3,Medium,0,Low,No Immediate Action,0
Research & Development,Research Scientist,1,3,2,0,2,3,4,4,0,Low,0,Low,No Immediate Action,0
Research & Development,Laboratory Technician,1,5,3,1,4,3,3,4,1,Low,0,Low,No Immediate Action,0
Research & Development,Research Director,3,10,2,0,7,2,3,3,1,Low,0,Low,No Immediate Action,0
Research & Development,Research Scientist,1,2,2,1,1,2,3,2,1,Low,0,Low,No Immediate Action,1
Human Resources,Human Resources,1,1,0,0,0,3,3,4,0,Low,0,Low,No Immediate Action,1
Sales,Sales Executive,3,9,8,7,8,3,3,1,4,Medium,0,Low,No Immediate Action,0
Sales,Manager,4,1,0,0,0,3,3,4,0,Low,0,Low,No Immediate Action,0
Research & Development,Manager,4,27,10,15,7,2,3,3,5,Medium,0,Low,No Immediate Action,0
Research & Development,Laboratory Technician,1,11,7,6,7,2,3,4,5,Medium,0,Low,No Immediate Action,0
Sales,Sales Executive,3,18,13,13,11,5,3,1,4,Medium,0,Low,No Immediate Action,0
Research & Development,Manufacturing Director,2,5,0,0,4,2,3,4,1,Low,0,Low,No Immediate Action,0
Research & Development,Research Director,4,3,2,0,1,2,3,3,1,Low,0,Low,No Immediate Action,0
Research & Development,Laboratory Technician,1,5,4,4,3,2,3,3,3,Medium,0,Low,No Immediate Action,0
Research & Development,Laboratory Technician,2,1,0,0,0,3,3,3,0,Low,0,Low,No Immediate Action,0
Research & Development,Research Scientist,1,7,3,5,7,3,3,3,3,Medium,0,Low,No Immediate Action,0
Sales,Sales Executive,3,3,2,1,2,3,3,4,0,Low,0,Low,No Immediate Action,0
Research & Development,Manufacturing Director,3,13,8,0,8,6,4,2,2,Low,0,Low,No Immediate Action,0
Research & Development,Manager,3,7,6,7,7,2,3,3,5,Medium,0,Low,No Immediate Action,1
Research & Development,Laboratory Technician,1,4,3,1,3,2,3,4,2,Low,0,Low,No Immediate Action,1
Sales,Sales Representative,1,3,2,1,2,3,3,2,0,Low,0,Low,No Immediate Action,0
Research & Development,Healthcare Representative,3,8,7,0,0,2,3,3,3,Medium,0,Low,No Immediate Action,0
Research & Development,Healthcare Representative,3,1,0,0,0,2,3,3,1,Low,0,Low,No Immediate Action,1
Human Resources,Human Resources,3,3,2,0,2,2,3,1,1,Low,0,Low,No Immediate Action,1
Research & Development,Laboratory Technician,1,2,2,2,0,4,3,3,1,Low,0,Low,No Immediate Action,0
Sales,Sales Executive,3,10,3,9,7,3,3,4,3,Medium,0,Low,No Immediate Action,0
Research & Development,Laboratory Technician,1,2,2,1,2,3,3,3,0,Low,0,Low,No Immediate Action,1
Sales,Sales Executive,2,9,7,6,7,2,3,4,5,Medium,0,Low,No Immediate Action,0
Sales,Manager,4,10,9,7,7,2,4,2,5,Medium,0,Low,No Immediate Action,0
Sales,Sales Executive,2,14,3,1,10,3,3,4,1,Low,0,Low,No Immediate Action,0
Sales,Sales Executive,2,11,9,6,9,2,3,3,5,Medium,0,Low,No Immediate Action,0
Research & Development,Manufacturing Director,4,20,6,5,13,3,3,3,4,Medium,0,Low,No Immediate Action,0
Research & Development,Laboratory Technician,1,8,3,0,7,3,3,3,1,Low,0,Low,No Immediate Action,0
Sales,Sales Executive,2,6,5,0,5,2,3,4,2,Low,0,Low,No Immediate Action,0
Research & Development,Manufacturing Director,3,10,9,5,8,5,4,1,4,Medium,0,Low,No Immediate Action,0
Sales,Sales Executive,2,8,7,3,7,3,3,2,3,Medium,0,Low,No Immediate Action,0
Human Resources,Human Resources,1,7,7,1,0,2,3,3,3,Medium,0,Low,No Immediate Action,1
Research & Development,Manufacturing Director,2,3,2,1,2,2,3,4,1,Low,0,Low,No Immediate Action,0
Research & Development,Research Director,4,6,1,0,5,2,3,3,1,Low,0,Low,No Immediate Action,0
Sales,Manager,3,5,4,0,1,3,4,4,1,Low,0,Low,No Immediate Action,0
Sales,Sales Representative,1,0,0,0,0,3,3,2,0,Low,0,Low,No Immediate Action,1
Sales,Sales Executive,3,1,0,0,1,2,3,1,1,Low,0,Low,No Immediate Action,0
Research & Development,Healthcare Representative,2,8,7,0,7,3,3,3,2,Low,0,Low,No Immediate Action,0
Sales,Sales Executive,2,0,0,0,0,5,3,3,0,Low,0,Low,No Immediate Action,0
Sales,Sales Executive,2,5,4,0,3,3,3,3,1,Low,0,Low,No Immediate Action,0
Sales,Sales Executive,2,10,7,5,7,3,3,4,4,Medium,0,Low,No Immediate Action,0
Research & Development,Laboratory Technician,1,1,0,0,0,3,3,4,0,Low,0,Low,No Immediate Action,1
Research & Development,Manufacturing Director,3,6,5,1,2,3,3,4,1,Low,0,Low,No Immediate Action,0
Research & Development,Healthcare Representative,3,2,2,1,2,3,3,3,0,Low,0,Low,No Immediate Action,0
Sales,Manager,4,18,16,11,8,2,3,1,5,Medium,0,Low,No Immediate Action,0
Sales,Sales Executive,3,9,5,7,7,6,3,2,3,Medium,0,Low,No Immediate Action,0
Research & Development,Research Scientist,2,10,9,6,9,3,3,1,4,Medium,0,Low,No Immediate Action,0
Sales,Sales Executive,2,4,2,1,2,2,3,3,1,Low,0,Low,No Immediate Action,1
Sales,Sales Representative,1,2,2,2,1,3,3,4,1,Low,0,Low,No Immediate Action,0
Research & Development,Healthcare Representative,2,1,0,0,0,4,3,3,0,Low,0,Low,No Immediate Action,0
Research & Development,Manufacturing Director,2,6,5,4,3,2,3,2,3,Medium,0,Low,No Immediate Action,0
Research & Development,Research Director,5,31,9,0,9,5,3,3,2,Low,0,Low,No Immediate Action,0
Research & Development,Research Scientist,1,6,5,1,4,3,3,4,1,Low,0,Low,No Immediate Action,0
Sales,Sales Executive,2,5,3,1,4,5,4,2,1,Low,0,Low,No Immediate Action,0
Research & Development,Laboratory Technician,1,1,0,0,0,2,4,2,1,Low,0,Low,No Immediate Action,0
Human Resources,Manager,5,32,5,10,7,2,3,2,4,Medium,0,Low,No Immediate Action,0
Sales,Sales Representative,1,7,4,0,6,1,3,3,2,Low,0,Low,No Immediate Action,0
Research & Development,Laboratory Technician,1,6,3,1,2,4,3,3,1,Low,0,Low,No Immediate Action,1
Sales,Sales Representative,1,1,0,0,0,2,3,1,1,Low,0,Low,No Immediate Action,1
Research & Development,Research Scientist,1,6,5,1,3,3,3,4,1,Low,0,Low,No Immediate Action,0
Sales,Sales Executive,2,3,1,1,2,2,3,1,1,Low,0,Low,No Immediate Action,1
Research & Development,Laboratory Technician,2,3,2,0,2,3,3,4,0,Low,0,Low,No Immediate Action,0
Sales,Sales Executive,2,7,7,5,7,4,4,4,4,Medium,0,Low,No Immediate Action,0
Research & Development,Research Scientist,1,5,3,0,3,5,3,3,1,Low,0,Low,No Immediate Action,0
Sales,Sales Executive,2,3,0,1,0,3,3,3,0,Low,0,Low,No Immediate Action,0
Research & Development,Research Scientist,1,1,0,0,0,0,3,2,2,Low,0,Low,No Immediate Action,0
Research & Development,Healthcare Representative,2,10,2,2,2,4,3,4,1,Low,0,Low,No Immediate Action,0
Research & Development,Research Director,4,1,0,0,0,3,3,4,0,Low,0,Low,No Immediate Action,0
Research & Development,Research Scientist,1,0,0,0,0,3,3,1,0,Low,0,Low,No Immediate Action,0
Research & Development,Laboratory Technician,2,8,7,4,7,3,3,3,3,Medium,0,Low,No Immediate Action,0
Research & Development,Manager,4,3,2,0,2,3,3,1,0,Low,0,Low,No Immediate Action,0
Human Resources,Human Resources,2,2,2,0,2,1,3,3,1,Low,0,Low,No Immediate Action,0
Sales,Sales Representative,1,8,2,0,6,3,3,3,0,Low,0,Low,No Immediate Action,0
Sales,Sales Representative,1,4,3,0,2,3,3,1,1,Low,0,Low,No Immediate Action,1
Sales,Sales Representative,1,3,2,1,2,2,3,3,1,Low,0,Low,No Immediate Action,0
Research & Development,Manager,5,2,2,0,1,2,3,4,1,Low,0,Low,No Immediate Action,0
Research & Development,Research Scientist,1,2,2,2,2,3,4,3,1,Low,0,Low,No Immediate Action,0
Sales,Sales Executive,2,5,0,1,2,3,3,3,0,Low,0,Low,No Immediate Action,0
Research & Development,Research Scientist,2,6,4,0,5,2,3,4,2,Low,0,Low,No Immediate Action,0
Research & Development,Research Scientist,1,1,0,0,0,2,4,3,1,Low,0,Low,No Immediate Action,0
Sales,Sales Executive,2,14,7,8,10,2,4,1,5,Medium,0,Low,No Immediate Action,0
Research & Development,Research Scientist,1,10,9,8,8,4,3,4,4,Medium,0,Low,No Immediate Action,0
Sales,Sales Executive,2,1,1,0,0,4,3,1,0,Low,0,Low,No Immediate Action,1
Research & Development,Laboratory Technician,1,3,2,0,2,2,3,4,1,Low,0,Low,No Immediate Action,0
Research & Development,Manufacturing Director,3,10,7,7,8,2,3,3,5,Medium,0,Low,No Immediate Action,0
Sales,Sales Executive,2,6,0,1,2,5,3,3,0,Low,0,Low,No Immediate Action,0
Research & Development,Research Scientist,2,17,11,11,8,3,3,4,4,Medium,0,Low,No Immediate Action,0
Research & Development,Healthcare Representative,2,13,11,4,7,2,4,4,4,Medium,0,Low,No Immediate Action,0
Human Resources,Human Resources,3,9,7,7,1,1,3,2,5,Medium,0,Low,No Immediate Action,0
Research & Development,Manufacturing Director,2,3,2,0,2,2,3,2,1,Low,0,Low,No Immediate Action,0
Research & Development,Research Scientist,1,4,2,1,1,0,3,4,2,Low,0,Low,No Immediate Action,0
Research & Development,Research Scientist,1,1,0,1,1,5,3,3,0,Low,0,Low,No Immediate Action,1
Research & Development,Research Scientist,1,10,8,9,7,3,3,1,4,Medium,0,Low,No Immediate Action,1
Research & Development,Laboratory Technician,1,1,0,0,0,3,3,3,0,Low,0,Low,No Immediate Action,0
Research & Development,Research Scientist,1,3,2,0,2,3,3,1,0,Low,0,Low,No Immediate Action,0
Sales,Sales Executive,2,3,2,1,2,4,4,2,0,Low,0,Low,No Immediate Action,0
Sales,Sales Executive,2,7,7,0,5,2,4,4,3,Medium,0,Low,No Immediate Action,0
Research & Development,Research Scientist,1,10,7,2,8,5,3,4,3,Medium,0,Low,No Immediate Action,0
Sales,Sales Executive,2,2,2,2,2,3,3,2,1,Low,0,Low,No Immediate Action,0
Sales,Sales Executive,2,6,5,0,4,3,4,4,1,Low,0,Low,No Immediate Action,0
Research & Development,Research Scientist,1,1,0,0,0,2,3,4,1,Low,0,Low,No Immediate Action,0
Research & Development,Laboratory Technician,1,20,8,3,8,3,3,3,3,Medium,0,Low,No Immediate Action,0
Research & Development,Healthcare Representative,3,8,7,7,7,3,3,2,4,Medium,0,Low,No Immediate Action,0
Sales,Sales Executive,2,2,2,2,0,3,3,3,1,Low,0,Low,No Immediate Action,1
Research & Development,Healthcare Representative,2,20,7,11,10,4,3,3,4,Medium,0,Low,No Immediate Action,0
Sales,Sales Executive,2,10,7,0,8,2,3,4,3,Medium,0,Low,No Immediate Action,0
Sales,Sales Executive,2,4,3,1,3,4,3,3,1,Low,0,Low,No Immediate Action,1
Research & Development,Healthcare Representative,2,9,7,1,8,4,3,4,2,Low,0,Low,No Immediate Action,0
Research & Development,Manufacturing Director,3,9,7,0,7,3,3,1,2,Low,0,Low,No Immediate Action,0
Research & Development,Research Director,3,7,7,7,7,6,3,4,4,Medium,0,Low,No Immediate Action,0
Sales,Sales Executive,2,7,7,1,7,2,3,1,3,Medium,0,Low,No Immediate Action,0
Sales,Sales Executive,3,18,13,1,12,2,4,1,3,Medium,0,Low,No Immediate Action,0
Research & Development,Research Director,4,5,1,1,3,3,3,3,0,Low,0,Low,No Immediate Action,0
Human Resources,Manager,5,21,6,12,6,2,3,4,5,Medium,0,Low,No Immediate Action,0
Sales,Sales Executive,2,2,2,2,2,1,3,1,2,Low,0,Low,No Immediate Action,0
Research & Development,Manufacturing Director,3,9,7,1,7,4,4,1,2,Low,0,Low,No Immediate Action,0
Human Resources,Manager,5,22,7,2,10,3,3,3,3,Medium,0,Low,No Immediate Action,0
Sales,Sales Representative,1,2,2,2,2,2,3,2,2,Low,0,Low,No Immediate Action,0
Research & Development,Research Scientist,1,7,7,3,7,4,3,2,3,Medium,0,Low,No Immediate Action,1
Research & Development,Research Director,3,8,7,0,5,2,3,1,3,Medium,0,Low,No Immediate Action,0
Research & Development,Manufacturing Director,3,1,0,0,0,4,3,3,0,Low,0,Low,No Immediate Action,0
Research & Development,Laboratory Technician,1,5,2,1,4,5,3,3,0,Low,0,Low,No Immediate Action,0
Sales,Sales Executive,4,22,2,11,13,2,3,3,3,Medium,0,Low,No Immediate Action,0
Sales,Sales Executive,2,8,7,7,7,2,4,4,5,Medium,0,Low,No Immediate Action,0
Sales,Sales Representative,1,1,0,0,0,6,3,3,0,Low,0,Low,No Immediate Action,0
Research & Development,Research Scientist,1,2,2,2,2,2,3,3,2,Low,0,Low,No Immediate Action,1
Sales,Sales Executive,2,2,2,2,2,5,3,4,1,Low,0,Low,No Immediate Action,0
Research & Development,Healthcare Representative,2,5,1,4,3,2,3,3,2,Low,0,Low,No Immediate Action,0
Research & Development,Laboratory Technician,1,4,3,0,2,2,3,1,2,Low,0,Low,No Immediate Action,0
Human Resources,Human Resources,2,8,3,3,6,3,3,2,2,Low,0,Low,No Immediate Action,0
Research & Development,Healthcare Representative,4,10,7,1,1,1,3,4,3,Medium,0,Low,No Immediate Action,0
Research & Development,Research Scientist,1,4,2,2,3,2,4,4,2,Low,0,Low,No Immediate Action,0
Research & Development,Healthcare Representative,2,7,6,0,7,2,3,1,3,Medium,0,Low,No Immediate Action,0
Sales,Sales Representative,1,2,2,2,2,2,3,2,2,Low,0,Low,No Immediate Action,0
Research & Development,Laboratory Technician,2,2,2,2,2,4,3,4,1,Low,0,Low,No Immediate Action,0
Research & Development,Healthcare Representative,2,1,0,0,0,2,3,1,1,Low,0,Low,No Immediate Action,0
Research & Development,Laboratory Technician,2,10,8,4,7,2,3,4,4,Medium,0,Low,No Immediate Action,0
Research & Development,Research Scientist,1,1,0,0,1,0,3,3,2,Low,0,Low,No Immediate Action,0
Research & Development,Manufacturing Director,2,0,0,0,0,3,3,1,0,Low,0,Low,No Immediate Action,0
Sales,Manager,4,34,6,1,16,3,3,1,2,Low,0,Low,No Immediate Action,0
Research & Development,Research Scientist,1,10,9,7,8,2,3,4,5,Medium,0,Low,No Immediate Action,1
Sales,Sales Executive,2,6,5,1,4,5,4,4,1,Low,0,Low,No Immediate Action,0
Sales,Sales Representative,2,8,7,3,1,3,3,3,3,Medium,0,Low,No Immediate Action,0
Research & Development,Research Scientist,1,2,2,0,2,3,3,3,0,Low,0,Low,No Immediate Action,0
Sales,Sales Executive,2,5,4,1,3,2,3,3,2,Low,0,Low,No Immediate Action,1
Sales,Sales Executive,2,6,5,1,4,5,4,4,1,Low,0,Low,No Immediate Action,0
Research & Development,Manager,5,5,2,1,4,2,3,1,1,Low,0,Low,No Immediate Action,1
Sales,Sales Executive,3,10,7,0,9,1,3,1,3,Medium,0,Low,No Immediate Action,0
Research & Development,Research Scientist,1,4,3,1,2,3,3,4,1,Low,0,Low,No Immediate Action,0
Research & Development,Laboratory Technician,1,2,2,2,0,2,3,4,2,Low,0,Low,No Immediate Action,0
Research & Development,Healthcare Representative,2,8,7,1,1,3,3,3,2,Low,0,Low,No Immediate Action,0
Sales,Sales Executive,2,4,3,1,2,2,3,1,2,Low,0,Low,No Immediate Action,1
Research & Development,Research Scientist,1,4,2,1,3,2,3,4,1,Low,0,Low,No Immediate Action,0
Research & Development,Manufacturing Director,2,5,3,1,4,4,3,1,1,Low,0,Low,No Immediate Action,0
Sales,Sales Executive,2,4,2,1,1,3,3,4,0,Low,0,Low,No Immediate Action,0
Research & Development,Research Scientist,1,5,3,4,3,3,3,1,2,Low,0,Low,No Immediate Action,0
Research & Development,Manufacturing Director,2,15,7,4,12,2,3,1,4,Medium,0,Low,No Immediate Action,0
Research & Development,Research Scientist,1,6,5,1,3,3,3,1,1,Low,0,Low,No Immediate Action,0
Sales,Sales Representative,1,3,2,0,2,1,3,4,1,Low,0,Low,No Immediate Action,0
Research & Development,Laboratory Technician,1,2,2,0,2,2,4,3,1,Low,0,Low,No Immediate Action,0
Research & Development,Healthcare Representative,2,8,7,3,7,2,4,2,4,Medium,0,Low,No Immediate Action,0
Sales,Sales Executive,2,3,2,1,2,1,3,1,1,Low,0,Low,No Immediate Action,0
Research & Development,Manager,5,24,7,14,9,4,3,4,4,Medium,0,Low,No Immediate Action,0
Research & Development,Laboratory Technician,1,0,0,0,0,2,4,1,1,Low,0,Low,No Immediate Action,1
Research & Development,Laboratory Technician,1,1,0,0,0,4,3,2,0,Low,0,Low,No Immediate Action,0
Research & Development,Laboratory Technician,2,5,2,1,4,3,4,3,0,Low,0,Low,No Immediate Action,0
Research & Development,Research Director,4,4,3,0,3,3,3,3,1,Low,0,Low,No Immediate Action,0
Research & Development,Laboratory Technician,1,1,0,0,0,1,3,1,1,Low,0,Low,No Immediate Action,1
Research & Development,Research Director,3,13,9,3,7,3,3,3,3,Medium,0,Low,No Immediate Action,0
Sales,Sales Executive,2,3,2,0,2,3,3,1,0,Low,0,Low,No Immediate Action,1
Research & Development,Manager,4,26,14,3,0,3,3,4,3,Medium,0,Low,No Immediate Action,0
Research & Development,Manufacturing Director,2,9,7,0,5,2,3,2,3,Medium,0,Low,No Immediate Action,0
Research & Development,Research Scientist,1,10,7,0,7,3,4,3,2,Low,0,Low,No Immediate Action,0
Research & Development,Research Director,5,31,15,13,8,2,3,2,5,Medium,0,Low,No Immediate Action,1
Research & Development,Research Scientist,1,2,2,2,2,0,3,3,3,Medium,0,Low,No Immediate Action,0
Research & Development,Manufacturing Director,2,4,3,0,2,4,3,4,1,Low,0,Low,No Immediate Action,0
Research & Development,Research Scientist,1,2,2,2,1,3,3,3,1,Low,0,Low,No Immediate Action,1
Human Resources,Human Resources,1,5,2,0,4,2,3,2,1,Low,0,Low,No Immediate Action,0
Research & Development,Manufacturing Director,2,14,13,6,8,3,3,3,4,Medium,0,Low,No Immediate Action,0
Research & Development,Laboratory Technician,2,1,0,0,0,6,3,3,0,Low,0,Low,No Immediate Action,0
Research & Development,Manufacturing Director,2,0,0,0,0,4,4,4,0,Low,0,Low,No Immediate Action,0
Research & Development,Research Scientist,1,1,0,0,0,3,3,3,0,Low,0,Low,No Immediate Action,0
Research & Development,Manufacturing Director,2,9,8,7,8,3,3,2,4,Medium,0,Low,No Immediate Action,0
Research & Development,Healthcare Representative,2,4,3,1,2,3,3,1,1,Low,0,Low,No Immediate Action,0
Research & Development,Research Scientist,1,5,2,1,3,3,3,4,0,Low,0,Low,No Immediate Action,0
Sales,Sales Executive,3,9,8,7,7,3,3,4,4,Medium,0,Low,No Immediate Action,1
Sales,Sales Executive,2,9,7,7,3,3,3,4,4,Medium,0,Low,No Immediate Action,1
Research & Development,Research Director,4,4,1,1,0,3,4,1,0,Low,0,Low,No Immediate Action,0
Research & Development,Research Director,3,9,8,0,8,3,3,4,2,Low,0,Low,No Immediate Action,0
Research & Development,Manufacturing Director,3,8,5,1,6,3,4,3,1,Low,0,Low,No Immediate Action,0
Sales,Sales Executive,2,8,7,7,5,2,4,2,5,Medium,0,Low,No Immediate Action,0
Human Resources,Human Resources,1,3,2,0,2,1,3,4,1,Low,0,Low,No Immediate Action,0
Research & Development,Research Scientist,1,8,7,1,7,2,3,3,3,Medium,0,Low,No Immediate Action,1
Research & Development,Research Scientist,1,0,0,0,0,6,3,4,0,Low,0,Low,No Immediate Action,0
Sales,Manager,4,20,6,4,17,2,3,3,4,Medium,0,Low,No Immediate Action,0
Research & Development,Healthcare Representative,2,5,2,2,3,2,3,2,2,Low,0,Low,No Immediate Action,0
Research & Development,Research Scientist,1,4,3,0,1,3,3,1,1,Low,0,Low,No Immediate Action,0
Sales,Sales Executive,2,9,8,0,8,5,4,1,2,Low,0,Low,No Immediate Action,0
Research & Development,Research Scientist,1,6,5,1,1,3,3,1,1,Low,0,Low,No Immediate Action,0
Sales,Sales Executive,2,18,14,4,11,1,3,4,4,Medium,0,Low,No Immediate Action,0
Sales,Sales Executive,2,5,2,0,3,3,3,4,0,Low,0,Low,No Immediate Action,0
Research & Development,Research Scientist,1,5,4,0,3,3,3,4,1,Low,0,Low,No Immediate Action,0
Sales,Sales Executive,3,5,2,0,4,3,3,4,0,Low,0,Low,No Immediate Action,0
Sales,Sales Executive,3,5,4,0,2,2,3,1,2,Low,0,Low,No Immediate Action,0
Research & Development,Research Scientist,2,5,3,1,3,3,3,3,1,Low,0,Low,No Immediate Action,0
Research & Development,Manufacturing Director,4,9,8,0,0,3,4,4,2,Low,0,Low,No Immediate Action,0
Sales,Sales Executive,2,1,0,0,0,2,3,3,1,Low,0,Low,No Immediate Action,0
Human Resources,Human Resources,1,5,1,0,4,6,3,4,0,Low,0,Low,No Immediate Action,0
Research & Development,Manufacturing Director,2,2,2,2,2,2,4,4,2,Low,0,Low,No Immediate Action,0
Research & Development,Laboratory Technician,1,3,2,0,2,2,4,4,1,Low,0,Low,No Immediate Action,0
Research & Development,Research Scientist,1,2,1,2,2,2,3,4,2,Low,0,Low,No Immediate Action,0
Human Resources,Human Resources,1,5,4,0,3,3,4,1,1,Low,0,Low,No Immediate Action,0
Sales,Sales Executive,2,5,3,0,3,3,3,1,1,Low,0,Low,No Immediate Action,0
Research & Development,Manufacturing Director,3,17,14,5,15,2,4,3,5,Medium,0,Low,No Immediate Action,0
Research & Development,Research Scientist,1,10,2,7,8,3,3,2,2,Low,0,Low,No Immediate Action,1
Research & Development,Laboratory Technician,1,3,0,0,2,2,3,4,1,Low,0,Low,No Immediate Action,0
Sales,Sales Executive,2,5,2,0,3,1,3,1,1,Low,0,Low,No Immediate Action,0
Research & Development,Research Scientist,1,4,2,0,2,2,3,1,1,Low,0,Low,No Immediate Action,0
Research & Development,Laboratory Technician,1,5,2,3,4,2,3,4,2,Low,0,Low,No Immediate Action,0
Sales,Sales Executive,2,10,8,5,3,3,3,2,4,Medium,0,Low,No Immediate Action,0
Sales,Sales Representative,1,2,2,1,2,3,3,2,0,Low,0,Low,No Immediate Action,0
Research & Development,Laboratory Technician,2,5,3,1,3,1,3,4,2,Low,0,Low,No Immediate Action,0
Research & Development,Research Scientist,1,6,4,0,2,2,3,4,2,Low,0,Low,No Immediate Action,0
Sales,Sales Representative,1,3,2,0,2,3,3,3,0,Low,0,Low,No Immediate Action,1
Sales,Sales Executive,4,2,0,2,2,3,3,4,1,Low,0,Low,No Immediate Action,0
Research & Development,Manufacturing Director,3,13,10,4,8,2,3,2,4,Medium,0,Low,No Immediate Action,0
Sales,Sales Representative,1,5,4,0,0,3,3,4,1,Low,0,Low,No Immediate Action,0
Research & Development,Research Director,4,12,9,3,8,0,3,4,5,Medium,0,Low,No Immediate Action,0
Research & Development,Healthcare Representative,2,5,2,2,2,2,3,4,2,Low,0,Low,No Immediate Action,0
Sales,Sales Executive,2,7,6,7,7,2,4,4,5,Medium,0,Low,No Immediate Action,0
Sales,Sales Executive,3,10,0,0,9,2,3,2,1,Low,0,Low,No Immediate Action,0
Research & Development,Manager,4,31,6,14,7,3,3,1,4,Medium,0,Low,No Immediate Action,0
Human Resources,Human Resources,2,5,4,0,4,2,3,4,2,Low,0,Low,No Immediate Action,0
Human Resources,Human Resources,1,4,3,0,3,4,3,2,1,Low,0,Low,No Immediate Action,0
Research & Development,Laboratory Technician,1,1,0,0,1,2,4,4,1,Low,0,Low,No Immediate Action,1
Research & Development,Laboratory Technician,1,4,3,0,3,5,3,4,1,Low,0,Low,No Immediate Action,0
Research & Development,Research Scientist,1,8,7,7,1,0,3,1,6,High,0,Low,No Immediate Action,0
Sales,Sales Executive,2,4,2,0,2,3,3,4,0,Low,0,Low,No Immediate Action,0
Research & Development,Laboratory Technician,1,1,0,0,0,3,3,4,0,Low,0,Low,No Immediate Action,1
Research & Development,Manufacturing Director,2,1,0,0,0,2,4,2,1,Low,0,Low,No Immediate Action,0
Sales,Sales Representative,1,2,2,0,2,3,3,3,0,Low,0,Low,No Immediate Action,1
Research & Development,Research Scientist,1,1,0,0,0,3,3,4,0,Low,0,Low,No Immediate Action,1
Research & Development,Healthcare Representative,2,16,8,4,11,2,3,4,4,Medium,0,Low,No Immediate Action,0
Sales,Sales Representative,1,3,2,1,2,3,3,4,0,Low,0,Low,No Immediate Action,0
Research & Development,Manufacturing Director,2,3,2,0,2,3,3,3,0,Low,0,Low,No Immediate Action,1
Research & Development,Laboratory Technician,1,7,7,1,0,1,3,4,3,Medium,0,Low,No Immediate Action,1
Research & Development,Research Scientist,1,2,2,2,2,2,3,3,2,Low,0,Low,No Immediate Action,0
Research & Development,Laboratory Technician,1,2,2,2,2,2,4,1,2,Low,0,Low,No Immediate Action,1
Research & Development,Research Scientist,1,1,1,0,0,2,3,3,1,Low,0,Low,No Immediate Action,0
Research & Development,Laboratory Technician,1,1,0,1,0,3,3,2,0,Low,0,Low,No Immediate Action,0
Sales,Sales Executive,2,5,4,0,3,6,3,3,1,Low,0,Low,No Immediate Action,0
Research & Development,Research Scientist,1,3,2,0,2,1,3,1,1,Low,0,Low,No Immediate Action,0
Research & Development,Healthcare Representative,3,6,0,0,4,3,3,2,0,Low,0,Low,No Immediate Action,0
Sales,Sales Representative,1,7,7,5,2,2,3,3,5,Medium,0,Low,No Immediate Action,0
Research & Development,Healthcare Representative,2,10,6,0,7,2,4,4,3,Medium,0,Low,No Immediate Action,0
Research & Development,Laboratory Technician,3,26,9,1,7,3,3,2,2,Low,0,Low,No Immediate Action,0
Research & Development,Research Scientist,1,0,0,0,0,2,3,3,1,Low,0,Low,No Immediate Action,0
Sales,Sales Executive,2,9,8,0,0,2,3,3,3,Medium,0,Low,No Immediate Action,0
Research & Development,Research Scientist,1,6,2,0,1,6,3,4,0,Low,0,Low,No Immediate Action,0
Research & Development,Research Director,3,15,12,5,11,3,3,1,4,Medium,0,Low,No Immediate Action,0
Research & Development,Laboratory Technician,1,3,0,0,2,3,4,2,0,Low,0,Low,No Immediate Action,0
Sales,Sales Representative,1,1,0,0,0,2,3,2,1,Low,0,Low,No Immediate Action,1
Sales,Sales Executive,3,1,0,0,0,2,3,2,1,Low,0,Low,No Immediate Action,0
Sales,Sales Executive,2,7,7,0,7,2,3,1,3,Medium,0,Low,No Immediate Action,0
Research & Development,Laboratory Technician,1,18,13,2,17,3,3,1,3,Medium,0,Low,No Immediate Action,0
Research & Development,Laboratory Technician,1,11,8,3,9,6,4,3,3,Medium,0,Low,No Immediate Action,0
Sales,Sales Representative,1,1,0,0,0,3,3,2,0,Low,0,Low,No Immediate Action,1
Research & Development,Laboratory Technician,1,1,0,0,0,2,3,1,1,Low,0,Low,No Immediate Action,1
Research & Development,Healthcare Representative,2,9,7,8,5,2,3,4,5,Medium,0,Low,No Immediate Action,0
Research & Development,Research Scientist,1,1,1,0,0,2,3,2,1,Low,0,Low,No Immediate Action,0
Research & Development,Manufacturing Director,2,8,7,6,3,2,3,1,5,Medium,0,Low,No Immediate Action,0
Sales,Sales Executive,3,16,7,3,7,6,3,4,3,Medium,0,Low,No Immediate Action,1
Research & Development,Healthcare Representative,2,5,0,1,4,3,3,4,0,Low,0,Low,No Immediate Action,0
Sales,Sales Executive,3,14,1,11,7,2,3,3,3,Medium,0,Low,No Immediate Action,1
Research & Development,Laboratory Technician,2,9,7,0,8,5,3,2,2,Low,0,Low,No Immediate Action,0
Sales,Sales Representative,1,3,1,0,2,5,3,4,0,Low,0,Low,No Immediate Action,0
Sales,Sales Executive,2,5,2,1,0,3,3,3,0,Low,0,Low,No Immediate Action,0
Research & Development,Manager,4,9,8,7,8,2,3,4,5,Medium,0,Low,No Immediate Action,0
Research & Development,Research Scientist,1,1,0,0,0,4,4,3,0,Low,0,Low,No Immediate Action,1
Sales,Manager,4,17,13,15,2,3,3,3,4,Medium,0,Low,No Immediate Action,0
Sales,Sales Executive,3,8,4,7,7,2,3,3,4,Medium,0,Low,No Immediate Action,0
Sales,Sales Executive,2,5,3,1,3,1,3,4,2,Low,0,Low,No Immediate Action,0
Sales,Sales Executive,3,10,9,0,8,2,3,4,3,Medium,0,Low,No Immediate Action,0
Sales,Sales Executive,3,8,7,0,7,3,3,3,2,Low,0,Low,No Immediate Action,0
Sales,Sales Executive,4,1,0,0,0,2,3,2,1,Low,0,Low,No Immediate Action,1
Research & Development,Manufacturing Director,2,19,10,2,7,3,3,3,3,Medium,0,Low,No Immediate Action,0
Sales,Sales Executive,2,7,7,0,7,3,3,4,2,Low,0,Low,No Immediate Action,0
Research & Development,Research Scientist,1,3,2,1,2,0,4,1,2,Low,0,Low,No Immediate Action,1
Sales,Manager,4,10,8,6,0,2,3,3,5,Medium,0,Low,No Immediate Action,0
Research & Development,Research Scientist,1,0,0,0,0,5,4,1,0,Low,0,Low,No Immediate Action,1
Research & Development,Research Scientist,1,3,2,0,2,4,3,4,0,Low,0,Low,No Immediate Action,0
Research & Development,Laboratory Technician,1,5,3,0,2,2,3,4,2,Low,0,Low,No Immediate Action,0
Research & Development,Research Director,4,5,4,1,3,1,4,4,2,Low,0,Low,No Immediate Action,0
Research & Development,Healthcare Representative,2,6,5,1,2,2,3,2,2,Low,0,Low,No Immediate Action,0
Research & Development,Research Director,5,18,16,0,11,2,3,3,3,Medium,0,Low,No Immediate Action,0
Research & Development,Laboratory Technician,1,2,2,2,2,2,3,2,2,Low,0,Low,No Immediate Action,0
Research & Development,Laboratory Technician,2,9,8,0,8,2,3,1,3,Medium,0,Low,No Immediate Action,0
Sales,Sales Executive,2,9,0,0,7,0,3,4,2,Low,0,Low,No Immediate Action,0
Research & Development,Research Scientist,1,5,2,0,1,2,3,3,1,Low,0,Low,No Immediate Action,1
Research & Development,Manufacturing Director,4,12,11,1,5,2,3,3,3,Medium,0,Low,No Immediate Action,0
Research & Development,Research Scientist,1,2,1,0,2,0,3,3,2,Low,0,Low,No Immediate Action,0
Research & Development,Manufacturing Director,3,8,7,0,7,3,3,3,2,Low,0,Low,No Immediate Action,0
Research & Development,Manufacturing Director,2,4,2,3,2,6,3,3,1,Low,0,Low,No Immediate Action,0
Research & Development,Laboratory Technician,1,4,2,0,2,2,4,2,1,Low,0,Low,No Immediate Action,1
Research & Development,Manufacturing Director,2,4,3,0,3,1,3,1,2,Low,0,Low,No Immediate Action,0
Research & Development,Research Scientist,1,0,0,0,0,2,3,4,1,Low,0,Low,No Immediate Action,0
Research & Development,Manufacturing Director,3,10,7,0,8,2,3,3,3,Medium,0,Low,No Immediate Action,0
Research & Development,Healthcare Representative,3,16,10,10,1,3,3,3,4,Medium,0,Low,No Immediate Action,0
Research & Development,Research Director,3,8,7,1,7,4,3,1,2,Low,0,Low,No Immediate Action,0
Research & Development,Research Scientist,1,1,0,0,0,2,3,1,1,Low,0,Low,No Immediate Action,1
Research & Development,Laboratory Technician,1,3,2,1,2,3,3,2,0,Low,0,Low,No Immediate Action,1
Research & Development,Manufacturing Director,2,8,7,1,3,2,3,4,3,Medium,0,Low,No Immediate Action,0
Research & Development,Laboratory Technician,1,4,3,1,1,3,3,1,1,Low,0,Low,No Immediate Action,0
Research & Development,Healthcare Representative,2,2,2,2,2,0,3,3,3,Medium,0,Low,No Immediate Action,0
Research & Development,Healthcare Representative,3,15,11,4,8,3,3,3,3,Medium,0,Low,No Immediate Action,0
Research & Development,Manufacturing Director,2,2,2,2,1,6,3,3,1,Low,0,Low,No Immediate Action,0
Research & Development,Manufacturing Director,4,21,6,11,8,3,3,4,4,Medium,0,Low,No Immediate Action,0
Research & Development,Manufacturing Director,2,3,2,2,2,2,3,4,2,Low,0,Low,No Immediate Action,0
Research & Development,Laboratory Technician,1,3,2,1,2,4,4,4,0,Low,0,Low,No Immediate Action,0
Sales,Manager,5,1,0,0,0,3,3,3,0,Low,0,Low,No Immediate Action,0
Research & Development,Laboratory Technician,1,1,0,0,0,5,3,4,0,Low,0,Low,No Immediate Action,0
Research & Development,Manufacturing Director,4,5,3,4,3,4,3,4,2,Low,0,Low,No Immediate Action,0
Research & Development,Healthcare Representative,2,1,0,0,0,2,3,2,1,Low,0,Low,No Immediate Action,1
Research & Development,Healthcare Representative,2,8,7,6,7,3,3,2,4,Medium,0,Low,No Immediate Action,0
Research & Development,Research Director,5,21,16,5,10,3,4,3,4,Medium,0,Low,No Immediate Action,0
Sales,Sales Executive,2,1,0,0,0,1,3,4,1,Low,0,Low,No Immediate Action,0
Sales,Sales Executive,2,2,2,2,2,6,3,1,1,Low,0,Low,No Immediate Action,1
Sales,Manager,5,32,14,6,9,3,3,4,4,Medium,0,Low,No Immediate Action,1
Sales,Sales Executive,4,12,11,11,11,2,3,4,5,Medium,0,Low,No Immediate Action,0
Sales,Sales Executive,2,18,7,0,13,3,3,3,2,Low,0,Low,No Immediate Action,0
Research & Development,Laboratory Technician,1,17,13,15,14,1,3,1,5,Medium,0,Low,No Immediate Action,1
Research & Development,Manufacturing Director,3,21,6,2,8,2,3,1,4,Medium,0,Low,No Immediate Action,0
Sales,Sales Representative,1,2,2,2,2,2,3,4,2,Low,0,Low,No Immediate Action,0
Sales,Manager,4,9,3,1,1,4,3,4,1,Low,0,Low,No Immediate Action,0
Research & Development,Laboratory Technician,1,8,7,7,7,2,3,3,5,Medium,0,Low,No Immediate Action,0
Sales,Sales Executive,2,15,1,0,9,2,3,4,1,Low,0,Low,No Immediate Action,0
Sales,Manager,3,6,4,0,4,1,3,4,2,Low,0,Low,No Immediate Action,0
Human Resources,Human Resources,1,6,3,0,4,3,3,2,1,Low,0,Low,No Immediate Action,0
Sales,Sales Executive,3,15,7,6,12,2,3,2,5,Medium,0,Low,No Immediate Action,0
Research & Development,Laboratory Technician,2,1,0,0,0,3,3,3,0,Low,0,Low,No Immediate Action,1
Research & Development,Research Scientist,1,3,2,1,2,2,3,1,1,Low,0,Low,No Immediate Action,1
Sales,Sales Representative,1,1,1,0,0,2,3,3,1,Low,0,Low,No Immediate Action,0
Sales,Sales Representative,1,1,0,0,0,5,4,2,0,Low,0,Low,No Immediate Action,0
Research & Development,Research Scientist,1,2,2,2,2,2,3,3,2,Low,0,Low,No Immediate Action,0
Research & Development,Research Director,5,8,1,7,7,2,3,3,3,Medium,0,Low,No Immediate Action,0
Research & Development,Healthcare Representative,2,4,3,0,1,3,3,2,1,Low,0,Low,No Immediate Action,0
Sales,Sales Executive,2,7,7,7,5,3,3,1,4,Medium,0,Low,No Immediate Action,0
Research & Development,Research Scientist,1,5,3,1,3,5,3,3,1,Low,0,Low,No Immediate Action,0
Research & Development,Research Director,5,2,2,2,2,0,3,4,3,Medium,0,Low,No Immediate Action,0
Sales,Sales Executive,3,9,4,7,0,4,3,3,3,Medium,0,Low,No Immediate Action,0
Research & Development,Research Scientist,1,5,4,0,3,4,3,3,1,Low,0,Low,No Immediate Action,0
Research & Development,Manufacturing Director,3,14,8,7,8,2,3,4,5,Medium,0,Low,No Immediate Action,0
Research & Development,Manager,4,9,7,6,2,3,3,1,4,Medium,0,Low,No Immediate Action,0
Sales,Sales Executive,3,1,0,0,0,5,3,4,0,Low,0,Low,No Immediate Action,0
Sales,Sales Representative,1,2,2,0,2,3,3,4,0,Low,0,Low,No Immediate Action,1
Research & Development,Laboratory Technician,1,1,0,1,0,6,3,1,0,Low,0,Low,No Immediate Action,1
Research & Development,Research Scientist,2,16,13,1,7,2,4,1,3,Medium,0,Low,No Immediate Action,0
Research & Development,Research Scientist,1,10,0,2,7,2,3,3,2,Low,0,Low,No Immediate Action,1
Research & Development,Healthcare Representative,3,10,7,1,9,2,3,1,3,Medium,0,Low,No Immediate Action,1
Research & Development,Laboratory Technician,1,5,3,1,3,2,3,1,2,Low,0,Low,No Immediate Action,0
Research & Development,Manufacturing Director,2,6,2,0,2,1,3,1,1,Low,0,Low,No Immediate Action,0
Research & Development,Research Scientist,1,10,6,0,8,3,3,3,2,Low,0,Low,No Immediate Action,0
Research & Development,Healthcare Representative,3,19,9,1,9,4,3,3,2,Low,0,Low,No Immediate Action,0
Research & Development,Healthcare Representative,3,11,10,11,1,6,4,4,4,Medium,0,Low,No Immediate Action,0
Research & Development,Laboratory Technician,1,3,2,1,2,4,3,3,0,Low,0,Low,No Immediate Action,0
Research & Development,Manufacturing Director,3,3,2,1,2,4,3,2,0,Low,0,Low,No Immediate Action,0
Research & Development,Research Scientist,2,8,7,1,7,4,3,3,2,Low,0,Low,No Immediate Action,0
Human Resources,Human Resources,3,20,6,3,6,1,3,1,4,Medium,0,Low,No Immediate Action,1
Research & Development,Healthcare Representative,3,3,2,1,2,2,3,4,1,Low,0,Low,No Immediate Action,0
Sales,Sales Executive,3,8,7,4,7,2,4,1,4,Medium,0,Low,No Immediate Action,1
Research & Development,Research Scientist,2,13,7,3,8,4,4,3,3,Medium,0,Low,No Immediate Action,1
Research & Development,Laboratory Technician,1,4,2,2,2,5,3,3,1,Low,0,Low,No Immediate Action,0
Research & Development,Healthcare Representative,2,6,2,0,4,1,3,4,1,Low,0,Low,No Immediate Action,0
Sales,Sales Executive,2,1,0,0,0,5,3,4,0,Low,0,Low,No Immediate Action,0
Research & Development,Laboratory Technician,1,7,7,5,6,3,3,4,4,Medium,0,Low,No Immediate Action,1
Research & Development,Laboratory Technician,1,1,1,0,0,0,4,3,2,Low,0,Low,No Immediate Action,1
Research & Development,Research Scientist,1,2,2,2,2,0,4,2,3,Medium,0,Low,No Immediate Action,1
Research & Development,Manager,4,22,6,13,7,3,3,1,4,Medium,0,Low,No Immediate Action,0
Research & Development,Laboratory Technician,1,1,0,0,0,2,3,2,1,Low,0,Low,No Immediate Action,1
Sales,Sales Executive,2,0,0,0,0,4,3,3,0,Low,0,Low,No Immediate Action,1
Sales,Sales Executive,2,3,2,0,2,3,3,2,0,Low,0,Low,No Immediate Action,0
Research & Development,Research Scientist,1,0,0,0,0,2,3,4,1,Low,0,Low,No Immediate Action,0
Research & Development,Manager,4,5,4,2,1,3,4,4,2,Low,0,Low,No Immediate Action,0
Sales,Sales Executive,2,15,10,4,12,2,3,3,4,Medium,0,Low,No Immediate Action,0
Research & Development,Healthcare Representative,3,8,6,4,0,4,3,2,3,Medium,0,Low,No Immediate Action,0
Sales,Sales Executive,3,8,7,2,7,2,3,3,4,Medium,0,Low,No Immediate Action,0
Research & Development,Research Scientist,1,7,5,1,7,1,4,4,2,Low,0,Low,No Immediate Action,0
Research & Development,Manufacturing Director,3,9,7,1,7,3,3,2,2,Low,0,Low,No Immediate Action,0
Sales,Manager,4,12,9,4,9,3,3,3,3,Medium,0,Low,No Immediate Action,0
Sales,Sales Executive,3,1,0,0,0,2,3,2,1,Low,0,Low,No Immediate Action,0
Research & Development,Manufacturing Director,3,8,7,0,1,1,3,1,3,Medium,0,Low,No Immediate Action,0
Research & Development,Healthcare Representative,4,18,7,11,5,4,3,4,4,Medium,0,Low,No Immediate Action,1
Research & Development,Research Director,5,20,7,4,9,2,3,3,4,Medium,0,Low,No Immediate Action,0
Research & Development,Research Scientist,1,2,2,2,2,6,3,2,1,Low,0,Low,No Immediate Action,0
Research & Development,Laboratory Technician,2,5,4,0,3,2,3,2,2,Low,0,Low,No Immediate Action,0
Research & Development,Manufacturing Director,2,11,9,0,9,0,4,4,4,Medium,0,Low,No Immediate Action,0
Sales,Sales Representative,1,2,2,2,2,4,3,4,1,Low,0,Low,No Immediate Action,0
Research & Development,Research Scientist,1,5,3,0,4,2,3,2,2,Low,0,Low,No Immediate Action,0
Sales,Sales Executive,2,5,2,0,2,3,3,4,0,Low,0,Low,No Immediate Action,0
Sales,Sales Executive,4,9,8,2,3,3,3,2,3,Medium,0,Low,No Immediate Action,0
Research & Development,Manufacturing Director,2,3,2,0,2,3,3,3,0,Low,0,Low,No Immediate Action,0
Research & Development,Research Scientist,1,7,5,1,1,2,3,2,2,Low,0,Low,No Immediate Action,0
Research & Development,Laboratory Technician,2,1,0,0,0,3,3,4,0,Low,0,Low,No Immediate Action,0
Research & Development,Manufacturing Director,2,10,7,1,2,2,3,4,3,Medium,0,Low,No Immediate Action,0
Human Resources,Human Resources,1,7,6,5,0,2,3,3,5,Medium,0,Low,No Immediate Action,0
Research & Development,Research Scientist,1,3,1,0,2,2,3,3,1,Low,0,Low,No Immediate Action,0
Research & Development,Laboratory Technician,1,0,0,0,0,0,3,3,2,Low,0,Low,No Immediate Action,1
Sales,Sales Executive,2,5,2,0,3,3,3,1,0,Low,0,Low,No Immediate Action,1
Research & Development,Laboratory Technician,1,1,0,0,0,4,3,4,0,Low,0,Low,No Immediate Action,0
Research & Development,Laboratory Technician,1,2,2,2,2,5,3,3,1,Low,0,Low,No Immediate Action,1
Research & Development,Healthcare Representative,2,6,2,1,3,2,3,4,1,Low,0,Low,No Immediate Action,0
Research & Development,Research Scientist,1,4,2,2,2,0,3,3,3,Medium,0,Low,No Immediate Action,0
Sales,Sales Executive,2,6,5,1,3,3,4,3,1,Low,0,Low,No Immediate Action,0
Human Resources,Human Resources,1,5,4,1,4,2,3,3,2,Low,0,Low,No Immediate Action,0
Sales,Sales Executive,3,11,8,3,10,3,3,1,3,Medium,0,Low,No Immediate Action,1
Research & Development,Research Director,3,18,7,2,13,3,3,3,3,Medium,0,Low,No Immediate Action,0
Sales,Sales Executive,4,21,9,13,14,2,3,1,5,Medium,0,Low,No Immediate Action,1
Sales,Sales Executive,2,6,4,1,5,3,3,1,1,Low,0,Low,No Immediate Action,0
Research & Development,Laboratory Technician,1,8,0,1,7,2,3,3,1,Low,0,Low,No Immediate Action,0
Research & Development,Laboratory Technician,1,4,3,1,2,2,4,2,2,Low,0,Low,No Immediate Action,0
Research & Development,Laboratory Technician,1,1,1,0,0,4,3,4,0,Low,0,Low,No Immediate Action,1
Research & Development,Laboratory Technician,1,8,7,0,7,2,4,4,3,Medium,0,Low,No Immediate Action,0
Sales,Sales Executive,2,10,3,1,4,3,3,3,1,Low,0,Low,No Immediate Action,0
Research & Development,Research Scientist,2,1,1,0,0,3,3,4,0,Low,0,Low,No Immediate Action,0
Research & Development,Manufacturing Director,3,7,7,6,4,2,3,2,5,Medium,0,Low,No Immediate Action,0
Research & Development,Healthcare Representative,2,13,9,4,9,3,4,1,3,Medium,0,Low,No Immediate Action,0
Research & Development,Laboratory Technician,1,2,2,2,2,2,3,4,2,Low,0,Low,No Immediate Action,0
Sales,Sales Executive,2,4,3,1,3,2,3,3,2,Low,0,Low,No Immediate Action,1
Sales,Sales Representative,1,1,0,0,0,3,3,1,0,Low,0,Low,No Immediate Action,0
Research & Development,Manager,5,5,2,4,2,2,3,1,2,Low,0,Low,No Immediate Action,0
Research & Development,Laboratory Technician,1,10,8,0,8,5,3,4,2,Low,0,Low,No Immediate Action,0
Research & Development,Research Scientist,1,1,1,0,0,4,4,1,0,Low,0,Low,No Immediate Action,0
Research & Development,Research Scientist,1,3,2,0,2,2,3,3,1,Low,0,Low,No Immediate Action,0
Research & Development,Manufacturing Director,2,14,8,3,11,2,3,4,4,Medium,0,Low,No Immediate Action,0
Research & Development,Laboratory Technician,1,2,2,1,2,2,3,3,1,Low,0,Low,No Immediate Action,0
Research & Development,Research Scientist,1,6,4,0,2,4,3,3,1,Low,0,Low,No Immediate Action,1
Research & Development,Manager,5,7,7,4,7,6,3,3,3,Medium,0,Low,No Immediate Action,0
Research & Development,Research Scientist,1,5,4,1,3,2,3,4,2,Low,0,Low,No Immediate Action,0
Research & Development,Research Scientist,1,0,0,0,0,5,3,4,0,Low,0,Low,No Immediate Action,1
Sales,Manager,4,26,15,15,9,2,4,1,5,Medium,0,Low,No Immediate Action,0
Research & Development,Research Scientist,1,0,0,0,0,3,3,3,0,Low,0,Low,No Immediate Action,0
Human Resources,Human Resources,1,5,4,1,4,2,3,3,2,Low,0,Low,No Immediate Action,0
Research & Development,Research Scientist,1,1,0,0,0,2,3,1,1,Low,0,Low,No Immediate Action,1
Sales,Sales Executive,2,4,3,0,3,3,3,1,1,Low,0,Low,No Immediate Action,0
Sales,Sales Executive,2,0,0,0,0,2,3,2,1,Low,0,Low,No Immediate Action,0
Research & Development,Manager,4,2,2,2,2,3,4,1,1,Low,0,Low,No Immediate Action,0
Research & Development,Laboratory Technician,1,6,5,3,3,2,3,1,3,Medium,0,Low,No Immediate Action,0
Research & Development,Research Director,5,4,2,0,3,2,3,2,1,Low,0,Low,No Immediate Action,0
Sales,Sales Executive,2,7,7,1,7,2,3,1,3,Medium,0,Low,No Immediate Action,0
Research & Development,Laboratory Technician,1,1,0,0,0,3,3,2,0,Low,0,Low,No Immediate Action,1
Sales,Sales Executive,2,10,7,0,1,3,3,3,2,Low,0,Low,No Immediate Action,0
Research & Development,Laboratory Technician,1,7,7,1,7,4,3,3,2,Low,0,Low,No Immediate Action,0
Research & Development,Laboratory Technician,2,10,7,8,9,4,3,3,4,Medium,0,Low,No Immediate Action,0
Research & Development,Research Scientist,2,20,11,13,17,3,4,4,4,Medium,0,Low,No Immediate Action,0
Sales,Sales Representative,1,2,1,2,2,2,3,4,2,Low,0,Low,No Immediate Action,0
Research & Development,Manufacturing Director,2,6,3,1,4,3,3,4,1,Low,0,Low,No Immediate Action,0
Human Resources,Human Resources,2,4,3,0,3,3,3,1,1,Low,0,Low,No Immediate Action,0
Sales,Sales Executive,2,11,7,1,9,3,3,4,2,Low,0,Low,No Immediate Action,0
Research & Development,Laboratory Technician,1,2,2,2,2,2,4,2,2,Low,0,Low,No Immediate Action,0
Research & Development,Research Scientist,2,8,7,0,7,2,3,3,3,Medium,0,Low,No Immediate Action,0
Research & Development,Manufacturing Director,3,7,7,7,7,2,4,1,5,Medium,0,Low,No Immediate Action,0
Research & Development,Research Scientist,1,14,10,4,10,5,3,4,3,Medium,0,Low,No Immediate Action,0
Sales,Sales Executive,2,5,1,1,3,2,3,2,1,Low,0,Low,No Immediate Action,0
Sales,Sales Executive,2,4,3,1,1,4,3,4,1,Low,0,Low,No Immediate Action,0
Research & Development,Research Scientist,1,11,9,5,7,2,4,2,5,Medium,0,Low,No Immediate Action,0
Research & Development,Research Director,3,1,0,0,0,6,3,1,0,Low,0,Low,No Immediate Action,0
Sales,Sales Executive,3,13,2,4,12,6,3,4,1,Low,0,Low,No Immediate Action,0
Research & Development,Research Scientist,1,9,7,6,8,3,3,1,4,Medium,0,Low,No Immediate Action,0
Research & Development,Manufacturing Director,3,5,4,1,4,2,3,3,2,Low,0,Low,No Immediate Action,0
Research & Development,Research Scientist,1,10,5,7,7,5,3,4,3,Medium,0,Low,No Immediate Action,0
Research & Development,Research Scientist,1,1,1,0,0,2,4,2,1,Low,0,Low,No Immediate Action,1
Research & Development,Research Scientist,1,3,2,1,2,5,3,4,0,Low,0,Low,No Immediate Action,0
Research & Development,Research Director,4,10,9,0,9,2,3,4,3,Medium,0,Low,No Immediate Action,0
Research & Development,Healthcare Representative,2,6,5,0,1,2,3,1,2,Low,0,Low,No Immediate Action,0
Research & Development,Healthcare Representative,2,10,9,1,8,2,3,1,3,Medium,0,Low,No Immediate Action,0
Sales,Sales Executive,2,6,1,0,5,2,3,4,1,Low,0,Low,No Immediate Action,0
Research & Development,Research Director,5,8,7,0,7,2,3,4,3,Medium,0,Low,No Immediate Action,0
Research & Development,Manager,5,1,0,0,0,2,3,3,1,Low,0,Low,No Immediate Action,0
Research & Development,Research Scientist,1,11,10,0,7,2,3,2,3,Medium,0,Low,No Immediate Action,0
Research & Development,Laboratory Technician,1,1,0,0,0,4,3,2,0,Low,0,Low,No Immediate Action,0
Research & Development,Research Scientist,1,5,3,0,3,2,3,3,2,Low,0,Low,No Immediate Action,0
Research & Development,Healthcare Representative,2,6,0,1,0,2,3,4,1,Low,0,Low,No Immediate Action,0
Research & Development,Research Director,5,1,0,0,0,3,3,4,0,Low,0,Low,No Immediate Action,0
Research & Development,Research Director,4,7,7,1,7,2,3,4,3,Medium,0,Low,No Immediate Action,0
Research & Development,Research Scientist,1,1,0,0,0,5,3,3,0,Low,0,Low,No Immediate Action,0
Sales,Manager,5,22,9,3,10,5,3,2,3,Medium,0,Low,No Immediate Action,0
Sales,Sales Executive,3,9,8,0,8,3,3,3,2,Low,0,Low,No Immediate Action,0
Research & Development,Research Scientist,1,1,0,0,1,2,3,4,1,Low,0,Low,No Immediate Action,0
Research & Development,Research Scientist,1,1,0,0,1,2,4,3,1,Low,0,Low,No Immediate Action,0
Sales,Sales Representative,1,1,0,1,0,4,3,4,0,Low,0,Low,No Immediate Action,1
Research & Development,Research Scientist,1,8,5,2,2,2,4,4,3,Medium,0,Low,No Immediate Action,0
Sales,Manager,5,24,10,1,11,2,3,2,3,Medium,0,Low,No Immediate Action,1
Research & Development,Healthcare Representative,4,33,9,15,0,3,3,2,4,Medium,0,Low,No Immediate Action,0
Research & Development,Laboratory Technician,1,2,2,2,2,2,4,3,2,Low,0,Low,No Immediate Action,1
Sales,Manager,5,11,4,0,8,2,3,2,2,Low,0,Low,No Immediate Action,0
Sales,Sales Executive,2,3,2,0,2,3,3,1,0,Low,0,Low,No Immediate Action,0
Sales,Manager,5,29,10,11,10,5,4,2,4,Medium,0,Low,No Immediate Action,0
Research & Development,Manufacturing Director,3,9,7,5,4,6,3,4,4,Medium,0,Low,No Immediate Action,0
Research & Development,Laboratory Technician,2,11,8,5,10,2,3,2,5,Medium,0,Low,No Immediate Action,0
Research & Development,Laboratory Technician,1,4,2,0,2,2,3,3,1,Low,0,Low,No Immediate Action,0
Research & Development,Manager,5,25,9,14,13,4,3,1,4,Medium,0,Low,No Immediate Action,0
Human Resources,Human Resources,2,10,9,1,8,5,3,2,2,Low,0,Low,No Immediate Action,0
Research & Development,Research Scientist,1,3,2,2,2,3,3,3,1,Low,0,Low,No Immediate Action,0
Research & Development,Research Scientist,2,1,0,0,0,2,3,2,1,Low,0,Low,No Immediate Action,0
Sales,Sales Executive,3,21,7,15,17,3,3,4,4,Medium,0,Low,No Immediate Action,0
Research & Development,Manufacturing Director,2,16,14,5,12,2,3,2,5,Medium,0,Low,No Immediate Action,0
Research & Development,Healthcare Representative,3,10,7,0,5,2,3,4,3,Medium,0,Low,No Immediate Action,1
Research & Development,Laboratory Technician,1,2,2,2,2,2,3,4,2,Low,0,Low,No Immediate Action,0
Research & Development,Laboratory Technician,1,7,0,7,7,6,3,3,2,Low,0,Low,No Immediate Action,0
Research & Development,Manufacturing Director,2,8,4,1,7,3,3,3,1,Low,0,Low,No Immediate Action,0
Research & Development,Laboratory Technician,1,7,7,7,7,2,3,3,5,Medium,0,Low,No Immediate Action,1
Research & Development,Research Scientist,1,3,2,1,2,2,3,1,1,Low,0,Low,No Immediate Action,0
Research & Development,Research Scientist,1,2,2,2,1,3,3,2,1,Low,0,Low,No Immediate Action,0
Sales,Sales Executive,2,10,7,0,8,4,3,4,2,Low,0,Low,No Immediate Action,0
Research & Development,Manager,5,0,0,0,0,4,4,2,0,Low,0,Low,No Immediate Action,0
Research & Development,Manager,4,19,9,15,2,4,3,2,4,Medium,0,Low,No Immediate Action,0
Research & Development,Research Scientist,1,2,2,2,2,3,3,3,1,Low,0,Low,No Immediate Action,0
Research & Development,Laboratory Technician,2,10,4,1,1,3,3,3,1,Low,0,Low,No Immediate Action,1
Research & Development,Research Scientist,1,5,2,0,3,2,3,1,1,Low,0,Low,No Immediate Action,1
Research & Development,Laboratory Technician,2,9,2,6,7,6,3,4,2,Low,0,Low,No Immediate Action,0
Research & Development,Healthcare Representative,3,7,7,1,7,0,3,3,4,Medium,0,Low,No Immediate Action,0
Human Resources,Human Resources,1,7,6,5,7,3,3,1,4,Medium,0,Low,No Immediate Action,0
Research & Development,Laboratory Technician,2,9,8,7,5,6,3,4,4,Medium,0,Low,No Immediate Action,0
Research & Development,Research Director,4,3,2,1,2,2,3,1,1,Low,0,Low,No Immediate Action,0
Sales,Sales Executive,3,5,4,1,0,2,3,2,2,Low,0,Low,No Immediate Action,1
Sales,Sales Executive,3,8,7,7,7,2,3,2,5,Medium,0,Low,No Immediate Action,1
Research & Development,Manager,3,9,1,0,8,2,4,1,1,Low,0,Low,No Immediate Action,0
Research & Development,Manufacturing Director,2,8,7,1,7,6,3,3,2,Low,0,Low,No Immediate Action,0
Sales,Sales Executive,3,10,8,9,6,5,3,3,4,Medium,0,Low,No Immediate Action,0
Sales,Sales Executive,2,19,2,11,9,4,3,2,2,Low,0,Low,No Immediate Action,0
Sales,Sales Representative,1,3,2,2,2,2,3,2,2,Low,0,Low,No Immediate Action,1
Research & Development,Laboratory Technician,1,3,2,1,2,4,3,1,0,Low,0,Low,No Immediate Action,1
Research & Development,Manager,4,20,8,2,10,3,3,3,3,Medium,0,Low,No Immediate Action,0
Research & Development,Manager,5,19,9,9,11,5,3,3,4,Medium,0,Low,No Immediate Action,0
Human Resources,Manager,5,7,3,7,7,4,3,2,3,Medium,0,Low,No Immediate Action,0
Research & Development,Research Scientist,1,4,2,0,0,0,3,3,2,Low,0,Low,No Immediate Action,0
Research & Development,Healthcare Representative,3,9,7,1,6,0,3,4,4,Medium,0,Low,No Immediate Action,0
Research & Development,Research Scientist,2,9,8,8,8,4,3,4,4,Medium,0,Low,No Immediate Action,0
Sales,Sales Executive,2,9,3,1,7,2,3,1,2,Low,0,Low,No Immediate Action,0
Research & Development,Research Scientist,2,9,6,1,1,3,3,3,2,Low,0,Low,No Immediate Action,0
Human Resources,Manager,4,33,9,0,10,2,3,2,3,Medium,0,Low,No Immediate Action,0
Sales,Sales Executive,2,7,7,1,7,3,3,1,2,Low,0,Low,No Immediate Action,0
Sales,Sales Executive,2,10,8,9,6,6,3,1,4,Medium,0,Low,No Immediate Action,0
Research & Development,Laboratory Technician,1,3,2,1,2,6,3,4,0,Low,0,Low,No Immediate Action,0
Research & Development,Manufacturing Director,3,10,9,5,9,0,3,1,6,High,0,Low,No Immediate Action,1
Research & Development,Laboratory Technician,1,4,2,0,3,3,4,2,0,Low,0,Low,No Immediate Action,0
Sales,Sales Executive,2,15,7,6,13,2,3,1,5,Medium,0,Low,No Immediate Action,0
Research & Development,Manufacturing Director,3,10,9,0,8,2,3,4,3,Medium,0,Low,No Immediate Action,0
Sales,Sales Representative,1,1,0,0,0,4,3,4,0,Low,0,Low,No Immediate Action,0
Research & Development,Manufacturing Director,4,5,2,0,3,1,3,2,1,Low,0,Low,No Immediate Action,0
Research & Development,Laboratory Technician,1,0,0,0,0,5,3,4,0,Low,0,Low,No Immediate Action,0
Research & Development,Laboratory Technician,2,9,7,0,0,0,3,4,4,Medium,0,Low,No Immediate Action,0
Sales,Sales Executive,2,6,2,0,0,3,4,4,0,Low,0,Low,No Immediate Action,0
Sales,Sales Executive,4,19,7,3,8,2,3,3,4,Medium,0,Low,No Immediate Action,1
Research & Development,Manufacturing Director,4,19,16,15,9,0,3,2,6,High,0,Low,No Immediate Action,0
Research & Development,Research Scientist,1,5,4,0,0,2,4,3,2,Low,0,Low,No Immediate Action,0
Research & Development,Healthcare Representative,2,12,11,11,8,0,4,3,6,High,0,Low,No Immediate Action,0
Research & Development,Laboratory Technician,2,8,7,7,7,1,3,3,5,Medium,0,Low,No Immediate Action,0
Sales,Sales Representative,1,1,0,0,0,3,3,4,0,Low,0,Low,No Immediate Action,1
Sales,Sales Executive,2,4,2,3,2,0,3,3,3,Medium,0,Low,No Immediate Action,1
Research & Development,Research Scientist,1,4,2,0,3,2,3,3,1,Low,0,Low,No Immediate Action,0
Research & Development,Healthcare Representative,2,14,11,4,11,2,3,4,4,Medium,0,Low,No Immediate Action,0
Sales,Sales Executive,2,5,3,0,4,0,3,1,3,Medium,0,Low,No Immediate Action,0
Research & Development,Manufacturing Director,2,10,2,6,7,3,3,3,2,Low,0,Low,No Immediate Action,1
Sales,Sales Executive,2,5,4,1,4,2,3,4,2,Low,0,Low,No Immediate Action,0
Sales,Sales Executive,3,4,2,3,2,5,3,2,1,Low,0,Low,No Immediate Action,0
Research & Development,Research Scientist,2,6,2,3,3,4,3,4,1,Low,0,Low,No Immediate Action,0
Research & Development,Research Scientist,1,6,4,1,3,2,3,3,2,Low,0,Low,No Immediate Action,0
Sales,Sales Executive,2,5,4,1,2,2,3,4,2,Low,0,Low,No Immediate Action,0
Sales,Sales Executive,2,3,2,1,2,3,3,2,0,Low,0,Low,No Immediate Action,0
Research & Development,Healthcare Representative,3,6,4,0,5,2,4,3,2,Low,0,Low,No Immediate Action,0
Sales,Sales Executive,2,3,2,1,2,3,3,3,0,Low,0,Low,No Immediate Action,0
Research & Development,Manufacturing Director,4,5,3,0,2,3,3,3,1,Low,0,Low,No Immediate Action,0
Research & Development,Research Scientist,2,20,7,1,8,3,3,3,2,Low,0,Low,No Immediate Action,0
Sales,Sales Executive,2,6,2,4,4,3,3,4,1,Low,0,Low,No Immediate Action,0
Research & Development,Research Scientist,1,8,2,7,7,2,3,3,3,Medium,0,Low,No Immediate Action,1
Research & Development,Research Scientist,1,4,3,1,1,2,3,4,2,Low,0,Low,No Immediate Action,0
Human Resources,Manager,4,20,7,0,9,5,3,1,2,Low,0,Low,No Immediate Action,0
Research & Development,Laboratory Technician,1,5,4,0,4,2,3,1,2,Low,0,Low,No Immediate Action,0
Research & Development,Laboratory Technician,1,3,2,0,2,6,3,3,0,Low,0,Low,No Immediate Action,0
Research & Development,Manufacturing Director,3,2,2,2,2,2,3,4,2,Low,0,Low,No Immediate Action,0
Research & Development,Laboratory Technician,1,3,2,0,2,2,3,4,1,Low,0,Low,No Immediate Action,0
Research & Development,Laboratory Technician,1,7,7,0,7,2,3,1,3,Medium,0,Low,No Immediate Action,0
Human Resources,Human Resources,3,10,9,0,9,3,3,1,2,Low,0,Low,No Immediate Action,0
Research & Development,Laboratory Technician,2,4,3,1,3,2,4,1,2,Low,0,Low,No Immediate Action,1
Research & Development,Healthcare Representative,3,8,7,7,7,1,3,4,5,Medium,0,Low,No Immediate Action,1
Research & Development,Research Director,4,20,7,12,7,3,3,4,4,Medium,0,Low,No Immediate Action,0
Research & Development,Research Director,5,9,8,1,5,3,4,1,2,Low,0,Low,No Immediate Action,0
Research & Development,Research Director,4,7,7,0,0,4,3,4,2,Low,0,Low,No Immediate Action,0
Sales,Sales Executive,2,5,4,0,1,3,3,2,1,Low,0,Low,No Immediate Action,0
Sales,Sales Representative,1,1,0,0,0,3,3,3,0,Low,0,Low,No Immediate Action,1
Sales,Sales Executive,2,3,2,0,2,3,3,1,0,Low,0,Low,No Immediate Action,0
Research & Development,Research Director,4,3,2,1,0,3,3,2,0,Low,0,Low,No Immediate Action,0
Research & Development,Research Scientist,1,4,3,1,3,2,3,1,2,Low,0,Low,No Immediate Action,0
Research & Development,Research Scientist,1,1,0,0,0,3,3,2,0,Low,0,Low,No Immediate Action,1
Research & Development,Laboratory Technician,1,5,0,1,4,3,3,1,0,Low,0,Low,No Immediate Action,0
Research & Development,Laboratory Technician,2,10,4,1,8,2,3,4,2,Low,0,Low,No Immediate Action,0
Sales,Sales Executive,2,3,2,0,2,3,3,1,0,Low,0,Low,No Immediate Action,0
Research & Development,Research Scientist,1,6,5,1,2,2,3,4,2,Low,0,Low,No Immediate Action,0
Sales,Sales Representative,1,3,2,2,2,2,3,1,2,Low,0,Low,No Immediate Action,1
Research & Development,Laboratory Technician,1,6,5,1,3,2,3,3,2,Low,0,Low,No Immediate Action,0
Research & Development,Research Scientist,1,3,2,1,0,3,4,1,0,Low,0,Low,No Immediate Action,0
Research & Development,Research Director,4,20,17,5,6,2,3,3,5,Medium,0,Low,No Immediate Action,0
Sales,Sales Executive,2,5,4,0,3,3,3,3,1,Low,0,Low,No Immediate Action,0
Sales,Sales Executive,2,4,3,0,3,3,3,4,1,Low,0,Low,No Immediate Action,0
Research & Development,Laboratory Technician,1,5,4,0,2,2,3,2,2,Low,0,Low,No Immediate Action,0
Research & Development,Research Scientist,1,4,2,0,3,5,3,3,0,Low,0,Low,No Immediate Action,0
Research & Development,Laboratory Technician,2,8,7,0,7,2,3,3,3,Medium,0,Low,No Immediate Action,0
Sales,Sales Executive,3,13,7,9,9,5,3,4,4,Medium,0,Low,No Immediate Action,0
Sales,Sales Executive,3,7,7,4,3,1,3,4,4,Medium,0,Low,No Immediate Action,1
Research & Development,Laboratory Technician,1,1,0,0,0,2,4,1,1,Low,0,Low,No Immediate Action,1
Research & Development,Manufacturing Director,3,10,8,4,7,2,3,2,4,Medium,0,Low,No Immediate Action,1
Research & Development,Healthcare Representative,3,7,7,0,7,2,3,1,3,Medium,0,Low,No Immediate Action,0
Human Resources,Human Resources,1,3,2,0,2,3,3,2,0,Low,0,Low,No Immediate Action,0
Research & Development,Laboratory Technician,1,2,2,2,2,2,3,4,2,Low,0,Low,No Immediate Action,1
Research & Development,Manufacturing Director,3,3,1,1,2,4,3,4,0,Low,0,Low,No Immediate Action,0
Sales,Sales Executive,2,2,2,2,2,3,3,1,1,Low,0,Low,No Immediate Action,0
Human Resources,Human Resources,1,2,2,2,2,0,3,3,3,Medium,0,Low,No Immediate Action,1
Research & Development,Research Director,3,9,8,4,8,5,3,2,3,Medium,0,Low,No Immediate Action,0
Sales,Sales Executive,2,5,4,1,3,4,3,1,1,Low,0,Low,No Immediate Action,0
Research & Development,Laboratory Technician,1,5,2,0,3,5,3,3,0,Low,0,Low,No Immediate Action,0
Research & Development,Research Director,4,9,8,8,8,2,3,2,5,Medium,0,Low,No Immediate Action,0
Research & Development,Healthcare Representative,2,3,2,1,2,0,3,3,2,Low,0,Low,No Immediate Action,0
Research & Development,Research Scientist,1,3,1,1,2,3,3,3,0,Low,0,Low,No Immediate Action,0
Research & Development,Research Scientist,1,5,2,1,3,3,3,2,0,Low,0,Low,No Immediate Action,0
Sales,Sales Executive,2,4,3,0,3,2,3,1,2,Low,0,Low,No Immediate Action,0
Sales,Sales Executive,2,13,9,3,12,2,3,1,4,Medium,0,Low,No Immediate Action,0
Sales,Sales Executive,2,2,1,2,2,2,3,3,2,Low,0,Low,No Immediate Action,0
Research & Development,Laboratory Technician,1,12,9,5,8,3,3,4,4,Medium,0,Low,No Immediate Action,0
Sales,Sales Executive,2,1,0,0,0,4,3,3,0,Low,0,Low,No Immediate Action,0
Research & Development,Research Scientist,1,1,0,0,0,2,3,3,1,Low,0,Low,No Immediate Action,0
Research & Development,Research Scientist,2,12,9,2,8,2,4,3,4,Medium,0,Low,No Immediate Action,0
Research & Development,Healthcare Representative,3,8,7,0,7,3,3,2,2,Low,0,Low,No Immediate Action,0
Research & Development,Research Director,4,14,8,6,9,3,3,1,4,Medium,0,Low,No Immediate Action,0
Sales,Sales Representative,1,3,2,1,2,3,3,3,0,Low,0,Low,No Immediate Action,1
Sales,Sales Executive,2,5,3,0,0,4,3,2,1,Low,0,Low,No Immediate Action,1
Sales,Sales Executive,2,15,9,10,10,2,4,2,5,Medium,0,Low,No Immediate Action,1
Sales,Sales Representative,1,1,0,0,0,3,3,3,0,Low,0,Low,No Immediate Action,0
Research & Development,Laboratory Technician,1,0,0,0,0,2,3,1,1,Low,0,Low,No Immediate Action,1
Sales,Sales Representative,1,1,0,0,0,2,3,2,1,Low,0,Low,No Immediate Action,0
Research & Development,Manufacturing Director,3,2,2,2,2,2,3,3,2,Low,0,Low,No Immediate Action,0
Sales,Sales Executive,2,10,7,0,4,3,3,3,2,Low,0,Low,No Immediate Action,0
Human Resources,Human Resources,1,5,3,1,3,3,4,3,1,Low,0,Low,No Immediate Action,0
Research & Development,Healthcare Representative,2,3,2,1,2,2,3,3,1,Low,0,Low,No Immediate Action,0
Research & Development,Laboratory Technician,1,5,4,0,2,5,3,2,1,Low,0,Low,No Immediate Action,0
Sales,Sales Executive,2,5,4,1,2,4,3,3,1,Low,0,Low,No Immediate Action,0
Research & Development,Laboratory Technician,1,0,0,0,0,2,3,1,1,Low,0,Low,No Immediate Action,1
Research & Development,Research Scientist,1,1,0,0,0,2,3,3,1,Low,0,Low,No Immediate Action,0
Sales,Sales Executive,2,4,2,1,3,5,3,1,0,Low,0,Low,No Immediate Action,0
Research & Development,Laboratory Technician,2,3,2,1,2,3,4,1,0,Low,0,Low,No Immediate Action,0
Research & Development,Laboratory Technician,1,3,2,0,2,3,3,2,0,Low,0,Low,No Immediate Action,0
Research & Development,Manufacturing Director,2,8,6,1,7,2,3,2,3,Medium,0,Low,No Immediate Action,0
Research & Development,Healthcare Representative,2,0,0,0,0,6,3,3,0,Low,0,Low,No Immediate Action,0
Research & Development,Manager,3,5,2,0,0,5,4,4,0,Low,0,Low,No Immediate Action,0
Research & Development,Manager,4,14,9,1,12,2,4,4,3,Medium,0,Low,No Immediate Action,0
Research & Development,Research Scientist,1,9,7,0,7,2,3,1,3,Medium,0,Low,No Immediate Action,1
Research & Development,Research Director,4,20,6,14,17,1,3,1,5,Medium,0,Low,No Immediate Action,0
Research & Development,Manufacturing Director,3,2,0,2,2,3,3,2,1,Low,0,Low,No Immediate Action,0
Sales,Manager,4,13,12,5,1,2,3,2,5,Medium,0,Low,No Immediate Action,0
Research & Development,Healthcare Representative,3,11,8,3,3,3,3,2,3,Medium,0,Low,No Immediate Action,0
Research & Development,Laboratory Technician,2,4,3,1,2,2,3,3,2,Low,0,Low,No Immediate Action,0
Research & Development,Laboratory Technician,1,5,4,1,0,3,3,1,1,Low,0,Low,No Immediate Action,1
Sales,Sales Executive,3,10,9,8,6,3,3,3,4,Medium,0,Low,No Immediate Action,0
Research & Development,Research Scientist,1,7,2,7,7,2,3,3,3,Medium,0,Low,No Immediate Action,1
Research & Development,Research Director,4,32,6,13,9,2,3,4,5,Medium,0,Low,No Immediate Action,0
Sales,Sales Representative,1,11,10,5,7,4,4,3,4,Medium,0,Low,No Immediate Action,0
Research & Development,Laboratory Technician,1,1,0,0,0,3,3,2,0,Low,0,Low,No Immediate Action,0
Research & Development,Research Scientist,2,10,8,3,7,2,3,4,4,Medium,0,Low,No Immediate Action,0
Research & Development,Healthcare Representative,2,7,7,0,7,3,3,1,2,Low,0,Low,No Immediate Action,0
Research & Development,Manufacturing Director,2,5,3,0,2,2,3,2,2,Low,0,Low,No Immediate Action,0
Research & Development,Research Scientist,1,5,4,0,3,3,4,4,1,Low,0,Low,No Immediate Action,0
Research & Development,Healthcare Representative,3,20,8,13,9,3,3,4,4,Medium,0,Low,No Immediate Action,0
Sales,Sales Executive,2,8,4,7,1,5,3,1,3,Medium,0,Low,No Immediate Action,0
Research & Development,Laboratory Technician,2,15,14,5,7,3,3,3,4,Medium,0,Low,No Immediate Action,0
Human Resources,Manager,4,21,7,7,7,2,4,4,5,Medium,0,Low,No Immediate Action,0
Research & Development,Laboratory Technician,1,1,1,0,0,3,3,1,0,Low,0,Low,No Immediate Action,0
Research & Development,Healthcare Representative,2,2,2,2,2,2,3,4,2,Low,0,Low,No Immediate Action,0
Research & Development,Healthcare Representative,3,10,8,7,7,4,3,2,4,Medium,0,Low,No Immediate Action,0
Sales,Sales Representative,1,5,3,4,2,5,4,3,2,Low,0,Low,No Immediate Action,0
Research & Development,Research Scientist,2,7,1,2,5,2,3,2,2,Low,0,Low,No Immediate Action,0
Sales,Sales Representative,1,3,2,1,2,3,4,4,0,Low,0,Low,No Immediate Action,0
Sales,Sales Executive,2,8,7,7,7,2,3,3,5,Medium,0,Low,No Immediate Action,0
Research & Development,Research Scientist,1,1,0,0,0,2,3,3,1,Low,0,Low,No Immediate Action,0
Sales,Sales Executive,2,2,2,2,2,6,3,1,1,Low,0,Low,No Immediate Action,0
Sales,Sales Executive,2,10,8,6,7,4,3,1,4,Medium,0,Low,No Immediate Action,1
Human Resources,Human Resources,2,6,3,1,2,2,3,3,2,Low,0,Low,No Immediate Action,0
Research & Development,Laboratory Technician,1,3,0,1,2,3,3,1,0,Low,0,Low,No Immediate Action,0
Sales,Sales Executive,3,4,2,1,3,3,3,2,0,Low,0,Low,No Immediate Action,0
Research & Development,Laboratory Technician,1,1,0,0,0,2,3,1,1,Low,0,Low,No Immediate Action,1
Research & Development,Manufacturing Director,3,33,7,1,9,4,3,4,2,Low,0,Low,No Immediate Action,1
Research & Development,Manufacturing Director,2,5,2,1,4,2,3,2,1,Low,0,Low,No Immediate Action,1
Research & Development,Research Scientist,2,6,5,1,2,3,3,1,1,Low,0,Low,No Immediate Action,0
Research & Development,Research Scientist,1,8,2,7,6,3,3,1,2,Low,0,Low,No Immediate Action,0
Research & Development,Research Scientist,1,1,0,0,0,4,3,4,0,Low,0,Low,No Immediate Action,0
Sales,Manager,5,36,6,2,13,3,4,4,3,Medium,0,Low,No Immediate Action,0
Research & Development,Research Scientist,2,2,2,2,1,3,3,4,1,Low,0,Low,No Immediate Action,0
Research & Development,Research Scientist,1,1,0,0,0,5,4,4,0,Low,0,Low,No Immediate Action,0
Sales,Sales Executive,2,9,8,7,7,3,3,2,4,Medium,0,Low,No Immediate Action,0
Sales,Sales Executive,2,3,2,1,2,5,3,2,0,Low,0,Low,No Immediate Action,0
Sales,Sales Executive,2,1,0,0,0,5,3,3,0,Low,0,Low,No Immediate Action,0
Research & Development,Laboratory Technician,1,10,9,1,5,3,3,1,2,Low,0,Low,No Immediate Action,0
Research & Development,Healthcare Representative,2,5,2,0,4,4,3,3,0,Low,0,Low,No Immediate Action,0
Sales,Sales Executive,3,7,6,7,6,3,3,3,4,Medium,0,Low,No Immediate Action,0
Research & Development,Healthcare Representative,2,6,4,1,3,0,3,4,3,Medium,0,Low,No Immediate Action,0
Sales,Manager,5,1,0,0,0,2,3,3,1,Low,0,Low,No Immediate Action,0
Research & Development,Research Scientist,1,2,2,2,2,2,3,3,2,Low,0,Low,No Immediate Action,0
Research & Development,Laboratory Technician,2,3,2,0,2,3,3,1,0,Low,0,Low,No Immediate Action,0
Research & Development,Manager,5,1,0,0,1,2,4,4,1,Low,0,Low,No Immediate Action,0
Research & Development,Laboratory Technician,2,10,9,6,8,3,3,3,4,Medium,0,Low,No Immediate Action,0
Research & Development,Healthcare Representative,2,8,2,7,7,3,3,3,2,Low,0,Low,No Immediate Action,0
Sales,Sales Executive,2,5,4,1,2,2,3,1,2,Low,0,Low,No Immediate Action,0
Research & Development,Laboratory Technician,1,6,4,0,2,0,3,2,3,Medium,0,Low,No Immediate Action,0
Research & Development,Laboratory Technician,1,1,0,0,1,5,3,4,0,Low,0,Low,No Immediate Action,0
Sales,Manager,4,26,0,0,12,5,3,1,0,Low,0,Low,No Immediate Action,0
Research & Development,Laboratory Technician,1,1,1,0,0,3,3,2,0,Low,0,Low,No Immediate Action,1
Research & Development,Research Scientist,1,4,2,1,3,2,3,3,1,Low,0,Low,No Immediate Action,0
Research & Development,Healthcare Representative,4,30,8,12,13,3,3,3,4,Medium,0,Low,No Immediate Action,0
Research & Development,Research Scientist,1,3,2,0,2,3,3,4,0,Low,0,Low,No Immediate Action,0
Research & Development,Research Director,5,22,7,1,10,4,3,4,2,Low,0,Low,No Immediate Action,0
Research & Development,Research Scientist,1,6,4,1,1,3,3,2,1,Low,0,Low,No Immediate Action,0
Research & Development,Laboratory Technician,2,10,7,1,4,3,3,1,2,Low,0,Low,No Immediate Action,0
Sales,Sales Executive,2,10,7,4,5,2,3,1,4,Medium,0,Low,No Immediate Action,0
Sales,Sales Executive,2,5,2,0,3,3,3,1,0,Low,0,Low,No Immediate Action,0
Research & Development,Manufacturing Director,2,3,2,1,1,2,3,3,1,Low,0,Low,No Immediate Action,0
Research & Development,Manufacturing Director,2,9,7,7,2,3,3,4,4,Medium,0,Low,No Immediate Action,0
Research & Development,Laboratory Technician,1,9,6,1,4,3,3,1,2,Low,0,Low,No Immediate Action,0
Research & Development,Manufacturing Director,2,7,7,7,7,3,3,1,4,Medium,0,Low,No Immediate Action,0
Research & Development,Laboratory Technician,1,7,7,0,7,3,3,1,2,Low,0,Low,No Immediate Action,0
Research & Development,Research Scientist,2,16,15,1,10,2,3,1,3,Medium,0,Low,No Immediate Action,0
Research & Development,Manufacturing Director,2,5,3,0,0,5,4,1,1,Low,0,Low,No Immediate Action,0
Research & Development,Research Scientist,1,2,2,2,2,2,3,4,2,Low,0,Low,No Immediate Action,0
Sales,Sales Representative,1,0,0,0,0,2,3,4,1,Low,0,Low,No Immediate Action,1
Human Resources,Manager,5,5,2,1,0,2,3,3,1,Low,0,Low,No Immediate Action,0
Research & Development,Laboratory Technician,2,10,8,0,7,3,3,3,2,Low,0,Low,No Immediate Action,0
Research & Development,Manufacturing Director,3,18,15,14,12,2,3,3,5,Medium,0,Low,No Immediate Action,0
Research & Development,Healthcare Representative,2,14,11,2,9,5,3,3,3,Medium,0,Low,No Immediate Action,0
Research & Development,Manufacturing Director,2,4,3,0,2,2,3,3,2,Low,0,Low,No Immediate Action,0
Research & Development,Manufacturing Director,2,9,2,3,8,2,3,3,2,Low,0,Low,No Immediate Action,0
Research & Development,Manufacturing Director,2,10,7,3,9,3,3,4,3,Medium,0,Low,No Immediate Action,0
Research & Development,Manufacturing Director,3,5,4,0,2,6,3,3,1,Low,0,Low,No Immediate Action,0
Sales,Sales Executive,3,13,12,6,0,3,3,1,4,Medium,0,Low,No Immediate Action,1
Research & Development,Research Scientist,1,8,4,7,7,2,3,2,4,Medium,0,Low,No Immediate Action,0
Research & Development,Manufacturing Director,3,4,2,3,3,2,3,4,2,Low,0,Low,No Immediate Action,0
Human Resources,Human Resources,2,10,7,0,2,3,3,4,2,Low,0,Low,No Immediate Action,0
Research & Development,Manager,4,2,2,2,2,3,4,4,1,Low,0,Low,No Immediate Action,0
Sales,Sales Executive,2,2,2,2,2,2,3,4,2,Low,0,Low,No Immediate Action,1
Research & Development,Research Scientist,1,6,3,1,3,2,3,4,2,Low,0,Low,No Immediate Action,0
Research & Development,Research Scientist,1,3,2,0,2,0,3,3,2,Low,0,Low,No Immediate Action,0
Research & Development,Research Scientist,1,4,2,1,2,0,3,4,2,Low,0,Low,No Immediate Action,0
Research & Development,Laboratory Technician,1,4,2,0,3,3,3,1,0,Low,0,Low,No Immediate Action,1
Sales,Sales Executive,2,5,2,1,4,2,3,3,1,Low,0,Low,No Immediate Action,0
Research & Development,Healthcare Representative,3,3,2,0,2,6,3,1,0,Low,0,Low,No Immediate Action,0
Research & Development,Manufacturing Director,2,7,7,0,7,6,3,3,2,Low,0,Low,No Immediate Action,0
Research & Development,Manufacturing Director,2,5,4,1,0,3,4,2,1,Low,0,Low,No Immediate Action,0
Research & Development,Research Director,4,4,2,1,2,2,3,2,1,Low,0,Low,No Immediate Action,0
Research & Development,Research Director,3,14,11,1,11,3,3,1,2,Low,0,Low,No Immediate Action,0
Sales,Sales Representative,1,2,2,2,2,3,3,3,1,Low,0,Low,No Immediate Action,0
Research & Development,Research Scientist,2,11,8,7,9,2,3,2,5,Medium,0,Low,No Immediate Action,0
Research & Development,Laboratory Technician,1,4,3,1,3,4,3,2,1,Low,0,Low,No Immediate Action,0
Research & Development,Healthcare Representative,4,15,11,2,12,3,3,3,3,Medium,0,Low,No Immediate Action,0
Research & Development,Manufacturing Director,2,3,2,1,2,6,3,3,0,Low,0,Low,No Immediate Action,0
Research & Development,Healthcare Representative,2,5,4,0,4,3,4,1,1,Low,0,Low,No Immediate Action,0
Research & Development,Manager,4,10,8,4,7,6,4,3,3,Medium,0,Low,No Immediate Action,0
Research & Development,Research Director,4,14,10,6,11,3,4,3,4,Medium,0,Low,No Immediate Action,0
Sales,Sales Executive,2,11,9,6,7,2,4,4,5,Medium,0,Low,No Immediate Action,1
Research & Development,Research Scientist,2,13,11,2,9,4,3,4,3,Medium,0,Low,No Immediate Action,0
Sales,Sales Executive,2,10,0,0,9,3,3,2,0,Low,0,Low,No Immediate Action,0
Sales,Sales Executive,2,6,2,0,4,5,3,4,0,Low,0,Low,No Immediate Action,0
Research & Development,Research Scientist,2,9,5,1,6,4,3,2,1,Low,0,Low,No Immediate Action,0
Sales,Sales Executive,2,10,0,0,2,2,3,4,1,Low,0,Low,No Immediate Action,0
Research & Development,Laboratory Technician,1,2,2,2,2,2,3,1,2,Low,0,Low,No Immediate Action,0
Research & Development,Laboratory Technician,1,4,3,3,3,3,4,2,2,Low,0,Low,No Immediate Action,0
Sales,Manager,4,3,2,1,2,2,3,2,1,Low,0,Low,No Immediate Action,0
Research & Development,Manager,4,8,7,0,0,2,3,3,3,Medium,0,Low,No Immediate Action,0
Sales,Sales Executive,3,2,0,0,2,2,3,3,1,Low,0,Low,No Immediate Action,0
Sales,Sales Representative,1,2,2,0,2,3,3,1,0,Low,0,Low,No Immediate Action,0
Sales,Sales Executive,2,6,5,1,2,2,4,4,2,Low,0,Low,No Immediate Action,0
Research & Development,Healthcare Representative,2,3,2,0,2,2,3,3,1,Low,0,Low,No Immediate Action,0
Human Resources,Human Resources,1,2,2,2,2,2,3,4,2,Low,0,Low,No Immediate Action,0
Research & Development,Laboratory Technician,1,5,4,1,2,2,3,3,2,Low,0,Low,No Immediate Action,1
Research & Development,Laboratory Technician,1,0,0,0,0,5,3,3,0,Low,0,Low,No Immediate Action,0
Research & Development,Healthcare Representative,3,4,3,1,2,2,3,4,2,Low,0,Low,No Immediate Action,0
Sales,Sales Representative,1,9,7,7,7,3,3,3,4,Medium,0,Low,No Immediate Action,1
Research & Development,Laboratory Technician,1,1,0,0,0,2,3,2,1,Low,0,Low,No Immediate Action,1
Research & Development,Laboratory Technician,1,7,7,5,7,5,4,4,4,Medium,0,Low,No Immediate Action,0
Research & Development,Research Scientist,1,4,2,1,2,1,3,2,1,Low,0,Low,No Immediate Action,0
Research & Development,Laboratory Technician,2,15,10,4,13,3,3,4,3,Medium,0,Low,No Immediate Action,0
Research & Development,Healthcare Representative,3,1,0,0,0,2,4,4,1,Low,0,Low,No Immediate Action,0
Research & Development,Laboratory Technician,1,14,11,2,13,6,3,2,3,Medium,0,Low,No Immediate Action,0
Sales,Sales Executive,2,6,3,1,3,2,3,4,2,Low,0,Low,No Immediate Action,0
Research & Development,Research Scientist,1,10,9,8,7,3,3,4,4,Medium,0,Low,No Immediate Action,0
Sales,Sales Representative,1,3,2,0,2,2,4,4,1,Low,0,Low,No Immediate Action,1
Research & Development,Healthcare Representative,3,8,7,6,7,2,3,4,5,Medium,0,Low,No Immediate Action,0
Research & Development,Research Scientist,1,5,4,1,4,2,3,4,2,Low,0,Low,No Immediate Action,0
Sales,Sales Executive,2,10,9,8,8,3,3,4,4,Medium,0,Low,No Immediate Action,0
Research & Development,Research Scientist,1,5,3,0,4,1,3,3,2,Low,0,Low,No Immediate Action,0
Sales,Sales Executive,3,10,8,8,7,3,3,3,4,Medium,0,Low,No Immediate Action,0
Research & Development,Laboratory Technician,1,5,3,1,2,2,3,3,2,Low,0,Low,No Immediate Action,0
Sales,Sales Representative,2,13,7,6,7,2,3,4,5,Medium,0,Low,No Immediate Action,0
Research & Development,Healthcare Representative,3,23,15,14,4,3,4,3,4,Medium,0,Low,No Immediate Action,0
Human Resources,Human Resources,1,1,0,0,0,2,3,3,1,Low,0,Low,No Immediate Action,1
Sales,Sales Executive,4,23,5,14,10,3,3,3,3,Medium,0,Low,No Immediate Action,1
Research & Development,Laboratory Technician,1,3,2,0,2,3,3,3,0,Low,0,Low,No Immediate Action,0
Research & Development,Research Director,4,21,6,8,6,2,3,2,5,Medium,0,Low,No Immediate Action,0
Research & Development,Research Scientist,1,5,2,1,3,3,3,3,0,Low,0,Low,No Immediate Action,0
Research & Development,Laboratory Technician,1,5,2,0,3,2,3,3,1,Low,0,Low,No Immediate Action,0
Human Resources,Human Resources,2,3,2,1,2,4,3,2,0,Low,0,Low,No Immediate Action,0
Research & Development,Manufacturing Director,2,1,0,0,0,3,3,1,0,Low,0,Low,No Immediate Action,0
Research & Development,Laboratory Technician,1,6,2,1,2,2,3,1,1,Low,0,Low,No Immediate Action,0
Research & Development,Healthcare Representative,2,10,7,0,9,3,3,2,2,Low,0,Low,No Immediate Action,0
Research & Development,Manufacturing Director,2,7,7,0,7,3,3,3,2,Low,0,Low,No Immediate Action,0
Research & Development,Research Scientist,1,10,0,0,8,2,3,4,1,Low,0,Low,No Immediate Action,0
Sales,Sales Executive,2,1,0,0,0,3,3,2,0,Low,0,Low,No Immediate Action,0
Sales,Sales Executive,3,10,6,0,3,5,3,4,2,Low,0,Low,No Immediate Action,0
Sales,Sales Executive,2,2,2,2,2,3,3,1,1,Low,0,Low,No Immediate Action,1
Sales,Sales Executive,2,0,0,0,0,2,3,2,1,Low,0,Low,No Immediate Action,1
Research & Development,Laboratory Technician,1,3,2,1,2,3,3,2,0,Low,0,Low,No Immediate Action,0
Research & Development,Manufacturing Director,2,5,4,1,4,3,4,4,1,Low,0,Low,No Immediate Action,0
Research & Development,Laboratory Technician,2,9,8,5,8,2,3,4,5,Medium,0,Low,No Immediate Action,0
Sales,Sales Executive,3,4,3,0,2,2,3,3,2,Low,0,Low,No Immediate Action,0
Sales,Manager,5,21,8,12,8,3,3,2,4,Medium,0,Low,No Immediate Action,0
Human Resources,Human Resources,3,5,0,0,3,2,4,3,1,Low,0,Low,No Immediate Action,0
Research & Development,Research Scientist,1,9,7,0,7,2,3,1,3,Medium,0,Low,No Immediate Action,0
Human Resources,Human Resources,1,2,2,2,1,2,3,4,2,Low,0,Low,No Immediate Action,0
Human Resources,Human Resources,1,4,2,1,2,0,3,4,2,Low,0,Low,No Immediate Action,1
Sales,Sales Executive,2,5,2,0,2,3,3,3,0,Low,0,Low,No Immediate Action,0
Research & Development,Research Scientist,1,6,2,1,4,5,3,4,0,Low,0,Low,No Immediate Action,0
Sales,Sales Representative,1,2,2,2,2,3,3,2,1,Low,0,Low,No Immediate Action,1
Research & Development,Healthcare Representative,2,3,2,0,2,5,3,3,0,Low,0,Low,No Immediate Action,0
Sales,Sales Executive,3,7,7,1,7,2,3,1,3,Medium,0,Low,No Immediate Action,0
Research & Development,Research Scientist,1,5,0,1,2,3,3,4,0,Low,0,Low,No Immediate Action,0
Sales,Sales Executive,2,11,7,1,7,2,3,2,3,Medium,0,Low,No Immediate Action,0
Sales,Sales Executive,2,5,1,0,4,1,3,4,1,Low,0,Low,No Immediate Action,0
Sales,Sales Executive,3,0,0,0,0,2,4,1,1,Low,0,Low,No Immediate Action,1
Research & Development,Laboratory Technician,1,6,1,0,5,4,3,2,0,Low,0,Low,No Immediate Action,0
Sales,Sales Executive,3,1,0,0,0,2,3,3,1,Low,0,Low,No Immediate Action,1
Research & Development,Research Scientist,1,1,0,0,0,2,3,1,1,Low,0,Low,No Immediate Action,0
Research & Development,Healthcare Representative,2,7,0,1,7,3,3,3,0,Low,0,Low,No Immediate Action,0
Research & Development,Research Scientist,1,7,7,0,7,3,3,2,2,Low,0,Low,No Immediate Action,0
Research & Development,Healthcare Representative,2,1,0,1,0,2,3,4,1,Low,0,Low,No Immediate Action,0
Research & Development,Research Scientist,1,1,0,0,0,4,3,3,0,Low,0,Low,No Immediate Action,1
Research & Development,Laboratory Technician,1,5,3,0,4,6,4,2,1,Low,0,Low,No Immediate Action,0
Research & Development,Research Director,5,1,0,0,0,2,3,1,1,Low,0,Low,No Immediate Action,0
Research & Development,Research Scientist,2,9,8,1,7,2,3,2,3,Medium,0,Low,No Immediate Action,0
Research & Development,Laboratory Technician,1,5,3,0,4,2,4,1,2,Low,0,Low,No Immediate Action,0
Sales,Sales Executive,2,15,14,0,7,3,3,3,2,Low,0,Low,No Immediate Action,0
Research & Development,Manufacturing Director,4,3,2,0,2,2,4,3,1,Low,0,Low,No Immediate Action,0
Human Resources,Human Resources,1,9,7,1,8,5,3,4,2,Low,0,Low,No Immediate Action,0
Sales,Sales Executive,2,2,2,2,2,3,3,4,1,Low,0,Low,No Immediate Action,0
Sales,Sales Representative,1,1,0,1,0,3,3,2,0,Low,0,Low,No Immediate Action,1
Research & Development,Laboratory Technician,1,5,4,0,4,3,3,3,1,Low,0,Low,No Immediate Action,0
Research & Development,Laboratory Technician,1,1,0,0,0,6,3,1,0,Low,0,Low,No Immediate Action,1
Sales,Sales Executive,2,12,7,5,7,3,3,4,4,Medium,0,Low,No Immediate Action,0
Research & Development,Manager,3,2,2,2,2,2,3,3,2,Low,0,Low,No Immediate Action,0
Sales,Sales Executive,2,5,2,0,3,2,3,2,1,Low,0,Low,No Immediate Action,0
Research & Development,Research Director,5,2,1,2,2,3,3,4,1,Low,0,Low,No Immediate Action,0
Research & Development,Healthcare Representative,3,12,8,5,7,1,3,1,5,Medium,0,Low,No Immediate Action,0
Research & Development,Research Scientist,1,5,3,2,3,2,3,2,3,Medium,0,Low,No Immediate Action,1
Human Resources,Human Resources,2,10,0,4,7,4,3,2,1,Low,0,Low,No Immediate Action,0
Sales,Sales Executive,2,10,7,7,7,2,3,4,5,Medium,0,Low,No Immediate Action,1
Research & Development,Research Scientist,1,10,8,7,6,1,3,1,5,Medium,0,Low,No Immediate Action,0
Research & Development,Research Scientist,1,5,3,0,3,6,3,4,1,Low,0,Low,No Immediate Action,0
Research & Development,Research Director,3,4,3,2,2,3,4,3,2,Low,0,Low,No Immediate Action,0
Sales,Sales Executive,2,2,2,2,2,3,3,2,1,Low,0,Low,No Immediate Action,0
Research & Development,Laboratory Technician,1,4,3,0,2,5,3,1,1,Low,0,Low,No Immediate Action,0
Research & Development,Healthcare Representative,2,0,0,0,0,2,3,1,1,Low,0,Low,No Immediate Action,0
Research & Development,Manufacturing Director,2,7,7,1,7,6,3,4,2,Low,0,Low,No Immediate Action,0
Human Resources,Human Resources,1,11,10,3,8,3,3,2,3,Medium,0,Low,No Immediate Action,0
Research & Development,Laboratory Technician,2,7,1,0,7,3,3,1,0,Low,0,Low,No Immediate Action,1
Research & Development,Manufacturing Director,2,10,3,0,8,4,3,1,1,Low,0,Low,No Immediate Action,1
Sales,Sales Executive,2,2,1,2,2,6,3,4,1,Low,0,Low,No Immediate Action,0
Research & Development,Research Scientist,1,3,2,1,2,2,3,3,1,Low,0,Low,No Immediate Action,0
Research & Development,Healthcare Representative,2,3,2,1,2,3,3,2,0,Low,0,Low,No Immediate Action,0
Sales,Sales Executive,3,22,14,13,5,3,3,3,4,Medium,0,Low,No Immediate Action,0
Research & Development,Manufacturing Director,3,7,7,0,2,3,3,3,2,Low,0,Low,No Immediate Action,0
Human Resources,Human Resources,1,5,1,1,4,3,3,2,0,Low,0,Low,No Immediate Action,1
Research & Development,Healthcare Representative,2,9,7,3,7,2,4,2,4,Medium,0,Low,No Immediate Action,1
Research & Development,Healthcare Representative,2,5,3,0,3,3,3,4,1,Low,0,Low,No Immediate Action,0
Sales,Sales Executive,2,10,8,4,8,5,4,3,3,Medium,0,Low,No Immediate Action,0
Sales,Manager,4,16,9,14,14,0,4,2,6,High,0,Low,No Immediate Action,0
Research & Development,Laboratory Technician,1,5,4,0,3,2,3,3,2,Low,0,Low,No Immediate Action,0
Research & Development,Manufacturing Director,3,22,11,14,10,4,3,2,4,Medium,0,Low,No Immediate Action,0
Research & Development,Healthcare Representative,2,7,4,7,7,3,3,1,3,Medium,0,Low,No Immediate Action,0
Research & Development,Research Scientist,2,7,1,1,7,2,3,4,1,Low,0,Low,No Immediate Action,0
Sales,Sales Executive,3,3,2,2,2,3,3,1,1,Low,0,Low,No Immediate Action,0
Research & Development,Research Scientist,1,3,2,1,2,3,4,1,0,Low,0,Low,No Immediate Action,0
Sales,Sales Representative,2,4,2,0,3,4,4,4,0,Low,0,Low,No Immediate Action,0
Sales,Sales Executive,2,5,3,1,2,4,3,4,1,Low,0,Low,No Immediate Action,0
Research & Development,Research Director,4,2,2,2,2,3,3,3,1,Low,0,Low,No Immediate Action,0
Research & Development,Research Scientist,1,0,0,0,0,4,3,3,0,Low,0,Low,No Immediate Action,0
Human Resources,Human Resources,1,1,0,0,0,4,3,1,0,Low,0,Low,No Immediate Action,1
Human Resources,Human Resources,1,2,2,2,0,3,3,1,1,Low,0,Low,No Immediate Action,1
Sales,Sales Executive,2,8,7,5,7,3,4,3,4,Medium,0,Low,No Immediate Action,0
Research & Development,Research Scientist,2,1,0,0,0,2,4,2,1,Low,0,Low,No Immediate Action,0
Sales,Sales Executive,2,7,7,7,7,5,4,4,4,Medium,0,Low,No Immediate Action,0
Research & Development,Laboratory Technician,1,5,4,0,2,3,3,4,1,Low,0,Low,No Immediate Action,0
Research & Development,Laboratory Technician,1,11,8,3,10,3,3,4,3,Medium,0,Low,No Immediate Action,0
Sales,Sales Executive,2,0,0,0,0,2,3,4,1,Low,0,Low,No Immediate Action,0
Research & Development,Research Scientist,1,6,3,3,3,1,4,3,3,Medium,0,Low,No Immediate Action,0
Research & Development,Laboratory Technician,1,2,2,2,0,2,3,3,2,Low,0,Low,No Immediate Action,0
Research & Development,Manufacturing Director,3,9,8,4,7,4,3,4,3,Medium,0,Low,No Immediate Action,0
Human Resources,Human Resources,1,3,2,2,2,2,3,4,2,Low,0,Low,No Immediate Action,0
Research & Development,Healthcare Representative,2,7,0,1,6,3,3,3,0,Low,0,Low,No Immediate Action,0
Research & Development,Laboratory Technician,1,0,0,0,0,3,3,3,0,Low,0,Low,No Immediate Action,0
Sales,Sales Executive,2,2,2,2,2,3,3,2,1,Low,0,Low,No Immediate Action,1
Sales,Sales Executive,4,19,17,2,8,5,3,1,3,Medium,0,Low,No Immediate Action,0
Sales,Sales Representative,2,9,8,5,8,5,4,3,4,Medium,0,Low,No Immediate Action,0
Human Resources,Human Resources,1,1,0,0,0,3,3,2,0,Low,0,Low,No Immediate Action,0
Research & Development,Manager,5,16,12,6,14,2,3,3,5,Medium,0,Low,No Immediate Action,0
Research & Development,Research Director,5,22,10,12,9,3,3,2,4,Medium,0,Low,No Immediate Action,0
Research & Development,Research Scientist,1,1,0,1,0,3,4,4,0,Low,0,Low,No Immediate Action,1
Sales,Sales Executive,3,8,7,0,7,2,4,2,3,Medium,0,Low,No Immediate Action,1
Research & Development,Research Scientist,1,7,6,7,3,2,3,1,5,Medium,0,Low,No Immediate Action,0
Research & Development,Research Scientist,2,2,2,2,2,2,3,4,2,Low,0,Low,No Immediate Action,0
Research & Development,Research Scientist,1,5,2,0,4,2,4,4,1,Low,0,Low,No Immediate Action,0
Sales,Sales Representative,1,1,0,0,0,3,3,2,0,Low,0,Low,No Immediate Action,0
Sales,Sales Representative,1,1,0,0,0,3,3,4,0,Low,0,Low,No Immediate Action,1
Research & Development,Research Scientist,1,1,0,0,0,2,4,2,1,Low,0,Low,No Immediate Action,1
Sales,Sales Executive,2,10,9,1,7,4,3,3,2,Low,0,Low,No Immediate Action,0
Research & Development,Laboratory Technician,2,10,8,0,2,2,3,3,3,Medium,0,Low,No Immediate Action,0
Sales,Sales Executive,3,5,3,1,0,3,3,4,1,Low,0,Low,No Immediate Action,0
Research & Development,Laboratory Technician,1,3,2,1,2,2,3,1,1,Low,0,Low,No Immediate Action,0
Research & Development,Research Scientist,2,5,3,0,4,2,4,1,2,Low,0,Low,No Immediate Action,0
Research & Development,Manufacturing Director,2,3,2,0,2,2,3,2,1,Low,0,Low,No Immediate Action,0
Research & Development,Manufacturing Director,2,9,8,3,8,2,3,4,4,Medium,0,Low,No Immediate Action,0
Human Resources,Human Resources,2,10,1,0,8,2,4,4,1,Low,0,Low,No Immediate Action,0
Research & Development,Manager,4,19,7,11,16,3,3,1,4,Medium,0,Low,No Immediate Action,0
Research & Development,Research Scientist,1,1,0,1,0,3,3,3,0,Low,0,Low,No Immediate Action,0
Sales,Sales Executive,2,8,7,0,7,5,3,3,2,Low,0,Low,No Immediate Action,0
Research & Development,Manager,4,22,17,4,7,3,3,4,3,Medium,0,Low,No Immediate Action,0
Research & Development,Healthcare Representative,2,2,0,2,2,5,3,1,1,Low,0,Low,No Immediate Action,0
Research & Development,Research Scientist,1,5,2,3,0,2,4,1,2,Low,0,Low,No Immediate Action,1
Research & Development,Laboratory Technician,1,4,2,1,0,3,3,4,0,Low,0,Low,No Immediate Action,1
Sales,Sales Executive,2,4,2,1,3,1,3,2,1,Low,0,Low,No Immediate Action,0
Sales,Sales Executive,2,5,4,1,4,3,4,2,1,Low,0,Low,No Immediate Action,0
Research & Development,Research Director,3,13,7,5,7,3,3,1,4,Medium,0,Low,No Immediate Action,0
Sales,Sales Executive,2,5,2,1,4,2,3,4,1,Low,0,Low,No Immediate Action,0
Sales,Sales Executive,2,4,2,0,1,3,3,4,0,Low,0,Low,No Immediate Action,0
Research & Development,Laboratory Technician,1,2,2,2,2,0,3,3,3,Medium,0,Low,No Immediate Action,0
Research & Development,Laboratory Technician,1,7,7,7,7,3,3,4,4,Medium,0,Low,No Immediate Action,0
Research & Development,Healthcare Representative,2,4,2,0,3,3,3,3,0,Low,0,Low,No Immediate Action,0
Sales,Sales Executive,2,10,4,0,9,2,3,3,2,Low,0,Low,No Immediate Action,0
Sales,Sales Executive,2,7,7,0,7,2,3,4,3,Medium,0,Low,No Immediate Action,0
Sales,Sales Representative,1,1,0,0,0,3,3,1,0,Low,0,Low,No Immediate Action,1
Sales,Sales Executive,2,3,2,1,2,1,3,3,1,Low,0,Low,No Immediate Action,0
Research & Development,Research Scientist,1,5,3,1,2,3,3,2,1,Low,0,Low,No Immediate Action,0
Research & Development,Research Scientist,2,15,10,6,11,3,3,4,4,Medium,0,Low,No Immediate Action,0
Sales,Sales Executive,2,2,0,2,2,0,3,3,3,Medium,0,Low,No Immediate Action,1
Research & Development,Research Scientist,2,8,7,1,7,4,3,2,2,Low,0,Low,No Immediate Action,0
Sales,Sales Executive,2,0,0,0,0,3,3,1,0,Low,0,Low,No Immediate Action,0
Research & Development,Manufacturing Director,2,10,0,7,9,3,4,1,2,Low,0,Low,No Immediate Action,0
Research & Development,Research Scientist,2,20,11,0,7,3,3,2,2,Low,0,Low,No Immediate Action,0
Sales,Manager,4,1,0,0,0,2,3,4,1,Low,0,Low,No Immediate Action,0
Research & Development,Research Scientist,1,4,1,0,3,2,3,3,1,Low,0,Low,No Immediate Action,1
Research & Development,Research Scientist,1,5,2,0,3,0,3,4,2,Low,0,Low,No Immediate Action,0
Research & Development,Research Director,5,5,4,4,3,3,3,4,2,Low,0,Low,No Immediate Action,0
Sales,Sales Executive,2,0,0,0,0,4,3,4,0,Low,0,Low,No Immediate Action,0
Human Resources,Human Resources,1,1,0,0,0,2,3,2,1,Low,0,Low,No Immediate Action,1
Sales,Sales Executive,2,5,3,0,4,2,3,1,2,Low,0,Low,No Immediate Action,0
Research & Development,Research Scientist,1,5,3,1,4,3,3,3,1,Low,0,Low,No Immediate Action,0
Research & Development,Research Scientist,1,4,2,2,3,3,3,1,1,Low,0,Low,No Immediate Action,0
Research & Development,Laboratory Technician,1,5,4,0,2,3,4,2,1,Low,0,Low,No Immediate Action,0
Sales,Sales Executive,3,14,8,2,1,3,4,4,3,Medium,0,Low,No Immediate Action,0
Sales,Sales Executive,3,8,7,1,1,2,3,3,3,Medium,0,Low,No Immediate Action,0
Research & Development,Laboratory Technician,1,7,7,7,6,6,3,1,4,Medium,0,Low,No Immediate Action,0
Research & Development,Healthcare Representative,2,5,3,0,2,5,3,1,1,Low,0,Low,No Immediate Action,0
Research & Development,Healthcare Representative,2,5,1,1,2,6,3,4,0,Low,0,Low,No Immediate Action,0
Research & Development,Research Scientist,2,10,8,8,7,6,4,1,4,Medium,0,Low,No Immediate Action,0
Research & Development,Laboratory Technician,1,4,1,0,3,2,3,4,1,Low,0,Low,No Immediate Action,1
Sales,Sales Representative,1,1,0,0,0,3,3,1,0,Low,0,Low,No Immediate Action,0
Sales,Sales Executive,2,10,8,0,9,2,3,4,3,Medium,0,Low,No Immediate Action,0
Sales,Sales Executive,2,7,7,0,7,5,3,4,2,Low,0,Low,No Immediate Action,0
Research & Development,Manufacturing Director,2,1,0,0,0,1,4,4,1,Low,0,Low,No Immediate Action,0
Sales,Sales Executive,2,10,7,0,8,4,3,4,2,Low,0,Low,No Immediate Action,1
Sales,Sales Executive,3,2,2,2,2,2,3,1,2,Low,0,Low,No Immediate Action,1
Research & Development,Research Scientist,2,4,3,2,3,6,3,3,2,Low,0,Low,No Immediate Action,0
Research & Development,Healthcare Representative,2,9,7,2,8,2,4,3,4,Medium,0,Low,No Immediate Action,0
Research & Development,Healthcare Representative,3,10,9,0,9,1,3,3,3,Medium,0,Low,No Immediate Action,0
Human Resources,Human Resources,1,6,2,1,2,2,3,2,1,Low,0,Low,No Immediate Action,0
Human Resources,Manager,5,10,9,1,4,0,3,2,4,Medium,0,Low,No Immediate Action,0
Research & Development,Laboratory Technician,1,1,0,0,0,4,3,4,0,Low,0,Low,No Immediate Action,0
Sales,Sales Executive,4,20,8,11,10,3,3,1,4,Medium,0,Low,No Immediate Action,0
Research & Development,Research Scientist,2,20,9,3,7,2,3,3,4,Medium,0,Low,No Immediate Action,0
Research & Development,Research Director,3,11,7,4,8,2,4,3,4,Medium,0,Low,No Immediate Action,0
Research & Development,Manufacturing Director,2,5,2,1,4,3,3,1,0,Low,0,Low,No Immediate Action,0
Research & Development,Healthcare Representative,2,4,3,1,2,2,3,3,2,Low,0,Low,No Immediate Action,0
Research & Development,Laboratory Technician,1,5,2,1,4,6,3,4,0,Low,0,Low,No Immediate Action,0
Research & Development,Laboratory Technician,2,10,9,9,4,2,3,3,5,Medium,0,Low,No Immediate Action,0
Sales,Sales Executive,2,11,8,5,10,4,3,2,4,Medium,0,Low,No Immediate Action,0
Human Resources,Human Resources,1,2,0,1,2,3,3,2,0,Low,0,Low,No Immediate Action,0
Research & Development,Laboratory Technician,1,12,8,1,7,6,3,2,2,Low,0,Low,No Immediate Action,0
Research & Development,Laboratory Technician,1,2,2,0,2,2,3,3,1,Low,0,Low,No Immediate Action,0
Research & Development,Healthcare Representative,3,17,14,12,11,3,4,3,4,Medium,0,Low,No Immediate Action,0
Research & Development,Laboratory Technician,1,1,1,0,0,2,3,3,1,Low,0,Low,No Immediate Action,0
Sales,Sales Executive,2,15,13,5,8,3,3,2,4,Medium,0,Low,No Immediate Action,0
Sales,Sales Representative,1,2,2,1,2,1,3,3,1,Low,0,Low,No Immediate Action,0
Research & Development,Manufacturing Director,2,8,3,7,7,1,3,3,4,Medium,0,Low,No Immediate Action,0
Research & Development,Research Scientist,2,4,3,1,2,3,3,1,1,Low,0,Low,No Immediate Action,0
Research & Development,Research Scientist,1,5,3,1,0,3,4,4,1,Low,0,Low,No Immediate Action,0
Research & Development,Research Director,3,13,8,5,12,3,3,2,4,Medium,0,Low,No Immediate Action,0
Research & Development,Laboratory Technician,1,2,2,2,2,3,3,3,1,Low,0,Low,No Immediate Action,0
Research & Development,Research Scientist,1,3,2,1,2,2,3,3,1,Low,0,Low,No Immediate Action,0
Research & Development,Research Scientist,2,10,7,0,8,5,3,3,2,Low,0,Low,No Immediate Action,0
Research & Development,Healthcare Representative,2,9,7,8,1,6,3,4,4,Medium,0,Low,No Immediate Action,0
Research & Development,Laboratory Technician,1,6,2,4,1,3,3,2,1,Low,0,Low,No Immediate Action,0
Research & Development,Laboratory Technician,1,1,0,0,0,3,3,4,0,Low,0,Low,No Immediate Action,0
Sales,Sales Representative,1,2,2,2,2,2,3,2,2,Low,0,Low,No Immediate Action,0
Research & Development,Research Scientist,2,7,7,1,7,2,3,4,3,Medium,0,Low,No Immediate Action,0
Research & Development,Research Director,3,18,16,1,11,3,3,3,2,Low,0,Low,No Immediate Action,0
Sales,Sales Executive,3,14,10,5,7,3,3,4,4,Medium,0,Low,No Immediate Action,0
Research & Development,Research Director,3,16,11,6,8,2,4,4,5,Medium,0,Low,No Immediate Action,0
Sales,Sales Executive,2,5,3,0,4,3,4,3,1,Low,0,Low,No Immediate Action,0
Sales,Sales Representative,1,9,8,0,0,3,3,4,2,Low,0,Low,No Immediate Action,0
Research & Development,Research Scientist,1,4,3,1,2,2,3,4,2,Low,0,Low,No Immediate Action,0
Sales,Sales Representative,1,2,2,1,2,6,3,1,0,Low,0,Low,No Immediate Action,0
Research & Development,Manager,5,6,0,1,3,3,3,4,0,Low,0,Low,No Immediate Action,0
Sales,Sales Representative,1,1,0,1,0,3,3,1,0,Low,0,Low,No Immediate Action,1
Sales,Sales Executive,3,9,7,3,4,2,3,4,4,Medium,0,Low,No Immediate Action,0
Research & Development,Manufacturing Director,2,4,2,0,2,3,3,2,0,Low,0,Low,No Immediate Action,0
Research & Development,Healthcare Representative,2,13,12,1,9,2,4,3,3,Medium,0,Low,No Immediate Action,0
Research & Development,Research Scientist,1,2,2,2,2,3,3,4,1,Low,0,Low,No Immediate Action,1
Research & Development,Manager,5,22,6,4,14,2,3,3,4,Medium,0,Low,No Immediate Action,0
Research & Development,Laboratory Technician,1,10,9,9,8,4,3,3,4,Medium,0,Low,No Immediate Action,1
Research & Development,Manufacturing Director,4,20,7,0,10,3,4,2,2,Low,0,Low,No Immediate Action,0
Sales,Sales Executive,2,8,7,1,7,2,4,3,3,Medium,0,Low,No Immediate Action,0
Sales,Sales Executive,2,15,12,11,11,4,4,4,4,Medium,0,Low,No Immediate Action,0
Sales,Sales Executive,2,5,4,0,4,5,3,2,1,Low,0,Low,No Immediate Action,0
Research & Development,Research Scientist,1,4,2,1,2,4,3,1,0,Low,0,Low,No Immediate Action,0
Human Resources,Human Resources,3,9,0,1,7,2,3,4,1,Low,0,Low,No Immediate Action,0
Sales,Sales Executive,2,10,7,1,9,1,3,4,3,Medium,0,Low,No Immediate Action,0
Sales,Sales Executive,2,6,3,0,1,3,3,3,1,Low,0,Low,No Immediate Action,1
Sales,Sales Executive,2,6,3,0,0,2,3,4,2,Low,0,Low,No Immediate Action,0
Sales,Sales Executive,2,5,3,0,1,3,3,3,1,Low,0,Low,No Immediate Action,0
Research & Development,Research Scientist,1,2,2,2,2,2,3,3,2,Low,0,Low,No Immediate Action,0
Research & Development,Healthcare Representative,2,10,2,0,2,2,3,3,1,Low,0,Low,No Immediate Action,0
Research & Development,Research Scientist,1,5,3,0,2,2,3,3,2,Low,0,Low,No Immediate Action,0
Research & Development,Research Scientist,1,4,3,1,1,5,3,4,1,Low,0,Low,No Immediate Action,0
Research & Development,Laboratory Technician,2,4,3,0,3,2,3,2,2,Low,0,Low,No Immediate Action,0
Research & Development,Research Scientist,1,5,4,0,4,3,3,1,1,Low,0,Low,No Immediate Action,0
Sales,Sales Executive,3,3,2,2,0,3,3,1,1,Low,0,Low,No Immediate Action,1
Sales,Sales Executive,4,20,9,9,6,2,3,4,5,Medium,0,Low,No Immediate Action,0
Research & Development,Manufacturing Director,2,9,4,1,7,2,3,1,2,Low,0,Low,No Immediate Action,0
Sales,Sales Representative,1,4,2,0,0,2,3,3,1,Low,0,Low,No Immediate Action,0
Research & Development,Laboratory Technician,2,5,2,0,3,3,3,4,0,Low,0,Low,No Immediate Action,0
Research & Development,Healthcare Representative,3,7,7,1,7,5,3,1,2,Low,0,Low,No Immediate Action,0
Research & Development,Manufacturing Director,2,6,2,0,3,0,4,2,2,Low,0,Low,No Immediate Action,0
Sales,Sales Executive,2,9,6,0,8,3,3,2,2,Low,0,Low,No Immediate Action,0
Research & Development,Laboratory Technician,2,4,3,1,2,3,3,3,1,Low,0,Low,No Immediate Action,0
