YearsAtCompany,YearsInCurrentRole,YearsSinceLastPromotion,YearsWithCurrManager,TotalWorkingYears,TrainingTimesLastYear,JobLevel,PromotionGapRatio,RoleStagnationRatio,ManagerStabilityRatio
-0.16461310905422863,-0.063295899399149,-0.6791456840737199,0.24583399463483546,-0.42164245835933756,-2.171981830933257,-0.05778754527941421,-0.8526066181615414,0.2665238325659667,0.8209587803034187
0.48850772848886465,0.7649976209279952,-0.3687152874355457,0.8065414765793012,-0.16451140099023315,0.1557070814399298,-0.05778754527941421,-0.5588390039516005,0.3669699318220838,0.4224948163976181
-1.1442943653688686,-1.1676872598353414,-0.6791456840737199,-1.1559347102263289,-0.5502079870438897,0.1557070814399298,-0.9614863916702531,-0.8526066181615414,-1.742398152556376,-1.669440994107834
0.16194730971731802,0.7649976209279952,0.2521455058408027,-1.1559347102263289,-0.42164245835933756,0.1557070814399298,-0.9614863916702531,0.24902193512573667,0.894311952916699,-1.669440994107834
-0.8177339465973219,-0.6154915796172451,-0.058284890797371494,-0.5952272282818631,-0.678773515728442,0.1557070814399298,-0.9614863916702531,2.0850695239378667,1.2709848251271383,1.3190387351856692
-0.0013328996684553085,0.7649976209279952,0.2521455058408027,0.5261877356070683,-0.42164245835933756,-0.6201892226844657,-0.9614863916702531,0.4063974427382047,1.2709848251271383,0.8921130595723115
-0.9810141559830953,-1.1676872598353414,-0.6791456840737199,-1.1559347102263289,0.09261965637887129,0.1557070814399298,-0.9614863916702531,-0.8526066181615414,-1.742398152556376,-1.669440994107834
-0.9810141559830953,-1.1676872598353414,-0.6791456840737199,-1.1559347102263289,-1.3216011591512031,-0.6201892226844657,-0.9614863916702531,-0.8526066181615414,-1.742398152556376,-1.669440994107834
0.32522751910309133,0.7649976209279952,-0.3687152874355457,1.086895217551534,-0.16451140099023315,-0.6201892226844657,0.8459113011114247,-0.5261981579282737,0.6013441634196907,0.9869854319308353
-0.0013328996684553085,0.7649976209279952,1.4938670923934996,0.8065414765793012,0.7354472998016324,0.1557070814399298,-0.05778754527941421,2.0850695239378667,1.2709848251271383,1.3190387351856692
-0.32789331844000197,-0.063295899399149,-0.6791456840737199,-0.3148734873096303,-0.678773515728442,1.707499689688721,-0.9614863916702531,-0.8526066181615414,0.6683082295904356,0.12364684346826783
0.32522751910309133,0.21280194070989908,-0.6791456840737199,1.086895217551534,-0.16451140099023315,0.1557070814399298,-0.05778754527941421,-0.8526066181615414,-0.06829649828775697,0.9869854319308353
-0.32789331844000197,-0.6154915796172451,0.5625759024789769,-0.3148734873096303,-0.8073390444129942,-1.3960855268088614,-0.9614863916702531,1.4975342955179851,-0.5370449614829703,0.12364684346826783
-0.8177339465973219,-0.6154915796172451,-0.3687152874355457,-0.5952272282818631,-1.0644701017820986,-0.6201892226844657,-0.9614863916702531,0.6162314528881626,1.2709848251271383,1.3190387351856692
-0.4911735278257753,-0.6154915796172451,-0.6791456840737199,-0.3148734873096303,-0.678773515728442,0.9316033855643254,-0.9614863916702531,-0.8526066181615414,-0.23570666371461896,0.5719188028622934
0.48850772848886465,1.3171933011460915,1.8042974890316739,1.086895217551534,-0.16451140099023315,-1.3960855268088614,0.8459113011114247,1.4975342955179851,0.9696465273587869,0.7213427893269687
-0.16461310905422863,-0.6154915796172451,-0.6791456840737199,0.24583399463483546,-0.5502079870438897,1.707499689688721,-0.9614863916702531,-0.8526066181615414,-0.7379371599952047,0.8209587803034187
-0.9810141559830953,-1.1676872598353414,-0.6791456840737199,-1.1559347102263289,-1.3216011591512031,-0.6201892226844657,-0.9614863916702531,-0.8526066181615414,-1.742398152556376,-1.669440994107834
2.9377108692754645,1.0410954610370433,0.2521455058408027,0.8065414765793012,2.535364701385363,0.1557070814399298,1.7496101475022634,-0.5000854811096124,-0.7781155996976515,-0.8326666699056531
-0.6544537372115486,-0.6154915796172451,-0.3687152874355457,-0.5952272282818631,-0.678773515728442,0.1557070814399298,-0.9614863916702531,0.1266187625382613,0.2665238325659667,0.322878825421168
-0.4911735278257753,-0.6154915796172451,-0.3687152874355457,-0.3148734873096303,-0.8073390444129942,1.707499689688721,-0.05778754527941421,-0.11818758263668933,-0.23570666371461896,0.5719188028622934
-0.32789331844000197,-0.33939373950819707,-0.6791456840737199,-0.3148734873096303,-0.16451140099023315,0.9316033855643254,-0.9614863916702531,-0.8526066181615414,0.06563163405373243,0.12364684346826783
0.8150681472604113,0.48889978081894714,-0.058284890797371494,1.9279564404682326,0.2211851850634235,0.9316033855643254,0.8459113011114247,-0.3629939278116402,-0.23570666371461896,1.0699987577445438
-1.1442943653688686,-1.1676872598353414,-0.6791456840737199,-1.1559347102263289,-1.4501666878357553,2.4833959938131165,-0.9614863916702531,-0.8526066181615414,-1.742398152556376,-1.669440994107834
-0.4911735278257753,-0.6154915796172451,-0.3687152874355457,-0.3148734873096303,-0.42164245835933756,-0.6201892226844657,-0.9614863916702531,-0.11818758263668933,-0.23570666371461896,0.5719188028622934
1.141628566031958,2.4215846615822834,0.5625759024789769,1.086895217551534,1.8925370579626022,0.1557070814399298,2.6533089938931025,-0.01327057756171052,1.05574318386403,0.03826170834559628
0.48850772848886465,-0.6154915796172451,1.1834366957553253,0.8065414765793012,-0.16451140099023315,1.707499689688721,-0.9614863916702531,0.9099990670981034,-1.1397215570196733,0.4224948163976181
0.32522751910309133,0.7649976209279952,0.5625759024789769,-0.5952272282818631,-0.16451140099023315,-0.6201892226844657,-0.05778754527941421,0.4530272227715288,0.6013441634196907,-1.0053343875981666
2.4478702411181446,0.48889978081894714,0.8730062991171511,3.6100788863016295,1.6354060005934978,0.9316033855643254,0.8459113011114247,-0.18495294950258515,-0.9205664313699632,0.639838796709873
-0.8177339465973219,-0.6154915796172451,-0.058284890797371494,-0.8755809692540959,1.3782749432243935,-0.6201892226844657,2.6533089938931025,2.0850695239378667,1.2709848251271383,-0.17520112946108243
-0.9810141559830953,-0.8915894197262932,-0.6791456840737199,-1.1559347102263289,-0.5502079870438897,0.1557070814399298,-0.9614863916702531,-0.8526066181615414,1.2709848251271383,-1.669440994107834
-0.4911735278257753,-0.6154915796172451,-0.3687152874355457,-0.3148734873096303,-0.2930769296747854,1.707499689688721,-0.05778754527941421,-0.11818758263668933,-0.23570666371461896,0.5719188028622934
0.48850772848886465,-1.1676872598353414,-0.3687152874355457,1.086895217551534,-0.16451140099023315,1.707499689688721,-0.9614863916702531,-0.5588390039516005,-1.742398152556376,0.7213427893269687
-0.9810141559830953,-1.1676872598353414,-0.6791456840737199,-1.1559347102263289,0.9925783571707368,2.4833959938131165,-0.05778754527941421,-0.8526066181615414,-1.742398152556376,-1.669440994107834
-0.8177339465973219,-1.1676872598353414,-0.058284890797371494,-1.1559347102263289,-0.678773515728442,-0.6201892226844657,-0.9614863916702531,2.0850695239378667,-1.742398152556376,-1.669440994107834
-0.32789331844000197,-0.33939373950819707,-0.3687152874355457,-0.0345197463373974,-0.678773515728442,0.1557070814399298,-0.9614863916702531,-0.26507138974165967,0.06563163405373243,0.7213427893269687
-0.6544537372115486,-0.6154915796172451,-0.6791456840737199,-0.5952272282818631,-1.0644701017820986,-0.6201892226844657,-0.9614863916702531,-0.8526066181615414,0.2665238325659667,0.322878825421168
-0.8177339465973219,-0.6154915796172451,-0.058284890797371494,-0.5952272282818631,-1.193035630466651,0.1557070814399298,-0.9614863916702531,2.0850695239378667,1.2709848251271383,1.3190387351856692
-0.9810141559830953,-0.8915894197262932,-0.6791456840737199,-1.1559347102263289,-0.678773515728442,0.1557070814399298,-0.9614863916702531,-0.8526066181615414,1.2709848251271383,-1.669440994107834
-0.32789331844000197,-0.33939373950819707,-0.3687152874355457,-0.3148734873096303,-0.16451140099023315,0.1557070814399298,-0.05778754527941421,-0.26507138974165967,0.06563163405373243,0.12364684346826783
-0.9810141559830953,-1.1676872598353414,-0.6791456840737199,-1.1559347102263289,-1.3216011591512031,0.1557070814399298,-0.9614863916702531,-0.8526066181615414,-1.742398152556376,-1.669440994107834
-0.9810141559830953,-1.1676872598353414,-0.6791456840737199,-1.1559347102263289,-1.3216011591512031,2.4833959938131165,-0.9614863916702531,-0.8526066181615414,-1.742398152556376,-1.669440994107834
-0.9810141559830953,-1.1676872598353414,-0.6791456840737199,-0.8755809692540959,-1.3216011591512031,-0.6201892226844657,-0.9614863916702531,-0.8526066181615414,-1.742398152556376,1.3190387351856692
0.32522751910309133,1.0410954610370433,-0.3687152874355457,0.8065414765793012,-0.2930769296747854,-2.171981830933257,0.8459113011114247,-0.5261981579282737,0.9361644942734143,0.6549321286760018
0.8150681472604113,1.0410954610370433,0.2521455058408027,0.8065414765793012,0.09261965637887129,-0.6201892226844657,-0.05778754527941421,-0.11818758263668933,0.2665238325659667,0.07383884798004295
2.4478702411181446,2.9737803418003796,3.977310265498893,1.086895217551534,1.5068404719089457,-2.171981830933257,2.6533089938931025,1.1503543878153275,0.31218115040965627,-0.5827210925465602
0.32522751910309133,0.21280194070989908,1.8042974890316739,0.8065414765793012,-0.16451140099023315,-0.6201892226844657,-0.05778754527941421,1.758661063704599,-0.06829649828775697,0.6549321286760018
-0.9810141559830953,-1.1676872598353414,-0.6791456840737199,-1.1559347102263289,-0.42164245835933756,-1.3960855268088614,-0.9614863916702531,-0.8526066181615414,-1.742398152556376,-1.669440994107834
0.32522751910309133,0.48889978081894714,-0.6791456840737199,1.086895217551534,0.34975071374797573,0.9316033855643254,-0.05778754527941421,-0.8526066181615414,0.2665238325659667,0.9869854319308353
-0.9810141559830953,-1.1676872598353414,-0.6791456840737199,-0.8755809692540959,-1.3216011591512031,-0.6201892226844657,-0.9614863916702531,-0.8526066181615414,-1.742398152556376,1.3190387351856692
-0.9810141559830953,-1.1676872598353414,-0.6791456840737199,-1.1559347102263289,1.5068404719089457,-0.6201892226844657,0.8459113011114247,-0.8526066181615414,-1.742398152556376,-1.669440994107834
-0.8177339465973219,-0.6154915796172451,-0.058284890797371494,-0.5952272282818631,-1.193035630466651,0.1557070814399298,-0.9614863916702531,2.0850695239378667,1.2709848251271383,1.3190387351856692
-0.4911735278257753,-0.33939373950819707,-0.3687152874355457,-0.3148734873096303,-0.2930769296747854,-0.6201892226844657,-0.05778754527941421,-0.11818758263668933,0.5176390807062596,0.5719188028622934
-0.4911735278257753,-1.1676872598353414,-0.058284890797371494,-0.3148734873096303,-0.16451140099023315,0.1557070814399298,0.8459113011114247,0.6162314528881626,-1.742398152556376,0.5719188028622934
-0.8177339465973219,-0.6154915796172451,-0.6791456840737199,-1.1559347102263289,-0.8073390444129942,-0.6201892226844657,-0.05778754527941421,-0.8526066181615414,1.2709848251271383,-1.669440994107834
1.3049087754177313,2.6976825016913315,1.8042974890316739,2.2083101814404653,0.4783162424325279,-1.3960855268088614,0.8459113011114247,0.7141539909581429,1.0700926266149038,0.7213427893269687
0.32522751910309133,1.0410954610370433,-0.3687152874355457,1.086895217551534,-0.2930769296747854,0.1557070814399298,0.8459113011114247,-0.5261981579282737,0.9361644942734143,0.9869854319308353
-0.8177339465973219,-0.6154915796172451,-0.058284890797371494,-0.5952272282818631,-0.9359045730975464,0.1557070814399298,-0.9614863916702531,2.0850695239378667,1.2709848251271383,1.3190387351856692
-0.0013328996684553085,0.7649976209279952,-0.3687152874355457,0.8065414765793012,-0.16451140099023315,0.1557070814399298,-0.05778754527941421,-0.4329385978616261,1.2709848251271383,1.3190387351856692
-0.0013328996684553085,0.21280194070989908,-0.6791456840737199,0.8065414765793012,-0.5502079870438897,-0.6201892226844657,-0.05778754527941421,-0.8526066181615414,0.4100182600747056,1.3190387351856692
0.32522751910309133,1.0410954610370433,1.4938670923934996,1.086895217551534,-0.2930769296747854,0.1557070814399298,-0.05778754527941421,1.4322526034713317,0.9361644942734143,0.9869854319308353
0.48850772848886465,-0.33939373950819707,2.114727885669848,1.3672489585237668,-0.16451140099023315,-0.6201892226844657,-0.05778754527941421,1.791301909727926,-0.8383832592513218,1.0201907622563189
3.264271288047011,-0.33939373950819707,3.3564494722225446,1.086895217551534,2.2782336440162587,-0.6201892226844657,2.6533089938931025,0.5618300428492845,-1.4075778217026524,-0.7839655187616109
2.284590031732371,3.249878181909428,1.4938670923934996,1.3672489585237668,2.1496681153317065,0.1557070814399298,0.8459113011114247,0.1266187625382613,0.5535126875834442,-0.3886639672677615
1.6314691941892778,2.6976825016913315,3.0460190755843706,1.086895217551534,0.7354472998016324,-0.6201892226844657,0.8459113011114247,1.2210471292027467,0.7392113584771062,-0.2630975920873621
-0.32789331844000197,-1.1676872598353414,-0.6791456840737199,-0.5952272282818631,1.2497094145398413,-0.6201892226844657,1.7496101475022634,-0.8526066181615414,-1.742398152556376,-0.4740491023904327
-0.16461310905422863,0.21280194070989908,-0.6791456840737199,-0.3148734873096303,-0.678773515728442,0.1557070814399298,-0.05778754527941421,-0.8526066181615414,0.7687543288465527,-0.17520112946108243
-0.9810141559830953,-1.1676872598353414,-0.6791456840737199,-1.1559347102263289,1.76397152927805,-0.6201892226844657,0.8459113011114247,-0.8526066181615414,-1.742398152556376,-1.669440994107834
-0.6544537372115486,-0.6154915796172451,-0.3687152874355457,-0.5952272282818631,-0.8073390444129942,-0.6201892226844657,-0.9614863916702531,0.1266187625382613,0.2665238325659667,0.322878825421168
-0.9810141559830953,-1.1676872598353414,-0.6791456840737199,-1.1559347102263289,-1.193035630466651,-2.171981830933257,-0.9614863916702531,-0.8526066181615414,-1.742398152556376,-1.669440994107834
-0.4911735278257753,-0.33939373950819707,-0.3687152874355457,-0.3148734873096303,1.121143885855289,-0.6201892226844657,-0.05778754527941421,-0.11818758263668933,0.5176390807062596,0.5719188028622934
-0.32789331844000197,-0.063295899399149,-0.6791456840737199,-0.0345197463373974,-0.678773515728442,0.1557070814399298,-0.9614863916702531,-0.8526066181615414,0.6683082295904356,0.7213427893269687
-0.9810141559830953,-0.8915894197262932,-0.3687152874355457,-1.1559347102263289,-1.3216011591512031,0.9316033855643254,-0.9614863916702531,2.0850695239378667,1.2709848251271383,-1.669440994107834
0.48850772848886465,-0.063295899399149,-0.6791456840737199,1.3672489585237668,-0.16451140099023315,0.1557070814399298,-0.05778754527941421,-0.8526066181615414,-0.5370449614829703,1.0201907622563189
-0.9810141559830953,-1.1676872598353414,-0.6791456840737199,-1.1559347102263289,-0.8073390444129942,0.1557070814399298,-0.9614863916702531,-0.8526066181615414,-1.742398152556376,-1.669440994107834
0.651787937874638,0.7649976209279952,-0.3687152874355457,1.086895217551534,-0.03594587230568093,-0.6201892226844657,-0.05778754527941421,-0.5855451506979589,0.17520919687858755,0.5039988090147138
1.3049087754177313,2.4215846615822834,-0.058284890797371494,1.086895217551534,0.6068817711170802,-0.6201892226844657,-0.05778754527941421,-0.46091646588162033,0.8692004281026697,-0.07558513848463234
-1.1442943653688686,-1.1676872598353414,-0.6791456840737199,-1.1559347102263289,0.7354472998016324,0.1557070814399298,0.8459113011114247,-0.8526066181615414,-1.742398152556376,-1.669440994107834
-0.32789331844000197,-0.6154915796172451,-0.6791456840737199,-0.5952272282818631,0.6068817711170802,0.1557070814399298,0.8459113011114247,-0.8526066181615414,-0.5370449614829703,-0.4740491023904327
-0.4911735278257753,-0.6154915796172451,-0.6791456840737199,-0.5952272282818631,0.6068817711170802,-0.6201892226844657,-0.05778754527941421,-0.8526066181615414,-0.23570666371461896,-0.17520112946108243
0.48850772848886465,1.0410954610370433,0.2521455058408027,-1.1559347102263289,-0.16451140099023315,-1.3960855268088614,-0.05778754527941421,0.02869622446828104,0.6683082295904356,-1.669440994107834
-0.16461310905422863,-0.063295899399149,-0.6791456840737199,-0.0345197463373974,-0.678773515728442,0.1557070814399298,-0.9614863916702531,-0.8526066181615414,0.2665238325659667,0.322878825421168
-0.9810141559830953,-1.1676872598353414,-0.3687152874355457,-1.1559347102263289,1.6354060005934978,0.9316033855643254,0.8459113011114247,2.0850695239378667,-1.742398152556376,-1.669440994107834
0.9783483566461847,1.8693889813641875,-0.3687152874355457,1.3672489585237668,0.7354472998016324,0.1557070814399298,-0.05778754527941421,-0.6266315303077408,0.8073874439450591,0.39950651078766813
-0.32789331844000197,-0.6154915796172451,-0.3687152874355457,-0.3148734873096303,-0.8073390444129942,-0.6201892226844657,-0.05778754527941421,-0.26507138974165967,-0.5370449614829703,0.12364684346826783
-0.16461310905422863,-0.063295899399149,-0.6791456840737199,-0.5952272282818631,3.3067578734926766,0.1557070814399298,0.8459113011114247,-0.8526066181615414,0.2665238325659667,-0.673281084343333
-1.1442943653688686,-1.1676872598353414,-0.6791456840737199,-1.1559347102263289,-1.0644701017820986,0.1557070814399298,-0.9614863916702531,-0.8526066181615414,-1.742398152556376,-1.669440994107834
-0.4911735278257753,-0.6154915796172451,-0.6791456840737199,-0.3148734873096303,-0.16451140099023315,0.9316033855643254,-0.9614863916702531,-0.8526066181615414,-0.23570666371461896,0.5719188028622934
0.651787937874638,1.5932911412551394,2.4251582823080224,1.086895217551534,-0.03594587230568093,0.1557070814399298,-0.05778754527941421,1.8180080564742844,0.9970409180650008,0.5039988090147138
0.32522751910309133,1.0410954610370433,0.5625759024789769,0.8065414765793012,-0.2930769296747854,0.1557070814399298,0.8459113011114247,0.4530272227715288,0.9361644942734143,0.6549321286760018
2.4478702411181446,-0.33939373950819707,2.7355886789461965,1.9279564404682326,1.3782749432243935,0.1557070814399298,1.7496101475022634,0.6162314528881626,-1.33148229196317,-0.17520112946108243
0.48850772848886465,0.7649976209279952,-0.3687152874355457,-1.1559347102263289,-0.03594587230568093,-0.6201892226844657,-0.05778754527941421,-0.5588390039516005,0.3669699318220838,-1.669440994107834
0.651787937874638,1.0410954610370433,-0.058284890797371494,0.8065414765793012,-0.03594587230568093,0.9316033855643254,-0.05778754527941421,-0.3184836832343763,0.44915310394072533,0.23231883362439526
0.48850772848886465,1.3171933011460915,2.114727885669848,0.24583399463483546,1.2497094145398413,1.707499689688721,0.8459113011114247,1.791301909727926,0.9696465273587869,-0.17520112946108243
0.651787937874638,1.0410954610370433,0.8730062991171511,0.8065414765793012,0.09261965637887129,-2.171981830933257,-0.05778754527941421,0.4827007191563712,0.44915310394072533,0.23231883362439526
-0.4911735278257753,-0.33939373950819707,-0.6791456840737199,-0.3148734873096303,0.6068817711170802,1.707499689688721,0.8459113011114247,-0.8526066181615414,0.5176390807062596,0.5719188028622934
-0.6544537372115486,-0.6154915796172451,-0.6791456840737199,-0.5952272282818631,-0.9359045730975464,-0.6201892226844657,-0.05778754527941421,-0.8526066181615414,0.2665238325659667,0.322878825421168
-0.32789331844000197,-0.063295899399149,-0.6791456840737199,-0.0345197463373974,-0.8073390444129942,0.1557070814399298,-0.05778754527941421,-0.8526066181615414,0.6683082295904356,0.7213427893269687
4.897073381904744,1.5932911412551394,-0.3687152874355457,1.086895217551534,3.4353234021772288,-1.3960855268088614,1.7496101475022634,-0.7732099656723683,-0.9279703207500208,-1.0232832148011306
-0.6544537372115486,-0.6154915796172451,-0.3687152874355457,-0.5952272282818631,0.7354472998016324,0.1557070814399298,-0.05778754527941421,0.1266187625382613,0.2665238325659667,0.322878825421168
-0.6544537372115486,-0.6154915796172451,-0.6791456840737199,-0.5952272282818631,-0.5502079870438897,0.1557070814399298,-0.9614863916702531,-0.8526066181615414,0.2665238325659667,0.322878825421168
-0.9810141559830953,-1.1676872598353414,-0.6791456840737199,-1.1559347102263289,-1.3216011591512031,-0.6201892226844657,-0.9614863916702531,-0.8526066181615414,-1.742398152556376,-1.669440994107834
-0.9810141559830953,-1.1676872598353414,-0.3687152874355457,-1.1559347102263289,-1.3216011591512031,1.707499689688721,-0.9614863916702531,2.0850695239378667,-1.742398152556376,-1.669440994107834
1.4681889848035046,2.4215846615822834,-0.058284890797371494,1.6476026994959998,0.6068817711170802,0.1557070814399298,-0.05778754527941421,-0.4853971003991153,0.7059755168114793,0.19835883670060547
-0.9810141559830953,-1.1676872598353414,-0.6791456840737199,-1.1559347102263289,0.7354472998016324,-0.6201892226844657,-0.05778754527941421,-0.8526066181615414,-1.742398152556376,-1.669440994107834
-0.6544537372115486,-0.6154915796172451,-0.058284890797371494,-0.5952272282818631,2.406799172700811,0.1557070814399298,2.6533089938931025,1.105844143238064,0.2665238325659667,0.322878825421168
0.16194730971731802,-0.33939373950819707,-0.6791456840737199,0.8065414765793012,2.1496681153317065,-1.3960855268088614,2.6533089938931025,-0.8526066181615414,-0.6123795359250582,0.9454787690239813
-0.16461310905422863,-0.063295899399149,-0.6791456840737199,-0.3148734873096303,-0.678773515728442,-1.3960855268088614,-0.05778754527941421,-0.8526066181615414,0.2665238325659667,-0.17520112946108243
-0.8177339465973219,-0.6154915796172451,-0.058284890797371494,-0.8755809692540959,-1.193035630466651,-0.6201892226844657,-0.9614863916702531,2.0850695239378667,1.2709848251271383,-0.17520112946108243
-1.1442943653688686,-1.1676872598353414,-0.6791456840737199,-1.1559347102263289,-1.3216011591512031,1.707499689688721,-0.9614863916702531,-0.8526066181615414,-1.742398152556376,-1.669440994107834
0.9783483566461847,2.1454868214732357,3.0460190755843706,1.086895217551534,1.5068404719089457,-1.3960855268088614,0.8459113011114247,1.8590944360840664,1.039186134536099,0.16962345468816806
0.32522751910309133,0.7649976209279952,-0.6791456840737199,0.5261877356070683,-0.2930769296747854,0.1557070814399298,-0.05778754527941421,-0.8526066181615414,0.6013441634196907,0.322878825421168
-0.32789331844000197,-0.33939373950819707,0.5625759024789769,-0.0345197463373974,1.5068404719089457,0.1557070814399298,1.7496101475022634,1.4975342955179851,0.06563163405373243,0.7213427893269687
-0.32789331844000197,-0.33939373950819707,-0.3687152874355457,-0.5952272282818631,-0.678773515728442,-0.6201892226844657,-0.9614863916702531,-0.26507138974165967,0.06563163405373243,-0.4740491023904327
-0.9810141559830953,-1.1676872598353414,-0.6791456840737199,-1.1559347102263289,0.09261965637887129,0.1557070814399298,-0.05778754527941421,-0.8526066181615414,-1.742398152556376,-1.669440994107834
-0.32789331844000197,-0.33939373950819707,-0.3687152874355457,-0.3148734873096303,0.09261965637887129,0.1557070814399298,0.8459113011114247,-0.26507138974165967,0.06563163405373243,0.12364684346826783
0.651787937874638,1.5932911412551394,0.8730062991171511,1.086895217551534,0.34975071374797573,2.4833959938131165,0.8459113011114247,0.4827007191563712,0.9970409180650008,0.5039988090147138
0.32522751910309133,0.7649976209279952,-0.058284890797371494,1.086895217551534,-0.16451140099023315,2.4833959938131165,0.8459113011114247,-0.19978969769500626,0.6013441634196907,0.9869854319308353
-0.9810141559830953,-1.1676872598353414,-0.6791456840737199,-1.1559347102263289,-0.5502079870438897,-0.6201892226844657,-0.9614863916702531,-0.8526066181615414,-1.742398152556376,-1.669440994107834
2.9377108692754645,2.1454868214732357,0.5625759024789769,2.2083101814404653,1.76397152927805,0.1557070814399298,1.7496101475022634,-0.382578435425636,-0.2959743232682893,-0.23497072404695254
0.48850772848886465,0.7649976209279952,-0.6791456840737199,1.3672489585237668,-0.16451140099023315,-0.6201892226844657,-0.9614863916702531,-0.8526066181615414,0.3669699318220838,1.0201907622563189
-0.0013328996684553085,0.7649976209279952,-0.6791456840737199,0.8065414765793012,-0.42164245835933756,-0.6201892226844657,-0.05778754527941421,-0.8526066181615414,1.2709848251271383,1.3190387351856692
-0.32789331844000197,-0.063295899399149,0.5625759024789769,-0.3148734873096303,-0.5502079870438897,-0.6201892226844657,-0.9614863916702531,1.4975342955179851,0.6683082295904356,0.12364684346826783
2.1213098223465976,3.8020738621275236,3.977310265498893,3.049371404357164,1.5068404719089457,1.707499689688721,2.6533089938931025,1.3506504884130146,0.9696465273587869,0.5719188028622934
-0.0013328996684553085,0.7649976209279952,1.4938670923934996,0.8065414765793012,0.09261965637887129,0.1557070814399298,-0.05778754527941421,2.0850695239378667,1.2709848251271383,1.3190387351856692
-0.32789331844000197,-0.063295899399149,0.5625759024789769,-0.3148734873096303,-0.8073390444129942,0.1557070814399298,-0.9614863916702531,1.4975342955179851,0.6683082295904356,0.12364684346826783
5.386914010062064,1.5932911412551394,3.977310265498893,0.5261877356070683,3.692454459546333,0.1557070814399298,0.8459113011114247,0.24902193512573667,-0.9890524081354976,-1.2211690347138084
-1.1442943653688686,-1.1676872598353414,-0.6791456840737199,-1.1559347102263289,-1.4501666878357553,-0.6201892226844657,-0.9614863916702531,-0.8526066181615414,-1.742398152556376,-1.669440994107834
-0.8177339465973219,-0.8915894197262932,-0.058284890797371494,-0.8755809692540959,-1.0644701017820986,-0.6201892226844657,-0.9614863916702531,2.0850695239378667,-0.23570666371461896,-0.17520112946108243
1.3049087754177313,1.8693889813641875,0.8730062991171511,1.9279564404682326,0.6068817711170802,-0.6201892226844657,-0.05778754527941421,0.1266187625382613,0.46741603107820096,0.5221108073740681
-0.6544537372115486,-0.6154915796172451,-0.3687152874355457,-0.5952272282818631,0.8640128284861845,-0.6201892226844657,-0.9614863916702531,0.1266187625382613,0.2665238325659667,0.322878825421168
-0.8177339465973219,-0.6154915796172451,-0.058284890797371494,-0.8755809692540959,0.6068817711170802,0.1557070814399298,0.8459113011114247,2.0850695239378667,1.2709848251271383,-0.17520112946108243
-0.8177339465973219,-0.6154915796172451,-0.058284890797371494,-0.5952272282818631,-0.9359045730975464,-0.6201892226844657,-0.05778754527941421,2.0850695239378667,1.2709848251271383,1.3190387351856692
0.32522751910309133,0.7649976209279952,-0.6791456840737199,0.8065414765793012,0.09261965637887129,-0.6201892226844657,0.8459113011114247,-0.8526066181615414,0.6013441634196907,0.6549321286760018
0.16194730971731802,0.7649976209279952,0.8730062991171511,0.8065414765793012,-0.42164245835933756,0.1557070814399298,-0.9614863916702531,0.9834409706505887,0.894311952916699,0.9454787690239813
-0.6544537372115486,-0.6154915796172451,-0.6791456840737199,-0.8755809692540959,-0.5502079870438897,-2.171981830933257,-0.05778754527941421,-0.8526066181615414,0.2665238325659667,-0.673281084343333
-0.4911735278257753,-0.6154915796172451,-0.6791456840737199,-0.3148734873096303,0.8640128284861845,-0.6201892226844657,0.8459113011114247,-0.8526066181615414,-0.23570666371461896,0.5719188028622934
1.3049087754177313,1.8693889813641875,0.8730062991171511,1.3672489585237668,0.7354472998016324,-1.3960855268088614,-0.05778754527941421,0.1266187625382613,0.46741603107820096,0.12364684346826783
-0.8177339465973219,-0.6154915796172451,-0.058284890797371494,-0.5952272282818631,-0.678773515728442,0.1557070814399298,-0.05778754527941421,2.0850695239378667,1.2709848251271383,1.3190387351856692
0.651787937874638,1.3171933011460915,0.5625759024789769,0.8065414765793012,0.09261965637887129,-0.6201892226844657,-0.05778754527941421,0.21563925169278872,0.723097011002863,0.23231883362439526
-0.32789331844000197,-0.063295899399149,-0.6791456840737199,-0.0345197463373974,-0.16451140099023315,-0.6201892226844657,-0.9614863916702531,-0.8526066181615414,0.6683082295904356,0.7213427893269687
-0.16461310905422863,0.21280194070989908,-0.6791456840737199,-0.3148734873096303,-0.2930769296747854,-0.6201892226844657,-0.9614863916702531,-0.8526066181615414,0.7687543288465527,-0.17520112946108243
-0.6544537372115486,-0.6154915796172451,-0.058284890797371494,-0.5952272282818631,0.9925783571707368,-0.6201892226844657,-0.05778754527941421,1.105844143238064,0.2665238325659667,0.322878825421168
-0.32789331844000197,-0.063295899399149,-0.6791456840737199,-0.0345197463373974,-0.8073390444129942,0.9316033855643254,-0.9614863916702531,-0.8526066181615414,0.6683082295904356,0.7213427893269687
0.16194730971731802,0.7649976209279952,-0.6791456840737199,0.8065414765793012,-0.2930769296747854,-0.6201892226844657,-0.05778754527941421,-0.8526066181615414,0.894311952916699,0.9454787690239813
-0.6544537372115486,-0.6154915796172451,-0.058284890797371494,-0.5952272282818631,-0.42164245835933756,0.1557070814399298,-0.9614863916702531,1.105844143238064,0.2665238325659667,0.322878825421168
-0.32789331844000197,-0.33939373950819707,-0.3687152874355457,-0.5952272282818631,-0.678773515728442,0.1557070814399298,-0.9614863916702531,-0.26507138974165967,0.06563163405373243,-0.4740491023904327
-0.0013328996684553085,0.48889978081894714,1.4938670923934996,0.8065414765793012,1.2497094145398413,-0.6201892226844657,1.7496101475022634,2.0850695239378667,0.8405015426009218,1.3190387351856692
-0.32789331844000197,-1.1676872598353414,-0.3687152874355457,-0.0345197463373974,-0.5502079870438897,-0.6201892226844657,-0.9614863916702531,-0.26507138974165967,-1.742398152556376,0.7213427893269687
-0.9810141559830953,-1.1676872598353414,-0.6791456840737199,-1.1559347102263289,-1.3216011591512031,0.1557070814399298,-0.9614863916702531,-0.8526066181615414,-1.742398152556376,-1.669440994107834
2.1213098223465976,0.7649976209279952,-0.058284890797371494,2.488663922412698,1.121143885855289,-0.6201892226844657,-0.05778754527941421,-0.5588390039516005,-0.6877141103671462,0.2730708299329431
0.48850772848886465,1.0410954610370433,-0.6791456840737199,0.5261877356070683,-0.16451140099023315,0.1557070814399298,0.8459113011114247,-0.8526066181615414,0.6683082295904356,0.12364684346826783
-0.0013328996684553085,0.7649976209279952,0.5625759024789769,0.24583399463483546,0.2211851850634235,0.1557070814399298,-0.05778754527941421,0.8260654630381202,1.2709848251271383,0.46518738395895404
1.6314691941892778,1.3171933011460915,-0.6791456840737199,3.049371404357164,1.121143885855289,-0.6201892226844657,-0.05778754527941421,-0.8526066181615414,-0.14707775260628028,0.9674528846805511
0.32522751910309133,1.0410954610370433,0.2521455058408027,0.8065414765793012,-0.2930769296747854,-0.6201892226844657,0.8459113011114247,0.1266187625382613,0.9361644942734143,0.6549321286760018
0.48850772848886465,0.7649976209279952,-0.6791456840737199,1.3672489585237668,-0.16451140099023315,-1.3960855268088614,-0.05778754527941421,-0.8526066181615414,0.3669699318220838,1.0201907622563189
-0.9810141559830953,-1.1676872598353414,-0.6791456840737199,-1.1559347102263289,-0.16451140099023315,-0.6201892226844657,-0.05778754527941421,-0.8526066181615414,-1.742398152556376,-1.669440994107834
-0.9810141559830953,-1.1676872598353414,-0.6791456840737199,-1.1559347102263289,-0.2930769296747854,0.1557070814399298,-0.9614863916702531,-0.8526066181615414,-1.742398152556376,-1.669440994107834
0.8150681472604113,1.8693889813641875,-0.058284890797371494,1.9279564404682326,0.4783162424325279,-0.6201892226844657,0.8459113011114247,-0.3629939278116402,1.0198695769868453,1.0699987577445438
-0.4911735278257753,-0.33939373950819707,-0.3687152874355457,-0.5952272282818631,-0.678773515728442,0.1557070814399298,-0.9614863916702531,-0.11818758263668933,0.5176390807062596,-0.17520112946108243
-0.8177339465973219,-0.6154915796172451,-0.058284890797371494,-0.5952272282818631,-1.193035630466651,2.4833959938131165,-0.9614863916702531,2.0850695239378667,1.2709848251271383,1.3190387351856692
-0.8177339465973219,-0.6154915796172451,-0.058284890797371494,-0.5952272282818631,-0.678773515728442,-1.3960855268088614,-0.9614863916702531,2.0850695239378667,1.2709848251271383,1.3190387351856692
-0.32789331844000197,-0.6154915796172451,-0.6791456840737199,-0.5952272282818631,-0.8073390444129942,-0.6201892226844657,-0.9614863916702531,-0.8526066181615414,-0.5370449614829703,-0.4740491023904327
-0.32789331844000197,-0.33939373950819707,-0.3687152874355457,-0.0345197463373974,0.09261965637887129,-0.6201892226844657,0.8459113011114247,-0.26507138974165967,0.06563163405373243,0.7213427893269687
-0.9810141559830953,-0.8915894197262932,-0.6791456840737199,-0.8755809692540959,-1.3216011591512031,-0.6201892226844657,-0.9614863916702531,-0.8526066181615414,1.2709848251271383,1.3190387351856692
-0.32789331844000197,-0.063295899399149,0.5625759024789769,-0.0345197463373974,1.2497094145398413,1.707499689688721,2.6533089938931025,1.4975342955179851,0.6683082295904356,0.7213427893269687
0.32522751910309133,1.0410954610370433,-0.3687152874355457,1.086895217551534,0.2211851850634235,-0.6201892226844657,-0.9614863916702531,-0.5261981579282737,0.9361644942734143,0.9869854319308353
0.48850772848886465,1.3171933011460915,1.4938670923934996,-0.0345197463373974,0.09261965637887129,-0.6201892226844657,0.8459113011114247,1.203766681308044,0.9696465273587869,-0.4740491023904327
0.16194730971731802,-0.33939373950819707,-0.6791456840737199,0.8065414765793012,0.09261965637887129,-0.6201892226844657,-0.05778754527941421,-0.8526066181615414,-0.6123795359250582,0.9454787690239813
-0.32789331844000197,-0.063295899399149,-0.3687152874355457,-0.0345197463373974,-0.42164245835933756,-0.6201892226844657,-0.9614863916702531,-0.26507138974165967,0.6683082295904356,0.7213427893269687
-0.32789331844000197,-0.6154915796172451,-0.3687152874355457,-0.8755809692540959,-0.678773515728442,0.1557070814399298,-0.9614863916702531,-0.26507138974165967,-0.5370449614829703,-1.0717450482491333
-1.1442943653688686,-1.1676872598353414,-0.6791456840737199,-1.1559347102263289,-1.3216011591512031,1.707499689688721,-0.9614863916702531,-0.8526066181615414,-1.742398152556376,-1.669440994107834
0.16194730971731802,0.7649976209279952,1.4938670923934996,-0.5952272282818631,0.2211851850634235,0.1557070814399298,-0.9614863916702531,1.7178600061754405,0.894311952916699,-0.9223210617844583
0.8150681472604113,1.3171933011460915,1.1834366957553253,1.6476026994959998,0.09261965637887129,0.9316033855643254,-0.05778754527941421,0.6162314528881626,0.5176390807062596,0.8209587803034187
-0.32789331844000197,-0.063295899399149,-0.6791456840737199,-0.3148734873096303,-0.2930769296747854,0.1557070814399298,-0.05778754527941421,-0.8526066181615414,0.6683082295904356,0.12364684346826783
-0.8177339465973219,-0.6154915796172451,-0.058284890797371494,-0.5952272282818631,0.9925783571707368,0.1557070814399298,-0.9614863916702531,2.0850695239378667,1.2709848251271383,1.3190387351856692
-0.6544537372115486,-0.8915894197262932,-0.6791456840737199,-0.5952272282818631,-0.9359045730975464,-0.6201892226844657,-0.9614863916702531,-0.8526066181615414,-0.7379371599952047,0.322878825421168
-0.9810141559830953,-1.1676872598353414,-0.3687152874355457,-1.1559347102263289,-1.3216011591512031,0.1557070814399298,-0.9614863916702531,2.0850695239378667,-1.742398152556376,-1.669440994107834
2.774430659889691,2.4215846615822834,3.977310265498893,0.8065414765793012,1.6354060005934978,-0.6201892226844657,0.8459113011114247,0.9834409706505887,-0.11014903964447263,-0.7978010730638956
-0.8177339465973219,-0.6154915796172451,-0.058284890797371494,-0.8755809692540959,-1.193035630466651,0.1557070814399298,-0.9614863916702531,2.0850695239378667,1.2709848251271383,-0.17520112946108243
-0.4911735278257753,-0.6154915796172451,-0.6791456840737199,-0.5952272282818631,-0.5502079870438897,-2.171981830933257,-0.9614863916702531,-0.8526066181615414,-0.23570666371461896,-0.17520112946108243
-0.6544537372115486,-0.6154915796172451,-0.3687152874355457,-0.5952272282818631,-0.2930769296747854,0.1557070814399298,-0.9614863916702531,0.1266187625382613,0.2665238325659667,0.322878825421168
-0.4911735278257753,-0.33939373950819707,-0.6791456840737199,-0.5952272282818631,-0.9359045730975464,1.707499689688721,-0.9614863916702531,-0.8526066181615414,0.5176390807062596,-0.17520112946108243
-0.6544537372115486,-0.6154915796172451,-0.6791456840737199,-0.5952272282818631,-0.8073390444129942,-0.6201892226844657,-0.9614863916702531,-0.8526066181615414,0.2665238325659667,0.322878825421168
-0.4911735278257753,-0.6154915796172451,-0.3687152874355457,-0.3148734873096303,-0.8073390444129942,0.1557070814399298,-0.05778754527941421,-0.11818758263668933,-0.23570666371461896,0.5719188028622934
0.16194730971731802,0.7649976209279952,-0.3687152874355457,0.5261877356070683,-0.42164245835933756,1.707499689688721,-0.9614863916702531,-0.4853971003991153,0.894311952916699,0.5719188028622934
2.1213098223465976,1.0410954610370433,2.114727885669848,1.3672489585237668,1.2497094145398413,-0.6201892226844657,2.6533089938931025,0.46934764578319227,-0.5370449614829703,-0.32462511592575755
2.774430659889691,2.9737803418003796,-0.058284890797371494,3.049371404357164,3.1781923448081244,0.1557070814399298,2.6533089938931025,-0.6078002729865907,0.14096620849582037,0.19835883670060547
0.48850772848886465,1.3171933011460915,-0.3687152874355457,1.3672489585237668,-0.16451140099023315,-0.6201892226844657,-0.05778754527941421,-0.5588390039516005,0.9696465273587869,1.0201907622563189
-0.0013328996684553085,0.7649976209279952,-0.3687152874355457,-1.1559347102263289,1.2497094145398413,2.4833959938131165,1.7496101475022634,-0.4329385978616261,1.2709848251271383,-1.669440994107834
4.243952544361651,3.8020738621275236,2.7355886789461965,1.3672489585237668,2.9210612874390196,1.707499689688721,2.6533089938931025,0.1266187625382613,-0.09873471018355023,-0.8544010679368786
-0.0013328996684553085,0.7649976209279952,-0.6791456840737199,-0.3148734873096303,-0.5502079870438897,-0.6201892226844657,-0.9614863916702531,-0.8526066181615414,1.2709848251271383,-0.3886639672677615
-0.9810141559830953,-1.1676872598353414,-0.6791456840737199,-0.8755809692540959,-0.42164245835933756,-1.3960855268088614,-0.05778754527941421,-0.8526066181615414,-1.742398152556376,1.3190387351856692
-0.32789331844000197,-0.063295899399149,-0.058284890797371494,-0.5952272282818631,-0.5502079870438897,0.1557070814399298,-0.9614863916702531,0.3224638386782219,0.6683082295904356,-0.4740491023904327
2.1213098223465976,1.0410954610370433,2.7355886789461965,1.086895217551534,1.3782749432243935,-1.3960855268088614,1.7496101475022634,0.7631152599931332,-0.5370449614829703,-0.4740491023904327
0.16194730971731802,0.7649976209279952,-0.3687152874355457,0.8065414765793012,-0.42164245835933756,0.1557070814399298,-0.9614863916702531,-0.4853971003991153,0.894311952916699,0.9454787690239813
-0.16461310905422863,-0.6154915796172451,-0.3687152874355457,-0.5952272282818631,-0.16451140099023315,1.707499689688721,-0.05778754527941421,-0.3629939278116402,-0.7379371599952047,-0.673281084343333
-0.32789331844000197,-0.33939373950819707,-0.6791456840737199,-0.5952272282818631,-0.03594587230568093,1.707499689688721,-0.05778754527941421,-0.8526066181615414,0.06563163405373243,-0.4740491023904327
-0.9810141559830953,-1.1676872598353414,-0.6791456840737199,-1.1559347102263289,0.34975071374797573,0.1557070814399298,-0.05778754527941421,-0.8526066181615414,-1.742398152556376,-1.669440994107834
-0.0013328996684553085,0.7649976209279952,-0.3687152874355457,0.8065414765793012,-0.2930769296747854,0.1557070814399298,-0.05778754527941421,-0.4329385978616261,1.2709848251271383,1.3190387351856692
-0.8177339465973219,-0.6154915796172451,-0.058284890797371494,-1.1559347102263289,-0.678773515728442,-1.3960855268088614,-0.05778754527941421,2.0850695239378667,1.2709848251271383,-1.669440994107834
-0.0013328996684553085,0.7649976209279952,-0.3687152874355457,0.8065414765793012,-0.5502079870438897,-2.171981830933257,-0.05778754527941421,-0.4329385978616261,1.2709848251271383,1.3190387351856692
-0.32789331844000197,-0.33939373950819707,-0.058284890797371494,-1.1559347102263289,-0.8073390444129942,0.9316033855643254,-0.9614863916702531,0.3224638386782219,0.06563163405373243,-1.669440994107834
-0.0013328996684553085,-0.6154915796172451,0.2521455058408027,0.8065414765793012,0.4783162424325279,-0.6201892226844657,-0.05778754527941421,0.4063974427382047,-0.8814315875039436,1.3190387351856692
-0.9810141559830953,-1.1676872598353414,-0.6791456840737199,-1.1559347102263289,0.7354472998016324,-0.6201892226844657,-0.05778754527941421,-0.8526066181615414,-1.742398152556376,-1.669440994107834
0.48850772848886465,-0.063295899399149,-0.3687152874355457,1.3672489585237668,-0.16451140099023315,0.1557070814399298,0.8459113011114247,-0.5588390039516005,-0.5370449614829703,1.0201907622563189
-0.4911735278257753,-0.6154915796172451,-0.058284890797371494,-0.5952272282818631,-0.9359045730975464,-0.6201892226844657,-0.9614863916702531,0.6162314528881626,-0.23570666371461896,-0.17520112946108243
0.16194730971731802,-0.8915894197262932,-0.3687152874355457,0.8065414765793012,-0.42164245835933756,-0.6201892226844657,-0.9614863916702531,-0.4853971003991153,-1.365725280345937,0.9454787690239813
-0.6544537372115486,-0.6154915796172451,-0.6791456840737199,-0.5952272282818631,-0.8073390444129942,1.707499689688721,-0.05778754527941421,-0.8526066181615414,0.2665238325659667,0.322878825421168
-0.4911735278257753,-0.6154915796172451,-0.6791456840737199,-0.3148734873096303,0.7354472998016324,0.1557070814399298,0.8459113011114247,-0.8526066181615414,-0.23570666371461896,0.5719188028622934
1.141628566031958,1.0410954610370433,2.114727885669848,1.086895217551534,0.34975071374797573,-0.6201892226844657,0.8459113011114247,1.0358994731880782,-0.020465022451510873,0.03826170834559628
0.651787937874638,1.0410954610370433,0.8730062991171511,1.086895217551534,0.09261965637887129,-0.6201892226844657,0.8459113011114247,0.4827007191563712,0.44915310394072533,0.5039988090147138
-0.0013328996684553085,0.7649976209279952,-0.6791456840737199,0.8065414765793012,-0.5502079870438897,-0.6201892226844657,-0.05778754527941421,-0.8526066181615414,1.2709848251271383,1.3190387351856692
0.48850772848886465,1.3171933011460915,0.5625759024789769,0.8065414765793012,0.6068817711170802,1.707499689688721,0.8459113011114247,0.3224638386782219,0.9696465273587869,0.4224948163976181
-0.32789331844000197,-0.6154915796172451,-0.6791456840737199,-0.0345197463373974,-0.42164245835933756,1.707499689688721,-0.9614863916702531,-0.8526066181615414,-0.5370449614829703,0.7213427893269687
-0.9810141559830953,-1.1676872598353414,-0.6791456840737199,-1.1559347102263289,0.6068817711170802,0.1557070814399298,0.8459113011114247,-0.8526066181615414,-1.742398152556376,-1.669440994107834
-0.16461310905422863,-0.33939373950819707,-0.6791456840737199,-0.8755809692540959,-0.2930769296747854,1.707499689688721,-0.05778754527941421,-0.8526066181615414,-0.23570666371461896,-1.1713610392255835
-0.16461310905422863,-0.6154915796172451,-0.3687152874355457,0.24583399463483546,-0.5502079870438897,-1.3960855268088614,-0.9614863916702531,-0.3629939278116402,-0.7379371599952047,0.8209587803034187
1.9580296129608246,0.7649976209279952,3.0460190755843706,1.086895217551534,1.5068404719089457,-0.6201892226844657,0.8459113011114247,1.0027677873749268,-0.6322044239361341,-0.4111337396684645
-0.16461310905422863,-0.6154915796172451,-0.6791456840737199,0.24583399463483546,0.6068817711170802,0.9316033855643254,-0.05778754527941421,-0.8526066181615414,-0.7379371599952047,0.8209587803034187
0.9783483566461847,1.8693889813641875,0.2521455058408027,0.8065414765793012,0.6068817711170802,0.1557070814399298,-0.05778754527941421,-0.1746813546001397,0.8073874439450591,-0.06025960141133238
-0.6544537372115486,-0.6154915796172451,-0.3687152874355457,-0.8755809692540959,-0.5502079870438897,0.1557070814399298,-0.9614863916702531,0.1266187625382613,0.2665238325659667,-0.673281084343333
0.48850772848886465,1.0410954610370433,-0.6791456840737199,0.8065414765793012,-0.16451140099023315,-1.3960855268088614,0.8459113011114247,-0.8526066181615414,0.6683082295904356,0.4224948163976181
1.4681889848035046,1.5932911412551394,0.8730062991171511,2.488663922412698,0.7354472998016324,2.4833959938131165,0.8459113011114247,0.06541717624452367,0.14096620849582037,0.7586987859431373
-0.32789331844000197,-0.063295899399149,-0.3687152874355457,-0.0345197463373974,-0.678773515728442,-0.6201892226844657,-0.05778754527941421,-0.26507138974165967,0.6683082295904356,0.7213427893269687
-0.9810141559830953,-1.1676872598353414,-0.6791456840737199,-1.1559347102263289,-0.5502079870438897,2.4833959938131165,-0.9614863916702531,-0.8526066181615414,-1.742398152556376,-1.669440994107834
0.32522751910309133,1.0410954610370433,0.8730062991171511,1.086895217551534,0.2211851850634235,-0.6201892226844657,-0.9614863916702531,0.7794356830047965,0.9361644942734143,0.9869854319308353
0.651787937874638,1.5932911412551394,0.5625759024789769,-0.8755809692540959,-0.03594587230568093,1.707499689688721,0.8459113011114247,0.21563925169278872,0.9970409180650008,-1.3977610187175156
0.48850772848886465,0.7649976209279952,-0.6791456840737199,1.086895217551534,-0.16451140099023315,0.1557070814399298,0.8459113011114247,-0.8526066181615414,0.3669699318220838,0.7213427893269687
-0.4911735278257753,-0.33939373950819707,-0.6791456840737199,-0.8755809692540959,-0.9359045730975464,0.1557070814399298,-0.9614863916702531,-0.8526066181615414,0.5176390807062596,-0.9223210617844583
-0.8177339465973219,-0.6154915796172451,-0.058284890797371494,-0.5952272282818631,-0.678773515728442,0.1557070814399298,-0.9614863916702531,2.0850695239378667,1.2709848251271383,1.3190387351856692
2.4478702411181446,3.5259760220184755,2.7355886789461965,3.049371404357164,1.3782749432243935,0.1557070814399298,2.6533089938931025,0.6162314528881626,0.586125057471794,0.36815882131955435
-0.8177339465973219,-0.6154915796172451,-0.058284890797371494,-0.5952272282818631,-0.5502079870438897,-0.6201892226844657,-0.9614863916702531,2.0850695239378667,1.2709848251271383,1.3190387351856692
-0.0013328996684553085,-1.1676872598353414,-0.6791456840737199,0.5261877356070683,2.6639302300699153,0.1557070814399298,2.6533089938931025,-0.8526066181615414,-1.742398152556376,0.8921130595723115
-0.32789331844000197,-0.063295899399149,-0.6791456840737199,-0.0345197463373974,-0.42164245835933756,-0.6201892226844657,-0.9614863916702531,-0.8526066181615414,0.6683082295904356,0.7213427893269687
1.6314691941892778,2.4215846615822834,-0.3687152874355457,1.3672489585237668,1.3782749432243935,0.1557070814399298,1.7496101475022634,-0.6798021392145174,0.5619535362604289,-0.0873046668348029
0.32522751910309133,0.7649976209279952,-0.3687152874355457,0.8065414765793012,0.2211851850634235,0.1557070814399298,-0.9614863916702531,-0.5261981579282737,0.6013441634196907,0.6549321286760018
4.243952544361651,0.7649976209279952,3.977310265498893,2.2083101814404653,2.7924957587544674,-0.6201892226844657,2.6533089938931025,0.4827007191563712,-1.1031957027447217,-0.5827210925465602
-0.4911735278257753,-0.33939373950819707,-0.3687152874355457,-0.5952272282818631,-0.678773515728442,1.707499689688721,-0.9614863916702531,-0.11818758263668933,0.5176390807062596,-0.17520112946108243
-0.6544537372115486,-0.6154915796172451,-0.3687152874355457,-0.5952272282818631,-0.9359045730975464,-0.6201892226844657,-0.9614863916702531,0.1266187625382613,0.2665238325659667,0.322878825421168
-0.6544537372115486,-0.6154915796172451,-0.3687152874355457,-0.5952272282818631,-0.5502079870438897,-1.3960855268088614,-0.9614863916702531,0.1266187625382613,0.2665238325659667,0.322878825421168
-0.6544537372115486,-0.6154915796172451,-0.058284890797371494,-0.5952272282818631,-0.9359045730975464,-0.6201892226844657,-0.05778754527941421,1.105844143238064,0.2665238325659667,0.322878825421168
-0.9810141559830953,-1.1676872598353414,-0.6791456840737199,-1.1559347102263289,0.7354472998016324,-0.6201892226844657,-0.05778754527941421,-0.8526066181615414,-1.742398152556376,-1.669440994107834
0.32522751910309133,1.0410954610370433,0.5625759024789769,0.8065414765793012,-0.2930769296747854,0.1557070814399298,-0.05778754527941421,0.4530272227715288,0.9361644942734143,0.6549321286760018
2.774430659889691,-1.1676872598353414,-0.3687152874355457,0.8065414765793012,1.76397152927805,-0.6201892226844657,2.6533089938931025,-0.7302034455740661,-1.742398152556376,-0.7978010730638956
-0.8177339465973219,-0.6154915796172451,-0.058284890797371494,-0.5952272282818631,-0.2930769296747854,0.1557070814399298,0.8459113011114247,2.0850695239378667,1.2709848251271383,1.3190387351856692
-0.8177339465973219,-0.6154915796172451,-0.6791456840737199,-0.5952272282818631,-1.193035630466651,-0.6201892226844657,-0.9614863916702531,-0.8526066181615414,1.2709848251271383,1.3190387351856692
0.651787937874638,1.3171933011460915,0.8730062991171511,1.3672489585237668,0.2211851850634235,0.1557070814399298,-0.05778754527941421,0.4827007191563712,0.723097011002863,0.7756787844050324
-0.6544537372115486,-0.8915894197262932,-0.6791456840737199,-0.5952272282818631,0.7354472998016324,-0.6201892226844657,-0.9614863916702531,-0.8526066181615414,-0.7379371599952047,0.322878825421168
-0.6544537372115486,-0.6154915796172451,-0.6791456840737199,-0.5952272282818631,-0.2930769296747854,-1.3960855268088614,-0.05778754527941421,-0.8526066181615414,0.2665238325659667,0.322878825421168
-0.9810141559830953,-1.1676872598353414,-0.6791456840737199,-1.1559347102263289,0.7354472998016324,1.707499689688721,0.8459113011114247,-0.8526066181615414,-1.742398152556376,-1.669440994107834
1.9580296129608246,0.48889978081894714,2.7355886789461965,1.086895217551534,1.121143885855289,-1.3960855268088614,0.8459113011114247,0.8481532535802212,-0.7908035280247401,-0.4111337396684645
-0.16461310905422863,0.21280194070989908,-0.3687152874355457,0.24583399463483546,-0.678773515728442,-1.3960855268088614,-0.9614863916702531,-0.3629939278116402,0.7687543288465527,0.8209587803034187
-0.6544537372115486,-0.6154915796172451,-0.6791456840737199,-0.5952272282818631,-0.16451140099023315,-1.3960855268088614,-0.05778754527941421,-0.8526066181615414,0.2665238325659667,0.322878825421168
-0.6544537372115486,-0.6154915796172451,-0.6791456840737199,-0.5952272282818631,-0.16451140099023315,-0.6201892226844657,-0.05778754527941421,-0.8526066181615414,0.2665238325659667,0.322878825421168
-0.4911735278257753,-0.6154915796172451,-0.3687152874355457,-0.5952272282818631,-0.8073390444129942,0.1557070814399298,-0.05778754527941421,-0.11818758263668933,-0.23570666371461896,-0.17520112946108243
0.32522751910309133,0.48889978081894714,1.4938670923934996,1.086895217551534,-0.16451140099023315,0.9316033855643254,-0.9614863916702531,1.4322526034713317,0.2665238325659667,0.9869854319308353
2.284590031732371,0.7649976209279952,0.2521455058408027,1.3672489585237668,1.3782749432243935,1.707499689688721,2.6533089938931025,-0.4329385978616261,-0.7379371599952047,-0.3886639672677615
-0.9810141559830953,-1.1676872598353414,-0.6791456840737199,-1.1559347102263289,-1.3216011591512031,-2.171981830933257,-0.9614863916702531,-0.8526066181615414,-1.742398152556376,-1.669440994107834
-0.32789331844000197,-0.063295899399149,-0.3687152874355457,-0.0345197463373974,-0.678773515728442,-0.6201892226844657,-0.9614863916702531,-0.26507138974165967,0.6683082295904356,0.7213427893269687
-0.32789331844000197,-0.8915894197262932,-0.6791456840737199,-0.3148734873096303,-0.8073390444129942,0.1557070814399298,-0.9614863916702531,-0.8526066181615414,-1.1397215570196733,0.12364684346826783
0.16194730971731802,0.7649976209279952,1.4938670923934996,0.24583399463483546,0.2211851850634235,-2.171981830933257,-0.05778754527941421,1.7178600061754405,0.894311952916699,0.19835883670060547
-0.16461310905422863,-0.6154915796172451,-0.6791456840737199,-0.0345197463373974,-0.2930769296747854,1.707499689688721,-0.05778754527941421,-0.8526066181615414,-0.7379371599952047,0.322878825421168
-0.0013328996684553085,0.7649976209279952,1.4938670923934996,0.8065414765793012,2.1496681153317065,-0.6201892226844657,1.7496101475022634,2.0850695239378667,1.2709848251271383,1.3190387351856692
-1.1442943653688686,-1.1676872598353414,-0.6791456840737199,-1.1559347102263289,-0.8073390444129942,1.707499689688721,-0.9614863916702531,-0.8526066181615414,-1.742398152556376,-1.669440994107834
-1.1442943653688686,-1.1676872598353414,-0.6791456840737199,-1.1559347102263289,-0.16451140099023315,-0.6201892226844657,-0.05778754527941421,-0.8526066181615414,-1.742398152556376,-1.669440994107834
0.32522751910309133,-1.1676872598353414,1.4938670923934996,1.086895217551534,-0.16451140099023315,-0.6201892226844657,-0.05778754527941421,1.4322526034713317,-1.742398152556376,0.9869854319308353
-0.16461310905422863,-0.33939373950819707,-0.3687152874355457,0.24583399463483546,-0.678773515728442,-0.6201892226844657,-0.05778754527941421,-0.3629939278116402,-0.23570666371461896,0.8209587803034187
2.1213098223465976,0.7649976209279952,0.5625759024789769,1.6476026994959998,1.2497094145398413,-0.6201892226844657,1.7496101475022634,-0.26507138974165967,-0.6877141103671462,-0.17520112946108243
1.3049087754177313,2.4215846615822834,2.4251582823080224,1.9279564404682326,0.6068817711170802,0.9316033855643254,-0.9614863916702531,1.105844143238064,0.8692004281026697,0.5221108073740681
4.733793172518971,1.5932911412551394,0.5625759024789769,2.488663922412698,3.3067578734926766,-0.6201892226844657,2.6533089938931025,-0.5261981579282737,-0.9053473254220665,-0.5902677585296245
0.48850772848886465,0.7649976209279952,2.114727885669848,1.3672489585237668,-0.16451140099023315,-0.6201892226844657,0.8459113011114247,1.791301909727926,0.3669699318220838,1.0201907622563189
-0.32789331844000197,-0.6154915796172451,-0.6791456840737199,-0.0345197463373974,-0.8073390444129942,0.1557070814399298,-0.9614863916702531,-0.8526066181615414,-0.5370449614829703,0.7213427893269687
-0.32789331844000197,-0.063295899399149,-0.6791456840737199,-0.8755809692540959,-0.5502079870438897,1.707499689688721,-0.05778754527941421,-0.8526066181615414,0.6683082295904356,-1.0717450482491333
-0.6544537372115486,-0.6154915796172451,-0.3687152874355457,-1.1559347102263289,-1.0644701017820986,0.9316033855643254,-0.9614863916702531,0.1266187625382613,0.2665238325659667,-1.669440994107834
-0.32789331844000197,-0.6154915796172451,-0.6791456840737199,-0.5952272282818631,0.4783162424325279,-0.6201892226844657,0.8459113011114247,-0.8526066181615414,-0.5370449614829703,-0.4740491023904327
-0.0013328996684553085,0.7649976209279952,1.1834366957553253,-0.5952272282818631,-0.16451140099023315,2.4833959938131165,0.8459113011114247,1.665401503637951,1.2709848251271383,-0.8155896428811189
0.16194730971731802,-1.1676872598353414,1.4938670923934996,0.8065414765793012,-0.42164245835933756,0.1557070814399298,-0.05778754527941421,1.7178600061754405,-1.742398152556376,0.9454787690239813
-0.16461310905422863,0.21280194070989908,-0.3687152874355457,-0.0345197463373974,-0.678773515728442,2.4833959938131165,-0.05778754527941421,-0.3629939278116402,0.7687543288465527,0.322878825421168
0.48850772848886465,-0.063295899399149,-0.3687152874355457,0.5261877356070683,2.1496681153317065,0.9316033855643254,2.6533089938931025,-0.5588390039516005,-0.5370449614829703,0.12364684346826783
-0.32789331844000197,-0.33939373950819707,-0.3687152874355457,-0.3148734873096303,1.2497094145398413,1.707499689688721,1.7496101475022634,-0.26507138974165967,0.06563163405373243,0.12364684346826783
2.1213098223465976,3.249878181909428,2.7355886789461965,0.5261877356070683,1.121143885855289,0.1557070814399298,-0.05778754527941421,0.7631152599931332,0.6683082295904356,-0.7728970753197831
0.48850772848886465,0.7649976209279952,-0.6791456840737199,1.3672489585237668,-0.16451140099023315,0.1557070814399298,-0.05778754527941421,-0.8526066181615414,0.3669699318220838,1.0201907622563189
0.48850772848886465,0.7649976209279952,-0.6791456840737199,1.086895217551534,0.09261965637887129,0.9316033855643254,-0.05778754527941421,-0.8526066181615414,0.3669699318220838,0.7213427893269687
-0.32789331844000197,-0.33939373950819707,0.2521455058408027,-0.3148734873096303,-0.8073390444129942,0.1557070814399298,-0.05778754527941421,0.9099990670981034,0.06563163405373243,0.12364684346826783
1.6314691941892778,2.1454868214732357,0.8730062991171511,0.8065414765793012,0.7354472998016324,0.1557070814399298,-0.9614863916702531,0.011415776573578534,0.3846957140437518,-0.438890517339921
-0.9810141559830953,-1.1676872598353414,-0.6791456840737199,-1.1559347102263289,0.9925783571707368,-2.171981830933257,-0.9614863916702531,-0.8526066181615414,-1.742398152556376,-1.669440994107834
-0.8177339465973219,-0.6154915796172451,-0.3687152874355457,-0.5952272282818631,-0.16451140099023315,-0.6201892226844657,-0.05778754527941421,0.6162314528881626,1.2709848251271383,1.3190387351856692
-0.6544537372115486,-0.6154915796172451,-0.6791456840737199,-0.5952272282818631,-0.8073390444129942,-0.6201892226844657,-0.9614863916702531,-0.8526066181615414,0.2665238325659667,0.322878825421168
-0.32789331844000197,-0.33939373950819707,-0.6791456840737199,-0.5952272282818631,-0.8073390444129942,0.1557070814399298,-0.9614863916702531,-0.8526066181615414,0.06563163405373243,-0.4740491023904327
-0.6544537372115486,-0.6154915796172451,-0.3687152874355457,-0.5952272282818631,1.3782749432243935,0.9316033855643254,2.6533089938931025,0.1266187625382613,0.2665238325659667,0.322878825421168
0.16194730971731802,-1.1676872598353414,1.4938670923934996,0.8065414765793012,-0.16451140099023315,-0.6201892226844657,-0.05778754527941421,1.7178600061754405,-1.742398152556376,0.9454787690239813
-0.8177339465973219,-0.6154915796172451,-0.058284890797371494,-0.5952272282818631,-1.193035630466651,1.707499689688721,-0.9614863916702531,2.0850695239378667,1.2709848251271383,1.3190387351856692
0.16194730971731802,0.7649976209279952,1.4938670923934996,-0.0345197463373974,-0.42164245835933756,-2.171981830933257,-0.05778754527941421,1.7178600061754405,0.894311952916699,-0.17520112946108243
-0.4911735278257753,-0.6154915796172451,-0.3687152874355457,-0.5952272282818631,-0.9359045730975464,0.1557070814399298,-0.9614863916702531,-0.11818758263668933,-0.23570666371461896,-0.17520112946108243
2.1213098223465976,-0.063295899399149,0.5625759024789769,1.086895217551534,1.5068404719089457,-0.6201892226844657,1.7496101475022634,-0.26507138974165967,-1.1397215570196733,-0.4740491023904327
-1.1442943653688686,-1.1676872598353414,-0.6791456840737199,-1.1559347102263289,-1.4501666878357553,-0.6201892226844657,-0.9614863916702531,-0.8526066181615414,-1.742398152556376,-1.669440994107834
0.651787937874638,1.3171933011460915,1.1834366957553253,1.3672489585237668,0.09261965637887129,0.1557070814399298,0.8459113011114247,0.7497621866199539,0.723097011002863,0.7756787844050324
-0.9810141559830953,-1.1676872598353414,-0.6791456840737199,-1.1559347102263289,-0.9359045730975464,-0.6201892226844657,-0.9614863916702531,-0.8526066181615414,-1.742398152556376,-1.669440994107834
-0.4911735278257753,-0.8915894197262932,-0.3687152874355457,-0.5952272282818631,0.2211851850634235,0.1557070814399298,-0.05778754527941421,-0.11818758263668933,-0.9890524081354976,-0.17520112946108243
2.4478702411181446,1.5932911412551394,-0.6791456840737199,-0.0345197463373974,1.3782749432243935,-0.6201892226844657,1.7496101475022634,-0.8526066181615414,-0.372678617245688,-1.1260810433271973
-1.1442943653688686,-1.1676872598353414,-0.6791456840737199,-1.1559347102263289,-1.4501666878357553,-0.6201892226844657,-0.9614863916702531,-0.8526066181615414,-1.742398152556376,-1.669440994107834
0.16194730971731802,-0.33939373950819707,-0.6791456840737199,0.8065414765793012,-0.2930769296747854,-0.6201892226844657,-0.05778754527941421,-0.8526066181615414,-0.6123795359250582,0.9454787690239813
0.16194730971731802,0.7649976209279952,1.4938670923934996,0.8065414765793012,-0.16451140099023315,0.1557070814399298,-0.05778754527941421,1.7178600061754405,0.894311952916699,0.9454787690239813
1.794749403575051,1.5932911412551394,0.2521455058408027,0.8065414765793012,0.9925783571707368,1.707499689688721,0.8459113011114247,-0.3629939278116402,-0.06829649828775697,-0.5072544327159161
0.32522751910309133,1.0410954610370433,-0.6791456840737199,1.086895217551534,-0.03594587230568093,0.1557070814399298,-0.05778754527941421,-0.8526066181615414,0.9361644942734143,0.9869854319308353
0.9783483566461847,1.0410954610370433,0.5625759024789769,1.086895217551534,0.2211851850634235,0.1557070814399298,-0.05778754527941421,0.05129373325366118,0.11199137217194051,0.16962345468816806
0.48850772848886465,1.0410954610370433,-0.6791456840737199,-0.8755809692540959,0.9925783571707368,-0.6201892226844657,0.8459113011114247,-0.8526066181615414,0.6683082295904356,-1.3705930211784838
-0.32789331844000197,-0.33939373950819707,-0.3687152874355457,-0.5952272282818631,0.09261965637887129,-0.6201892226844657,-0.05778754527941421,-0.26507138974165967,0.06563163405373243,-0.4740491023904327
-0.32789331844000197,-0.6154915796172451,-0.6791456840737199,-0.3148734873096303,-0.678773515728442,0.9316033855643254,-0.9614863916702531,-0.8526066181615414,-0.5370449614829703,0.12364684346826783
-0.8177339465973219,-0.6154915796172451,-0.3687152874355457,-1.1559347102263289,-0.2930769296747854,-1.3960855268088614,-0.05778754527941421,0.6162314528881626,1.2709848251271383,-1.669440994107834
2.774430659889691,1.3171933011460915,2.114727885669848,1.9279564404682326,1.6354060005934978,-0.6201892226844657,0.8459113011114247,0.24902193512573667,-0.6123795359250582,-0.2997211181816451
-0.8177339465973219,-0.6154915796172451,-0.058284890797371494,-0.5952272282818631,-1.0644701017820986,-0.6201892226844657,-0.9614863916702531,2.0850695239378667,1.2709848251271383,1.3190387351856692
0.48850772848886465,0.48889978081894714,1.8042974890316739,1.086895217551534,0.09261965637887129,-0.6201892226844657,0.8459113011114247,1.4975342955179851,0.06563163405373243,0.7213427893269687
2.284590031732371,1.3171933011460915,2.7355886789461965,1.6476026994959998,1.2497094145398413,0.1557070814399298,1.7496101475022634,0.6861761229381487,-0.45094830497772737,-0.2463554087299756
0.16194730971731802,0.7649976209279952,-0.3687152874355457,0.8065414765793012,-0.2930769296747854,1.707499689688721,-0.9614863916702531,-0.4853971003991153,0.894311952916699,0.9454787690239813
-0.0013328996684553085,-0.8915894197262932,-0.6791456840737199,0.8065414765793012,1.76397152927805,-0.6201892226844657,1.7496101475022634,-0.8526066181615414,-1.31191487003016,1.3190387351856692
0.16194730971731802,-0.6154915796172451,1.4938670923934996,0.8065414765793012,-0.03594587230568093,0.1557070814399298,-0.05778754527941421,1.7178600061754405,-0.9890524081354976,0.9454787690239813
-0.4911735278257753,-0.33939373950819707,-0.3687152874355457,-0.5952272282818631,-0.9359045730975464,-0.6201892226844657,-0.9614863916702531,-0.11818758263668933,0.5176390807062596,-0.17520112946108243
0.9783483566461847,2.1454868214732357,2.7355886789461965,1.3672489585237668,0.2211851850634235,-0.6201892226844657,-0.05778754527941421,1.6331193482302655,1.039186134536099,0.39950651078766813
-0.32789331844000197,-0.063295899399149,-0.6791456840737199,-0.0345197463373974,-0.8073390444129942,0.1557070814399298,-0.05778754527941421,-0.8526066181615414,0.6683082295904356,0.7213427893269687
-0.0013328996684553085,0.7649976209279952,-0.3687152874355457,0.8065414765793012,0.2211851850634235,0.1557070814399298,-0.05778754527941421,-0.4329385978616261,1.2709848251271383,1.3190387351856692
-0.0013328996684553085,0.7649976209279952,-0.6791456840737199,0.8065414765793012,-0.16451140099023315,-2.171981830933257,-0.05778754527941421,-0.8526066181615414,1.2709848251271383,1.3190387351856692
-0.6544537372115486,-0.6154915796172451,-0.058284890797371494,-0.5952272282818631,-0.8073390444129942,0.9316033855643254,-0.9614863916702531,1.105844143238064,0.2665238325659667,0.322878825421168
0.48850772848886465,1.0410954610370433,-0.3687152874355457,1.3672489585237668,-0.03594587230568093,-0.6201892226844657,-0.05778754527941421,-0.5588390039516005,0.6683082295904356,1.0201907622563189
0.48850772848886465,1.3171933011460915,1.8042974890316739,1.3672489585237668,-0.16451140099023315,-0.6201892226844657,0.8459113011114247,1.4975342955179851,0.9696465273587869,1.0201907622563189
2.284590031732371,1.3171933011460915,3.3564494722225446,-0.3148734873096303,1.2497094145398413,-0.6201892226844657,2.6533089938931025,0.9659548031380922,-0.45094830497772737,-1.2425153184944766
-0.9810141559830953,-1.1676872598353414,-0.6791456840737199,-1.1559347102263289,0.09261965637887129,0.1557070814399298,-0.05778754527941421,-0.8526066181615414,-1.742398152556376,-1.669440994107834
-0.0013328996684553085,0.7649976209279952,-0.6791456840737199,-0.8755809692540959,-0.2930769296747854,2.4833959938131165,-0.05778754527941421,-0.8526066181615414,1.2709848251271383,-1.2425153184944766
-0.6544537372115486,-0.6154915796172451,-0.3687152874355457,-0.8755809692540959,1.2497094145398413,-0.6201892226844657,2.6533089938931025,0.1266187625382613,0.2665238325659667,-0.673281084343333
0.32522751910309133,0.7649976209279952,-0.6791456840737199,-1.1559347102263289,-0.2930769296747854,0.1557070814399298,-0.05778754527941421,-0.8526066181615414,0.6013441634196907,-1.669440994107834
-0.32789331844000197,-0.063295899399149,-0.3687152874355457,-0.0345197463373974,-0.678773515728442,-2.171981830933257,-0.05778754527941421,-0.26507138974165967,0.6683082295904356,0.7213427893269687
-0.4911735278257753,-0.33939373950819707,-0.6791456840737199,-0.3148734873096303,1.121143885855289,0.9316033855643254,-0.05778754527941421,-0.8526066181615414,0.5176390807062596,0.5719188028622934
-0.9810141559830953,-1.1676872598353414,-0.6791456840737199,-1.1559347102263289,-0.16451140099023315,-1.3960855268088614,0.8459113011114247,-0.8526066181615414,-1.742398152556376,-1.669440994107834
0.48850772848886465,1.3171933011460915,2.114727885669848,1.086895217551534,0.09261965637887129,0.1557070814399298,-0.05778754527941421,1.791301909727926,0.9696465273587869,0.7213427893269687
-0.4911735278257753,-0.33939373950819707,-0.6791456840737199,-0.5952272282818631,-0.678773515728442,-0.6201892226844657,-0.05778754527941421,-0.8526066181615414,0.5176390807062596,-0.17520112946108243
-0.0013328996684553085,0.7649976209279952,-0.6791456840737199,0.8065414765793012,-0.5502079870438897,0.9316033855643254,-0.9614863916702531,-0.8526066181615414,1.2709848251271383,1.3190387351856692
-0.6544537372115486,-0.6154915796172451,-0.058284890797371494,-0.5952272282818631,-0.9359045730975464,-0.6201892226844657,-0.9614863916702531,1.105844143238064,0.2665238325659667,0.322878825421168
0.48850772848886465,1.3171933011460915,-0.3687152874355457,-0.5952272282818631,-0.16451140099023315,-0.6201892226844657,-0.05778754527941421,-0.5588390039516005,0.9696465273587869,-1.0717450482491333
0.16194730971731802,0.7649976209279952,-0.6791456840737199,0.8065414765793012,-0.42164245835933756,0.1557070814399298,-0.05778754527941421,-0.8526066181615414,0.894311952916699,0.9454787690239813
-0.16461310905422863,-0.6154915796172451,-0.6791456840737199,-0.0345197463373974,-0.42164245835933756,-0.6201892226844657,-0.05778754527941421,-0.8526066181615414,-0.7379371599952047,0.322878825421168
0.651787937874638,1.5932911412551394,-0.058284890797371494,1.3672489585237668,0.09261965637887129,0.1557070814399298,0.8459113011114247,-0.3184836832343763,0.9970409180650008,0.7756787844050324
0.651787937874638,1.3171933011460915,0.5625759024789769,1.6476026994959998,-0.03594587230568093,-0.6201892226844657,0.8459113011114247,0.21563925169278872,0.723097011002863,1.0473587597953509
-0.0013328996684553085,0.7649976209279952,-0.3687152874355457,0.8065414765793012,-0.5502079870438897,-0.6201892226844657,-0.05778754527941421,-0.4329385978616261,1.2709848251271383,1.3190387351856692
1.4681889848035046,0.48889978081894714,-0.6791456840737199,2.488663922412698,0.7354472998016324,1.707499689688721,0.8459113011114247,-0.8526066181615414,-0.6123795359250582,0.7586987859431373
-0.4911735278257753,-0.6154915796172451,-0.6791456840737199,-0.5952272282818631,-0.9359045730975464,-0.6201892226844657,-0.9614863916702531,-0.8526066181615414,-0.23570666371461896,-0.17520112946108243
-0.32789331844000197,-0.063295899399149,-0.3687152874355457,-0.5952272282818631,-0.42164245835933756,0.1557070814399298,-0.05778754527941421,-0.26507138974165967,0.6683082295904356,-0.4740491023904327
-1.1442943653688686,-1.1676872598353414,-0.6791456840737199,-1.1559347102263289,-0.8073390444129942,0.1557070814399298,-0.05778754527941421,-0.8526066181615414,-1.742398152556376,-1.669440994107834
-0.9810141559830953,-1.1676872598353414,-0.6791456840737199,-1.1559347102263289,0.6068817711170802,-0.6201892226844657,1.7496101475022634,-0.8526066181615414,-1.742398152556376,-1.669440994107834
-0.4911735278257753,-0.33939373950819707,-0.6791456840737199,-0.5952272282818631,-0.9359045730975464,0.1557070814399298,-0.05778754527941421,-0.8526066181615414,0.5176390807062596,-0.17520112946108243
-0.6544537372115486,-0.6154915796172451,-0.3687152874355457,-1.1559347102263289,-0.9359045730975464,1.707499689688721,-0.9614863916702531,0.1266187625382613,0.2665238325659667,-1.669440994107834
0.16194730971731802,-1.1676872598353414,-0.6791456840737199,0.8065414765793012,-0.42164245835933756,0.9316033855643254,-0.9614863916702531,-0.8526066181615414,-1.742398152556376,0.9454787690239813
-1.1442943653688686,-1.1676872598353414,-0.6791456840737199,-1.1559347102263289,0.4783162424325279,0.1557070814399298,0.8459113011114247,-0.8526066181615414,-1.742398152556376,-1.669440994107834
-0.0013328996684553085,0.7649976209279952,1.1834366957553253,0.8065414765793012,0.2211851850634235,-0.6201892226844657,-0.05778754527941421,1.665401503637951,1.2709848251271383,1.3190387351856692
-0.8177339465973219,-0.6154915796172451,-0.058284890797371494,-0.5952272282818631,-0.9359045730975464,-0.6201892226844657,-0.05778754527941421,2.0850695239378667,1.2709848251271383,1.3190387351856692
0.16194730971731802,0.7649976209279952,1.4938670923934996,0.8065414765793012,-0.42164245835933756,0.1557070814399298,-0.05778754527941421,1.7178600061754405,0.894311952916699,0.9454787690239813
-0.9810141559830953,-1.1676872598353414,-0.6791456840737199,-1.1559347102263289,0.34975071374797573,2.4833959938131165,-0.05778754527941421,-0.8526066181615414,-1.742398152556376,-1.669440994107834
-0.6544537372115486,-0.6154915796172451,-0.3687152874355457,-0.5952272282818631,-1.0644701017820986,0.1557070814399298,-0.9614863916702531,0.1266187625382613,0.2665238325659667,0.322878825421168
-0.9810141559830953,-1.1676872598353414,-0.6791456840737199,-1.1559347102263289,-0.5502079870438897,2.4833959938131165,-0.05778754527941421,-0.8526066181615414,-1.742398152556376,-1.669440994107834
0.9783483566461847,1.3171933011460915,-0.3687152874355457,2.2083101814404653,0.6068817711170802,-0.6201892226844657,0.8459113011114247,-0.6266315303077408,0.3437900627629799,1.0891556790861694
-0.6544537372115486,-0.6154915796172451,-0.3687152874355457,-0.5952272282818631,0.4783162424325279,-0.6201892226844657,-0.05778754527941421,0.1266187625382613,0.2665238325659667,0.322878825421168
-0.0013328996684553085,0.7649976209279952,-0.3687152874355457,0.8065414765793012,-0.16451140099023315,0.1557070814399298,-0.9614863916702531,-0.4329385978616261,1.2709848251271383,1.3190387351856692
-0.6544537372115486,-0.6154915796172451,-0.058284890797371494,-0.5952272282818631,-1.0644701017820986,0.1557070814399298,-0.9614863916702531,1.105844143238064,0.2665238325659667,0.322878825421168
-0.9810141559830953,-1.1676872598353414,-0.6791456840737199,-1.1559347102263289,-1.3216011591512031,-0.6201892226844657,-0.9614863916702531,-0.8526066181615414,-1.742398152556376,-1.669440994107834
-0.32789331844000197,-0.063295899399149,-0.6791456840737199,-0.3148734873096303,0.7354472998016324,0.1557070814399298,-0.9614863916702531,-0.8526066181615414,0.6683082295904356,0.12364684346826783
-0.9810141559830953,-1.1676872598353414,-0.6791456840737199,-1.1559347102263289,-0.5502079870438897,-0.6201892226844657,-0.05778754527941421,-0.8526066181615414,-1.742398152556376,-1.669440994107834
0.16194730971731802,0.7649976209279952,1.4938670923934996,0.8065414765793012,-0.42164245835933756,1.707499689688721,-0.05778754527941421,1.7178600061754405,0.894311952916699,0.9454787690239813
-0.4911735278257753,-0.33939373950819707,-0.3687152874355457,-0.3148734873096303,1.121143885855289,-0.6201892226844657,0.8459113011114247,-0.11818758263668933,0.5176390807062596,0.5719188028622934
-0.16461310905422863,-0.063295899399149,-0.3687152874355457,-1.1559347102263289,-0.42164245835933756,2.4833959938131165,-0.05778754527941421,-0.3629939278116402,0.2665238325659667,-1.669440994107834
-0.8177339465973219,-0.6154915796172451,-0.058284890797371494,-0.5952272282818631,-1.0644701017820986,1.707499689688721,-0.9614863916702531,2.0850695239378667,1.2709848251271383,1.3190387351856692
-0.9810141559830953,-1.1676872598353414,-0.6791456840737199,-1.1559347102263289,-1.3216011591512031,-2.171981830933257,-0.9614863916702531,-0.8526066181615414,-1.742398152556376,-1.669440994107834
-0.6544537372115486,-0.6154915796172451,-0.3687152874355457,-0.5952272282818631,-0.678773515728442,0.9316033855643254,-0.9614863916702531,0.1266187625382613,0.2665238325659667,0.322878825421168
-0.9810141559830953,-0.8915894197262932,-0.6791456840737199,-1.1559347102263289,-0.16451140099023315,1.707499689688721,-0.05778754527941421,-0.8526066181615414,1.2709848251271383,-1.669440994107834
-0.32789331844000197,-0.6154915796172451,-0.6791456840737199,-0.0345197463373974,-0.8073390444129942,-0.6201892226844657,-0.9614863916702531,-0.8526066181615414,-0.5370449614829703,0.7213427893269687
-0.0013328996684553085,0.21280194070989908,-0.6791456840737199,0.8065414765793012,-0.5502079870438897,-1.3960855268088614,-0.05778754527941421,-0.8526066181615414,0.4100182600747056,1.3190387351856692
-0.32789331844000197,-0.6154915796172451,-0.6791456840737199,-1.1559347102263289,1.8925370579626022,-0.6201892226844657,0.8459113011114247,-0.8526066181615414,-0.5370449614829703,-1.669440994107834
-0.0013328996684553085,0.7649976209279952,-0.6791456840737199,0.8065414765793012,0.8640128284861845,-0.6201892226844657,-0.05778754527941421,-0.8526066181615414,1.2709848251271383,1.3190387351856692
-0.8177339465973219,-0.6154915796172451,-0.058284890797371494,-0.5952272282818631,-0.678773515728442,0.1557070814399298,-0.9614863916702531,2.0850695239378667,1.2709848251271383,1.3190387351856692
-0.32789331844000197,-0.6154915796172451,-0.6791456840737199,-0.0345197463373974,-0.2930769296747854,0.1557070814399298,-0.05778754527941421,-0.8526066181615414,-0.5370449614829703,0.7213427893269687
-0.32789331844000197,-0.063295899399149,-0.3687152874355457,-0.5952272282818631,2.406799172700811,-0.6201892226844657,1.7496101475022634,-0.26507138974165967,0.6683082295904356,-0.4740491023904327
-0.32789331844000197,-0.6154915796172451,-0.6791456840737199,-0.3148734873096303,-0.8073390444129942,-0.6201892226844657,-0.05778754527941421,-0.8526066181615414,-0.5370449614829703,0.12364684346826783
-0.9810141559830953,-1.1676872598353414,-0.6791456840737199,-1.1559347102263289,-1.3216011591512031,0.1557070814399298,-0.9614863916702531,-0.8526066181615414,-1.742398152556376,-1.669440994107834
-0.16461310905422863,-0.063295899399149,-0.6791456840737199,-0.0345197463373974,-0.5502079870438897,-0.6201892226844657,-0.9614863916702531,-0.8526066181615414,0.2665238325659667,0.322878825421168
-0.8177339465973219,-0.8915894197262932,-0.3687152874355457,-0.5952272282818631,-1.193035630466651,-1.3960855268088614,-0.9614863916702531,0.6162314528881626,-0.23570666371461896,1.3190387351856692
0.48850772848886465,1.3171933011460915,2.114727885669848,-1.1559347102263289,-0.16451140099023315,-0.6201892226844657,0.8459113011114247,1.791301909727926,0.9696465273587869,-1.669440994107834
-0.9810141559830953,-1.1676872598353414,-0.6791456840737199,-1.1559347102263289,-1.0644701017820986,0.9316033855643254,-0.9614863916702531,-0.8526066181615414,-1.742398152556376,-1.669440994107834
1.794749403575051,0.7649976209279952,3.0460190755843706,3.6100788863016295,0.8640128284861845,-0.6201892226844657,-0.9614863916702531,1.105844143238064,-0.5705269945683428,1.1530120835582522
-0.32789331844000197,-0.063295899399149,-0.3687152874355457,-0.3148734873096303,-0.42164245835933756,1.707499689688721,-0.05778754527941421,-0.26507138974165967,0.6683082295904356,0.12364684346826783
-0.32789331844000197,-0.6154915796172451,-0.3687152874355457,-0.5952272282818631,-0.42164245835933756,1.707499689688721,-0.9614863916702531,-0.26507138974165967,-0.5370449614829703,-0.4740491023904327
-0.9810141559830953,-1.1676872598353414,-0.6791456840737199,-0.8755809692540959,0.8640128284861845,-0.6201892226844657,-0.05778754527941421,-0.8526066181615414,-1.742398152556376,1.3190387351856692
2.9377108692754645,1.5932911412551394,0.2521455058408027,1.3672489585237668,1.76397152927805,0.1557070814399298,1.7496101475022634,-0.5000854811096124,-0.5370449614829703,-0.593588291562173
-0.9810141559830953,-1.1676872598353414,-0.6791456840737199,-1.1559347102263289,1.121143885855289,0.1557070814399298,-0.05778754527941421,-0.8526066181615414,-1.742398152556376,-1.669440994107834
-0.4911735278257753,-0.6154915796172451,-0.3687152874355457,-0.5952272282818631,1.6354060005934978,0.9316033855643254,2.6533089938931025,-0.11818758263668933,-0.23570666371461896,-0.17520112946108243
-0.6544537372115486,-0.6154915796172451,-0.3687152874355457,-0.5952272282818631,-0.678773515728442,0.1557070814399298,-0.05778754527941421,0.1266187625382613,0.2665238325659667,0.322878825421168
0.9783483566461847,1.5932911412551394,0.2521455058408027,2.2083101814404653,0.2211851850634235,1.707499689688721,-0.05778754527941421,-0.1746813546001397,0.5755887533540197,1.0891556790861694
-0.6544537372115486,-0.6154915796172451,-0.3687152874355457,-0.5952272282818631,-0.42164245835933756,-1.3960855268088614,-0.9614863916702531,0.1266187625382613,0.2665238325659667,0.322878825421168
-0.32789331844000197,-0.6154915796172451,-0.6791456840737199,-0.5952272282818631,-0.42164245835933756,0.1557070814399298,-0.05778754527941421,-0.8526066181615414,-0.5370449614829703,-0.4740491023904327
-0.32789331844000197,-0.063295899399149,-0.3687152874355457,-0.3148734873096303,-0.8073390444129942,0.1557070814399298,-0.05778754527941421,-0.26507138974165967,0.6683082295904356,0.12364684346826783
0.9783483566461847,1.8693889813641875,2.4251582823080224,0.8065414765793012,0.4783162424325279,-0.6201892226844657,-0.05778754527941421,1.407144260376465,0.8073874439450591,-0.06025960141133238
-0.4911735278257753,-0.6154915796172451,0.2521455058408027,-0.5952272282818631,-0.9359045730975464,0.1557070814399298,-0.9614863916702531,1.3506504884130146,-0.23570666371461896,-0.17520112946108243
2.284590031732371,1.0410954610370433,-0.3687152874355457,0.5261877356070683,1.2497094145398413,0.1557070814399298,2.6533089938931025,-0.7127172780615695,-0.5944427324864662,-0.8155896428811189
-0.0013328996684553085,0.7649976209279952,1.4938670923934996,0.8065414765793012,3.1781923448081244,-2.171981830933257,1.7496101475022634,2.0850695239378667,1.2709848251271383,1.3190387351856692
-0.32789331844000197,-0.063295899399149,0.5625759024789769,-0.0345197463373974,-0.678773515728442,2.4833959938131165,-0.05778754527941421,1.4975342955179851,0.6683082295904356,0.7213427893269687
0.48850772848886465,0.7649976209279952,-0.6791456840737199,0.8065414765793012,-0.16451140099023315,-0.6201892226844657,0.8459113011114247,-0.8526066181615414,0.3669699318220838,0.4224948163976181
0.48850772848886465,-1.1676872598353414,-0.3687152874355457,1.086895217551534,-0.16451140099023315,-0.6201892226844657,-0.05778754527941421,-0.5588390039516005,-1.742398152556376,0.7213427893269687
-0.8177339465973219,-0.6154915796172451,-0.6791456840737199,-0.5952272282818631,-0.678773515728442,1.707499689688721,-0.9614863916702531,-0.8526066181615414,1.2709848251271383,1.3190387351856692
-0.32789331844000197,-0.063295899399149,-0.6791456840737199,-0.0345197463373974,2.1496681153317065,0.9316033855643254,0.8459113011114247,-0.8526066181615414,0.6683082295904356,0.7213427893269687
-0.8177339465973219,-0.6154915796172451,-0.6791456840737199,-0.5952272282818631,-0.42164245835933756,0.1557070814399298,-0.9614863916702531,-0.8526066181615414,1.2709848251271383,1.3190387351856692
-0.32789331844000197,-0.6154915796172451,-0.3687152874355457,-0.0345197463373974,2.535364701385363,-0.6201892226844657,1.7496101475022634,-0.26507138974165967,-0.5370449614829703,0.7213427893269687
-0.32789331844000197,-0.063295899399149,-0.6791456840737199,-0.5952272282818631,0.9925783571707368,0.1557070814399298,-0.05778754527941421,-0.8526066181615414,0.6683082295904356,-0.4740491023904327
-0.32789331844000197,-0.063295899399149,-0.6791456840737199,-0.5952272282818631,-0.03594587230568093,-0.6201892226844657,-0.05778754527941421,-0.8526066181615414,0.6683082295904356,-0.4740491023904327
3.5908317068185576,1.0410954610370433,2.7355886789461965,1.6476026994959998,2.7924957587544674,1.707499689688721,2.6533089938931025,0.2616843322899582,-0.911120089747131,-0.6389307426273156
0.48850772848886465,0.7649976209279952,-0.6791456840737199,1.086895217551534,0.9925783571707368,1.707499689688721,-0.05778754527941421,-0.8526066181615414,0.3669699318220838,0.7213427893269687
-0.16461310905422863,0.21280194070989908,-0.6791456840737199,-0.0345197463373974,-0.5502079870438897,0.9316033855643254,-0.05778754527941421,-0.8526066181615414,0.7687543288465527,0.322878825421168
-0.32789331844000197,-0.33939373950819707,-0.3687152874355457,-0.0345197463373974,-0.678773515728442,0.9316033855643254,-0.9614863916702531,-0.26507138974165967,0.06563163405373243,0.7213427893269687
-0.8177339465973219,-0.6154915796172451,-0.3687152874355457,-1.1559347102263289,-1.0644701017820986,0.1557070814399298,-0.9614863916702531,0.6162314528881626,1.2709848251271383,-1.669440994107834
-0.9810141559830953,-1.1676872598353414,-0.6791456840737199,-1.1559347102263289,-1.3216011591512031,0.1557070814399298,-0.9614863916702531,-0.8526066181615414,-1.742398152556376,-1.669440994107834
2.1213098223465976,2.9737803418003796,-0.3687152874355457,2.2083101814404653,1.2497094145398413,-0.6201892226844657,2.6533089938931025,-0.705722811056571,0.5176390807062596,0.12364684346826783
-0.6544537372115486,-0.6154915796172451,-0.6791456840737199,-0.5952272282818631,-1.0644701017820986,0.1557070814399298,-0.9614863916702531,-0.8526066181615414,0.2665238325659667,0.322878825421168
-0.32789331844000197,-0.33939373950819707,-0.3687152874355457,-0.0345197463373974,-0.2930769296747854,0.1557070814399298,-0.9614863916702531,-0.26507138974165967,0.06563163405373243,0.7213427893269687
0.48850772848886465,-0.6154915796172451,-0.6791456840737199,0.8065414765793012,-0.16451140099023315,-0.6201892226844657,0.8459113011114247,-0.8526066181615414,-1.1397215570196733,0.4224948163976181
-0.8177339465973219,-0.6154915796172451,-0.3687152874355457,-0.8755809692540959,-0.678773515728442,-0.6201892226844657,-0.9614863916702531,0.6162314528881626,1.2709848251271383,-0.17520112946108243
-0.9810141559830953,-1.1676872598353414,-0.6791456840737199,-1.1559347102263289,-1.3216011591512031,0.1557070814399298,-0.9614863916702531,-0.8526066181615414,-1.742398152556376,-1.669440994107834
0.32522751910309133,1.0410954610370433,1.4938670923934996,1.086895217551534,-0.16451140099023315,0.1557070814399298,0.8459113011114247,1.4322526034713317,0.9361644942734143,0.9869854319308353
-0.9810141559830953,-1.1676872598353414,-0.6791456840737199,-1.1559347102263289,2.6639302300699153,0.1557070814399298,1.7496101475022634,-0.8526066181615414,-1.742398152556376,-1.669440994107834
3.264271288047011,1.5932911412551394,3.977310265498893,0.8065414765793012,2.1496681153317065,-0.6201892226844657,1.7496101475022634,0.7794356830047965,-0.6263303830439636,-0.8946499531798889
0.651787937874638,0.7649976209279952,1.1834366957553253,0.8065414765793012,0.09261965637887129,-0.6201892226844657,-0.9614863916702531,0.7497621866199539,0.17520919687858755,0.23231883362439526
1.794749403575051,2.4215846615822834,3.3564494722225446,1.9279564404682326,1.3782749432243935,1.707499689688721,0.8459113011114247,1.2690483733546978,0.43393399799282867,0.1568521737937514
-0.32789331844000197,-1.1676872598353414,-0.6791456840737199,-0.0345197463373974,1.121143885855289,-0.6201892226844657,-0.05778754527941421,-0.8526066181615414,-1.742398152556376,0.7213427893269687
-0.6544537372115486,-0.6154915796172451,-0.6791456840737199,-0.8755809692540959,1.8925370579626022,-0.6201892226844657,1.7496101475022634,-0.8526066181615414,0.2665238325659667,-0.673281084343333
-0.32789331844000197,-0.063295899399149,0.5625759024789769,-0.3148734873096303,-0.678773515728442,-0.6201892226844657,-0.9614863916702531,1.4975342955179851,0.6683082295904356,0.12364684346826783
-0.9810141559830953,-1.1676872598353414,-0.6791456840737199,-1.1559347102263289,0.9925783571707368,0.1557070814399298,-0.05778754527941421,-0.8526066181615414,-1.742398152556376,-1.669440994107834
-0.0013328996684553085,-0.33939373950819707,0.8730062991171511,0.8065414765793012,0.34975071374797573,0.1557070814399298,-0.9614863916702531,1.2457334833380358,-0.45094830497772737,1.3190387351856692
-0.6544537372115486,-0.6154915796172451,-0.3687152874355457,-0.5952272282818631,0.4783162424325279,0.1557070814399298,0.8459113011114247,0.1266187625382613,0.2665238325659667,0.322878825421168
0.9783483566461847,1.0410954610370433,-0.6791456840737199,1.086895217551534,0.2211851850634235,2.4833959938131165,0.8459113011114247,-0.8526066181615414,0.11199137217194051,0.16962345468816806
-0.0013328996684553085,0.48889978081894714,1.4938670923934996,0.8065414765793012,0.4783162424325279,-0.6201892226844657,0.8459113011114247,2.0850695239378667,0.8405015426009218,1.3190387351856692
-0.4911735278257753,-0.33939373950819707,-0.3687152874355457,-0.3148734873096303,-0.42164245835933756,-0.6201892226844657,-0.9614863916702531,-0.11818758263668933,0.5176390807062596,0.5719188028622934
-0.6544537372115486,-0.6154915796172451,-0.3687152874355457,-0.5952272282818631,-0.9359045730975464,0.1557070814399298,-0.9614863916702531,0.1266187625382613,0.2665238325659667,0.322878825421168
0.16194730971731802,0.7649976209279952,-0.6791456840737199,-1.1559347102263289,-0.16451140099023315,-0.6201892226844657,0.8459113011114247,-0.8526066181615414,0.894311952916699,-1.669440994107834
-0.9810141559830953,-1.1676872598353414,-0.6791456840737199,-1.1559347102263289,0.09261965637887129,-0.6201892226844657,0.8459113011114247,-0.8526066181615414,-1.742398152556376,-1.669440994107834
-0.6544537372115486,-0.6154915796172451,-0.6791456840737199,-0.5952272282818631,-0.03594587230568093,-0.6201892226844657,0.8459113011114247,-0.8526066181615414,0.2665238325659667,0.322878825421168
-0.8177339465973219,-0.6154915796172451,-0.058284890797371494,-1.1559347102263289,-0.42164245835933756,0.9316033855643254,-0.9614863916702531,2.0850695239378667,1.2709848251271383,-1.669440994107834
0.48850772848886465,-0.33939373950819707,2.114727885669848,0.8065414765793012,-0.16451140099023315,0.1557070814399298,0.8459113011114247,1.791301909727926,-0.8383832592513218,0.4224948163976181
-0.8177339465973219,-0.6154915796172451,-0.3687152874355457,-0.5952272282818631,-0.9359045730975464,0.1557070814399298,-0.9614863916702531,0.6162314528881626,1.2709848251271383,1.3190387351856692
0.32522751910309133,0.7649976209279952,1.1834366957553253,0.8065414765793012,0.34975071374797573,-0.6201892226844657,-0.05778754527941421,1.105844143238064,0.6013441634196907,0.6549321286760018
0.48850772848886465,1.3171933011460915,1.4938670923934996,0.8065414765793012,3.3067578734926766,-0.6201892226844657,1.7496101475022634,1.203766681308044,0.9696465273587869,0.4224948163976181
1.141628566031958,-0.33939373950819707,-0.3687152874355457,1.6476026994959998,0.6068817711170802,0.1557070814399298,-0.05778754527941421,-0.6427726080115836,-1.096673228767052,0.46518738395895404
0.651787937874638,1.3171933011460915,1.1834366957553253,1.3672489585237668,0.4783162424325279,-0.6201892226844657,-0.05778754527941421,0.7497621866199539,0.723097011002863,0.7756787844050324
2.1213098223465976,0.48889978081894714,0.8730062991171511,2.488663922412698,1.3782749432243935,0.1557070814399298,1.7496101475022634,-0.11818758263668933,-0.8383832592513218,0.2730708299329431
0.16194730971731802,-0.33939373950819707,-0.6791456840737199,0.8065414765793012,-0.42164245835933756,0.1557070814399298,-0.9614863916702531,-0.8526066181615414,-0.6123795359250582,0.9454787690239813
-0.16461310905422863,0.21280194070989908,-0.6791456840737199,0.24583399463483546,-0.16451140099023315,-0.6201892226844657,-0.05778754527941421,-0.8526066181615414,0.7687543288465527,0.8209587803034187
0.48850772848886465,1.3171933011460915,0.8730062991171511,1.086895217551534,-0.16451140099023315,1.707499689688721,0.8459113011114247,0.6162314528881626,0.9696465273587869,0.7213427893269687
0.16194730971731802,0.7649976209279952,0.2521455058408027,0.8065414765793012,-0.2930769296747854,0.1557070814399298,-0.05778754527941421,0.24902193512573667,0.894311952916699,0.9454787690239813
-0.0013328996684553085,0.7649976209279952,-0.3687152874355457,-1.1559347102263289,-0.42164245835933756,-0.6201892226844657,-0.9614863916702531,-0.4329385978616261,1.2709848251271383,-1.669440994107834
-0.6544537372115486,-0.6154915796172451,-0.3687152874355457,-0.5952272282818631,-0.42164245835933756,-0.6201892226844657,-0.05778754527941421,0.1266187625382613,0.2665238325659667,0.322878825421168
-0.16461310905422863,-0.8915894197262932,-0.6791456840737199,0.24583399463483546,-0.16451140099023315,-0.6201892226844657,1.7496101475022634,-0.8526066181615414,-1.2401676562757906,0.8209587803034187
-0.32789331844000197,-0.063295899399149,-0.6791456840737199,-0.8755809692540959,-0.16451140099023315,0.1557070814399298,0.8459113011114247,-0.8526066181615414,0.6683082295904356,-1.0717450482491333
-1.1442943653688686,-1.1676872598353414,-0.6791456840737199,-1.1559347102263289,-1.4501666878357553,0.1557070814399298,-0.9614863916702531,-0.8526066181615414,-1.742398152556376,-1.669440994107834
-0.9810141559830953,-1.1676872598353414,-0.6791456840737199,-0.8755809692540959,1.121143885855289,-0.6201892226844657,0.8459113011114247,-0.8526066181615414,-1.742398152556376,1.3190387351856692
0.16194730971731802,0.7649976209279952,-0.6791456840737199,0.8065414765793012,-0.16451140099023315,0.1557070814399298,-0.05778754527941421,-0.8526066181615414,0.894311952916699,0.9454787690239813
-1.1442943653688686,-1.1676872598353414,-0.6791456840737199,-1.1559347102263289,-0.42164245835933756,1.707499689688721,-0.05778754527941421,-0.8526066181615414,-1.742398152556376,-1.669440994107834
-0.32789331844000197,-0.063295899399149,-0.6791456840737199,-0.3148734873096303,-0.8073390444129942,0.1557070814399298,-0.05778754527941421,-0.8526066181615414,0.6683082295904356,0.12364684346826783
0.48850772848886465,0.7649976209279952,0.8730062991171511,0.8065414765793012,-0.16451140099023315,0.1557070814399298,-0.05778754527941421,0.6162314528881626,0.3669699318220838,0.4224948163976181
-0.9810141559830953,-1.1676872598353414,-0.6791456840737199,-1.1559347102263289,-1.3216011591512031,0.1557070814399298,-0.9614863916702531,-0.8526066181615414,-1.742398152556376,-1.669440994107834
-0.16461310905422863,0.21280194070989908,-0.3687152874355457,-0.5952272282818631,0.09261965637887129,0.1557070814399298,0.8459113011114247,-0.3629939278116402,0.7687543288465527,-0.673281084343333
-0.8177339465973219,-0.6154915796172451,-0.3687152874355457,-0.5952272282818631,2.1496681153317065,0.1557070814399298,0.8459113011114247,0.6162314528881626,1.2709848251271383,1.3190387351856692
1.794749403575051,3.249878181909428,2.7355886789461965,1.086895217551534,1.3782749432243935,-0.6201892226844657,1.7496101475022634,0.9426399131214304,0.9361644942734143,-0.3412277810884993
0.32522751910309133,0.21280194070989908,1.4938670923934996,0.8065414765793012,-0.2930769296747854,2.4833959938131165,0.8459113011114247,1.4322526034713317,-0.06829649828775697,0.6549321286760018
0.48850772848886465,1.3171933011460915,1.1834366957553253,1.3672489585237668,0.8640128284861845,0.1557070814399298,-0.05778754527941421,0.9099990670981034,0.9696465273587869,1.0201907622563189
-0.4911735278257753,-0.6154915796172451,-0.3687152874355457,-0.5952272282818631,-0.678773515728442,-0.6201892226844657,-0.05778754527941421,-0.11818758263668933,-0.23570666371461896,-0.17520112946108243
-0.8177339465973219,-0.6154915796172451,-0.058284890797371494,-0.8755809692540959,-1.0644701017820986,0.1557070814399298,-0.9614863916702531,2.0850695239378667,1.2709848251271383,-0.17520112946108243
-0.9810141559830953,-1.1676872598353414,-0.6791456840737199,-1.1559347102263289,0.8640128284861845,0.9316033855643254,-0.05778754527941421,-0.8526066181615414,-1.742398152556376,-1.669440994107834
-0.16461310905422863,0.21280194070989908,0.5625759024789769,-0.3148734873096303,-0.42164245835933756,-0.6201892226844657,-0.05778754527941421,1.105844143238064,0.7687543288465527,-0.17520112946108243
3.9173921255901045,1.3171933011460915,-0.6791456840737199,1.3672489585237668,2.535364701385363,1.707499689688721,2.6533089938931025,-0.8526066181615414,-0.8675450300030977,-0.8018178468935911
-0.16461310905422863,0.21280194070989908,-0.3687152874355457,-0.0345197463373974,-0.678773515728442,0.1557070814399298,-0.9614863916702531,-0.3629939278116402,0.7687543288465527,0.322878825421168
-0.32789331844000197,-0.33939373950819707,-0.3687152874355457,-0.0345197463373974,-0.678773515728442,1.707499689688721,-0.05778754527941421,-0.26507138974165967,0.06563163405373243,0.7213427893269687
-0.9810141559830953,-1.1676872598353414,-0.6791456840737199,-1.1559347102263289,-1.3216011591512031,-0.6201892226844657,-0.9614863916702531,-0.8526066181615414,-1.742398152556376,-1.669440994107834
4.080672334975878,0.21280194070989908,2.4251582823080224,0.8065414765793012,2.6639302300699153,-0.6201892226844657,2.6533089938931025,0.06541717624452367,-1.271557062293327,-1.0157110533248803
-0.0013328996684553085,-0.063295899399149,-0.6791456840737199,0.5261877356070683,-0.5502079870438897,-1.3960855268088614,-0.9614863916702531,-0.8526066181615414,-0.020465022451510873,0.8921130595723115
-0.16461310905422863,-0.33939373950819707,-0.3687152874355457,-0.5952272282818631,-0.678773515728442,0.9316033855643254,-0.9614863916702531,-0.3629939278116402,-0.23570666371461896,-0.673281084343333
-0.9810141559830953,-1.1676872598353414,-0.6791456840737199,-1.1559347102263289,-1.3216011591512031,-0.6201892226844657,-0.9614863916702531,-0.8526066181615414,-1.742398152556376,-1.669440994107834
-0.16461310905422863,0.21280194070989908,-0.3687152874355457,-0.3148734873096303,-0.678773515728442,0.1557070814399298,-0.9614863916702531,-0.3629939278116402,0.7687543288465527,-0.17520112946108243
-0.6544537372115486,-0.8915894197262932,-0.3687152874355457,-0.5952272282818631,-0.2930769296747854,-0.6201892226844657,-0.05778754527941421,0.1266187625382613,-0.7379371599952047,0.322878825421168
-0.6544537372115486,-0.6154915796172451,-0.6791456840737199,-0.5952272282818631,-0.2930769296747854,0.1557070814399298,-0.05778754527941421,-0.8526066181615414,0.2665238325659667,0.322878825421168
-0.0013328996684553085,0.7649976209279952,0.8730062991171511,0.8065414765793012,0.2211851850634235,0.9316033855643254,-0.05778754527941421,1.2457334833380358,1.2709848251271383,1.3190387351856692
-0.32789331844000197,-0.33939373950819707,-0.6791456840737199,-0.3148734873096303,-0.678773515728442,1.707499689688721,-0.9614863916702531,-0.8526066181615414,0.06563163405373243,0.12364684346826783
-0.6544537372115486,-1.1676872598353414,-0.3687152874355457,-1.1559347102263289,0.7354472998016324,0.1557070814399298,-0.05778754527941421,0.1266187625382613,-1.742398152556376,-1.669440994107834
-0.9810141559830953,-1.1676872598353414,-0.6791456840737199,-1.1559347102263289,-1.3216011591512031,-2.171981830933257,-0.9614863916702531,-0.8526066181615414,-1.742398152556376,-1.669440994107834
0.48850772848886465,-0.6154915796172451,-0.058284890797371494,-0.5952272282818631,-0.16451140099023315,0.9316033855643254,-0.05778754527941421,-0.26507138974165967,-1.1397215570196733,-1.0717450482491333
-0.9810141559830953,-1.1676872598353414,-0.6791456840737199,-1.1559347102263289,1.2497094145398413,0.1557070814399298,1.7496101475022634,-0.8526066181615414,-1.742398152556376,-1.669440994107834
-1.1442943653688686,-1.1676872598353414,-0.6791456840737199,-1.1559347102263289,-0.42164245835933756,0.1557070814399298,-0.9614863916702531,-0.8526066181615414,-1.742398152556376,-1.669440994107834
0.16194730971731802,0.7649976209279952,0.5625759024789769,0.8065414765793012,-0.16451140099023315,0.1557070814399298,-0.05778754527941421,0.6162314528881626,0.894311952916699,0.9454787690239813
-0.6544537372115486,-0.6154915796172451,-0.6791456840737199,-0.5952272282818631,1.2497094145398413,0.1557070814399298,1.7496101475022634,-0.8526066181615414,0.2665238325659667,0.322878825421168
-0.8177339465973219,-0.6154915796172451,-0.6791456840737199,-0.5952272282818631,-0.16451140099023315,-1.3960855268088614,-0.05778754527941421,-0.8526066181615414,1.2709848251271383,1.3190387351856692
0.16194730971731802,-0.6154915796172451,-0.6791456840737199,0.5261877356070683,-0.42164245835933756,0.1557070814399298,-0.9614863916702531,-0.8526066181615414,-0.9890524081354976,0.5719188028622934
-0.4911735278257753,-0.33939373950819707,-0.6791456840737199,-0.5952272282818631,-0.8073390444129942,0.1557070814399298,-0.9614863916702531,-0.8526066181615414,0.5176390807062596,-0.17520112946108243
-0.6544537372115486,-0.6154915796172451,-0.3687152874355457,-0.5952272282818631,-1.0644701017820986,-0.6201892226844657,-0.9614863916702531,0.1266187625382613,0.2665238325659667,0.322878825421168
-0.8177339465973219,-0.6154915796172451,-0.6791456840737199,-0.8755809692540959,1.8925370579626022,-0.6201892226844657,2.6533089938931025,-0.8526066181615414,1.2709848251271383,-0.17520112946108243
-0.8177339465973219,-0.6154915796172451,-0.058284890797371494,-0.5952272282818631,-1.0644701017820986,0.1557070814399298,-0.9614863916702531,2.0850695239378667,1.2709848251271383,1.3190387351856692
-0.32789331844000197,-1.1676872598353414,-0.3687152874355457,-0.5952272282818631,-0.678773515728442,0.1557070814399298,-0.05778754527941421,-0.26507138974165967,-1.742398152556376,-0.4740491023904327
-0.16461310905422863,-0.063295899399149,-0.6791456840737199,0.24583399463483546,-0.678773515728442,-0.6201892226844657,-0.05778754527941421,-0.8526066181615414,0.2665238325659667,0.8209587803034187
-0.9810141559830953,-1.1676872598353414,-0.6791456840737199,-1.1559347102263289,-1.3216011591512031,-0.6201892226844657,-0.9614863916702531,-0.8526066181615414,-1.742398152556376,-1.669440994107834
1.141628566031958,0.7649976209279952,1.8042974890316739,1.6476026994959998,0.8640128284861845,-0.6201892226844657,-0.05778754527941421,0.8260654630381202,-0.23570666371461896,0.46518738395895404
0.48850772848886465,1.3171933011460915,1.8042974890316739,1.086895217551534,-0.16451140099023315,0.9316033855643254,-0.9614863916702531,1.4975342955179851,0.9696465273587869,0.7213427893269687
-0.9810141559830953,-0.8915894197262932,-0.6791456840737199,-1.1559347102263289,-0.8073390444129942,0.9316033855643254,-0.05778754527941421,-0.8526066181615414,1.2709848251271383,-1.669440994107834
-0.6544537372115486,-0.6154915796172451,-0.6791456840737199,-0.5952272282818631,-1.0644701017820986,-0.6201892226844657,-0.9614863916702531,-0.8526066181615414,0.2665238325659667,0.322878825421168
0.48850772848886465,0.7649976209279952,1.4938670923934996,1.086895217551534,-0.16451140099023315,-0.6201892226844657,0.8459113011114247,1.203766681308044,0.3669699318220838,0.7213427893269687
-0.16461310905422863,-1.1676872598353414,-0.3687152874355457,-0.5952272282818631,-0.678773515728442,1.707499689688721,-0.05778754527941421,-0.3629939278116402,-1.742398152556376,-0.673281084343333
1.6314691941892778,1.8693889813641875,2.7355886789461965,1.086895217551534,0.7354472998016324,0.1557070814399298,-0.05778754527941421,1.0482426502557227,0.20743789182707445,-0.2630975920873621
0.9783483566461847,1.8693889813641875,0.5625759024789769,0.8065414765793012,0.4783162424325279,-0.6201892226844657,-0.05778754527941421,0.05129373325366118,0.8073874439450591,-0.06025960141133238
0.32522751910309133,0.7649976209279952,1.4938670923934996,-0.8755809692540959,0.6068817711170802,-1.3960855268088614,0.8459113011114247,1.4322526034713317,0.6013441634196907,-1.3373876908530005
-0.6544537372115486,-0.6154915796172451,-0.6791456840737199,-0.5952272282818631,0.2211851850634235,-0.6201892226844657,-0.05778754527941421,-0.8526066181615414,0.2665238325659667,0.322878825421168
-0.4911735278257753,-0.6154915796172451,-0.3687152874355457,-0.8755809692540959,-0.8073390444129942,-2.171981830933257,-0.9614863916702531,-0.11818758263668933,-0.23570666371461896,-0.9223210617844583
-0.9810141559830953,-1.1676872598353414,-0.3687152874355457,-0.8755809692540959,-1.3216011591512031,1.707499689688721,-0.9614863916702531,2.0850695239378667,-1.742398152556376,1.3190387351856692
0.48850772848886465,1.0410954610370433,2.114727885669848,0.8065414765793012,-0.16451140099023315,0.1557070814399298,-0.9614863916702531,1.791301909727926,0.6683082295904356,0.4224948163976181
-0.9810141559830953,-1.1676872598353414,-0.6791456840737199,-1.1559347102263289,-1.3216011591512031,0.1557070814399298,-0.9614863916702531,-0.8526066181615414,-1.742398152556376,-1.669440994107834
-0.6544537372115486,-0.6154915796172451,-0.6791456840737199,-0.5952272282818631,-0.8073390444129942,0.1557070814399298,-0.9614863916702531,-0.8526066181615414,0.2665238325659667,0.322878825421168
-0.6544537372115486,-0.6154915796172451,-0.3687152874355457,-0.5952272282818631,-0.9359045730975464,0.9316033855643254,-0.05778754527941421,0.1266187625382613,0.2665238325659667,0.322878825421168
-0.0013328996684553085,0.7649976209279952,-0.6791456840737199,0.24583399463483546,-0.42164245835933756,-0.6201892226844657,-0.05778754527941421,-0.8526066181615414,1.2709848251271383,0.46518738395895404
0.48850772848886465,0.7649976209279952,-0.058284890797371494,1.086895217551534,-0.16451140099023315,1.707499689688721,-0.9614863916702531,-0.26507138974165967,0.3669699318220838,0.7213427893269687
-0.8177339465973219,-0.6154915796172451,-0.058284890797371494,-0.5952272282818631,0.09261965637887129,0.1557070814399298,-0.05778754527941421,2.0850695239378667,1.2709848251271383,1.3190387351856692
-0.16461310905422863,0.21280194070989908,-0.6791456840737199,-0.0345197463373974,-0.678773515728442,0.1557070814399298,-0.05778754527941421,-0.8526066181615414,0.7687543288465527,0.322878825421168
-0.9810141559830953,-1.1676872598353414,-0.6791456840737199,-1.1559347102263289,-0.9359045730975464,-0.6201892226844657,-0.9614863916702531,-0.8526066181615414,-1.742398152556376,-1.669440994107834
2.1213098223465976,1.0410954610370433,0.2521455058408027,1.086895217551534,1.121143885855289,0.1557070814399298,-0.9614863916702531,-0.4119551968466301,-0.5370449614829703,-0.4740491023904327
0.16194730971731802,0.7649976209279952,1.4938670923934996,0.8065414765793012,-0.2930769296747854,0.1557070814399298,0.8459113011114247,1.7178600061754405,0.894311952916699,0.9454787690239813
-0.8177339465973219,-0.6154915796172451,-0.058284890797371494,-1.1559347102263289,-0.9359045730975464,0.1557070814399298,-0.05778754527941421,2.0850695239378667,1.2709848251271383,-1.669440994107834
2.1213098223465976,0.7649976209279952,2.7355886789461965,1.6476026994959998,1.121143885855289,0.9316033855643254,-0.05778754527941421,0.7631152599931332,-0.6877141103671462,-0.17520112946108243
0.48850772848886465,0.7649976209279952,-0.6791456840737199,1.086895217551534,-0.16451140099023315,-0.6201892226844657,-0.05778754527941421,-0.8526066181615414,0.3669699318220838,0.7213427893269687
-0.4911735278257753,-0.33939373950819707,-0.3687152874355457,-0.3148734873096303,0.8640128284861845,0.9316033855643254,-0.05778754527941421,-0.11818758263668933,0.5176390807062596,0.5719188028622934
0.32522751910309133,0.7649976209279952,-0.3687152874355457,1.086895217551534,-0.16451140099023315,0.9316033855643254,-0.05778754527941421,-0.5261981579282737,0.6013441634196907,0.9869854319308353
0.32522751910309133,0.7649976209279952,-0.6791456840737199,0.8065414765793012,-0.2930769296747854,0.1557070814399298,0.8459113011114247,-0.8526066181615414,0.6013441634196907,0.6549321286760018
-0.0013328996684553085,0.7649976209279952,1.4938670923934996,0.8065414765793012,-0.16451140099023315,2.4833959938131165,0.8459113011114247,2.0850695239378667,1.2709848251271383,1.3190387351856692
-0.0013328996684553085,0.7649976209279952,-0.3687152874355457,0.8065414765793012,1.121143885855289,-0.6201892226844657,-0.05778754527941421,-0.4329385978616261,1.2709848251271383,1.3190387351856692
1.794749403575051,2.4215846615822834,-0.3687152874355457,2.2083101814404653,1.121143885855289,-0.6201892226844657,0.8459113011114247,-0.6894023880449077,0.43393399799282867,0.322878825421168
-0.32789331844000197,-0.8915894197262932,-0.3687152874355457,-0.3148734873096303,2.6639302300699153,0.1557070814399298,1.7496101475022634,-0.26507138974165967,-1.1397215570196733,0.12364684346826783
2.284590031732371,0.48889978081894714,3.0460190755843706,0.5261877356070683,1.5068404719089457,-0.6201892226844657,2.6533089938931025,0.8260654630381202,-0.8814315875039436,-0.8155896428811189
-0.8177339465973219,-0.6154915796172451,-0.058284890797371494,-0.5952272282818631,-0.16451140099023315,-1.3960855268088614,-0.05778754527941421,2.0850695239378667,1.2709848251271383,1.3190387351856692
0.32522751910309133,0.7649976209279952,-0.3687152874355457,0.8065414765793012,-0.2930769296747854,0.9316033855643254,0.8459113011114247,-0.5261981579282737,0.6013441634196907,0.6549321286760018
2.4478702411181446,0.7649976209279952,-0.058284890797371494,1.6476026994959998,1.3782749432243935,0.1557070814399298,2.6533089938931025,-0.5855451506979589,-0.7835944778388944,-0.3110411171562419
-0.8177339465973219,-0.6154915796172451,-0.058284890797371494,-0.5952272282818631,-0.9359045730975464,-0.6201892226844657,-0.9614863916702531,2.0850695239378667,1.2709848251271383,1.3190387351856692
-0.0013328996684553085,0.7649976209279952,0.2521455058408027,0.8065414765793012,-0.16451140099023315,0.9316033855643254,-0.9614863916702531,0.4063974427382047,1.2709848251271383,1.3190387351856692
0.16194730971731802,0.7649976209279952,-0.6791456840737199,0.24583399463483546,-0.16451140099023315,-0.6201892226844657,0.8459113011114247,-0.8526066181615414,0.894311952916699,0.19835883670060547
-0.9810141559830953,-1.1676872598353414,-0.6791456840737199,-1.1559347102263289,-0.16451140099023315,0.9316033855643254,0.8459113011114247,-0.8526066181615414,-1.742398152556376,-1.669440994107834
-0.32789331844000197,-0.6154915796172451,-0.3687152874355457,-0.0345197463373974,-0.2930769296747854,1.707499689688721,-0.9614863916702531,-0.26507138974165967,-0.5370449614829703,0.7213427893269687
2.4478702411181446,-0.6154915796172451,2.7355886789461965,2.488663922412698,2.1496681153317065,-0.6201892226844657,1.7496101475022634,0.6162314528881626,-1.4684542454942386,0.09647884592923614
0.16194730971731802,0.7649976209279952,1.4938670923934996,0.8065414765793012,-0.16451140099023315,-0.6201892226844657,-0.05778754527941421,1.7178600061754405,0.894311952916699,0.9454787690239813
-0.9810141559830953,-1.1676872598353414,-0.6791456840737199,-1.1559347102263289,-1.3216011591512031,2.4833959938131165,-0.9614863916702531,-0.8526066181615414,-1.742398152556376,-1.669440994107834
-0.8177339465973219,-0.6154915796172451,-0.058284890797371494,-0.5952272282818631,-0.5502079870438897,-0.6201892226844657,-0.9614863916702531,2.0850695239378667,1.2709848251271383,1.3190387351856692
-0.8177339465973219,-0.6154915796172451,-0.058284890797371494,-0.5952272282818631,-0.5502079870438897,1.707499689688721,-0.05778754527941421,2.0850695239378667,1.2709848251271383,1.3190387351856692
-0.32789331844000197,-0.8915894197262932,0.5625759024789769,-0.3148734873096303,-0.16451140099023315,-0.6201892226844657,-0.05778754527941421,1.4975342955179851,-1.1397215570196733,0.12364684346826783
-0.4911735278257753,-0.33939373950819707,-0.6791456840737199,-0.5952272282818631,-0.8073390444129942,-0.6201892226844657,-0.9614863916702531,-0.8526066181615414,0.5176390807062596,-0.17520112946108243
0.16194730971731802,-0.33939373950819707,0.2521455058408027,0.5261877356070683,0.09261965637887129,0.1557070814399298,-0.05778754527941421,0.24902193512573667,-0.6123795359250582,0.5719188028622934
0.48850772848886465,0.7649976209279952,-0.3687152874355457,-0.8755809692540959,2.406799172700811,-1.3960855268088614,1.7496101475022634,-0.5588390039516005,0.3669699318220838,-1.3705930211784838
-0.4911735278257753,-0.6154915796172451,-0.058284890797371494,-0.3148734873096303,-0.8073390444129942,-0.6201892226844657,-0.9614863916702531,0.6162314528881626,-0.23570666371461896,0.5719188028622934
-0.0013328996684553085,0.48889978081894714,-0.6791456840737199,0.8065414765793012,-0.2930769296747854,-0.6201892226844657,-0.05778754527941421,-0.8526066181615414,0.8405015426009218,1.3190387351856692
-0.8177339465973219,-0.6154915796172451,-0.058284890797371494,-0.5952272282818631,-1.193035630466651,-0.6201892226844657,-0.9614863916702531,2.0850695239378667,1.2709848251271383,1.3190387351856692
-0.8177339465973219,-0.6154915796172451,-0.058284890797371494,-0.5952272282818631,0.9925783571707368,0.9316033855643254,-0.05778754527941421,2.0850695239378667,1.2709848251271383,1.3190387351856692
-0.9810141559830953,-1.1676872598353414,-0.6791456840737199,-1.1559347102263289,0.6068817711170802,-0.6201892226844657,-0.05778754527941421,-0.8526066181615414,-1.742398152556376,-1.669440994107834
0.48850772848886465,1.0410954610370433,0.5625759024789769,0.8065414765793012,-0.16451140099023315,-0.6201892226844657,-0.05778754527941421,0.3224638386782219,0.6683082295904356,0.4224948163976181
-0.9810141559830953,-1.1676872598353414,-0.6791456840737199,-0.8755809692540959,-0.678773515728442,-2.171981830933257,-0.9614863916702531,-0.8526066181615414,-1.742398152556376,1.3190387351856692
-1.1442943653688686,-1.1676872598353414,-0.6791456840737199,-1.1559347102263289,-0.5502079870438897,0.1557070814399298,-0.05778754527941421,-0.8526066181615414,-1.742398152556376,-1.669440994107834
4.407232753747424,0.48889978081894714,-0.3687152874355457,3.329725145329397,2.9210612874390196,0.1557070814399298,1.7496101475022634,-0.7662043786880295,-1.2106246859063443,-0.2630975920873621
0.48850772848886465,1.3171933011460915,1.4938670923934996,1.086895217551534,-0.16451140099023315,-0.6201892226844657,-0.9614863916702531,1.203766681308044,0.9696465273587869,0.7213427893269687
-0.16461310905422863,0.21280194070989908,-0.3687152874355457,-0.0345197463373974,-0.678773515728442,1.707499689688721,-0.05778754527941421,-0.3629939278116402,0.7687543288465527,0.322878825421168
0.16194730971731802,0.7649976209279952,0.2521455058408027,-0.8755809692540959,-0.2930769296747854,0.1557070814399298,-0.05778754527941421,0.24902193512573667,0.894311952916699,-1.2958810279461461
-0.8177339465973219,-0.6154915796172451,-0.6791456840737199,-0.5952272282818631,-1.193035630466651,0.1557070814399298,-0.9614863916702531,-0.8526066181615414,1.2709848251271383,1.3190387351856692
-0.32789331844000197,-0.063295899399149,-0.3687152874355457,-0.3148734873096303,-0.42164245835933756,-0.6201892226844657,-0.05778754527941421,-0.26507138974165967,0.6683082295904356,0.12364684346826783
-0.16461310905422863,0.21280194070989908,-0.3687152874355457,-0.0345197463373974,-0.678773515728442,1.707499689688721,-0.05778754527941421,-0.3629939278116402,0.7687543288465527,0.322878825421168
-0.32789331844000197,-0.6154915796172451,-0.3687152874355457,-0.0345197463373974,1.6354060005934978,-0.6201892226844657,2.6533089938931025,-0.26507138974165967,-0.5370449614829703,0.7213427893269687
0.48850772848886465,0.7649976209279952,-0.6791456840737199,1.3672489585237668,-0.16451140099023315,-1.3960855268088614,0.8459113011114247,-0.8526066181615414,0.3669699318220838,1.0201907622563189
-0.4911735278257753,-0.33939373950819707,-0.3687152874355457,-0.5952272282818631,-0.8073390444129942,0.1557070814399298,-0.9614863916702531,-0.11818758263668933,0.5176390807062596,-0.17520112946108243
-0.8177339465973219,-0.6154915796172451,-0.058284890797371494,-1.1559347102263289,-0.8073390444129942,-0.6201892226844657,-0.9614863916702531,2.0850695239378667,1.2709848251271383,-1.669440994107834
0.16194730971731802,0.7649976209279952,-0.3687152874355457,-0.8755809692540959,-0.03594587230568093,0.1557070814399298,-0.05778754527941421,-0.4853971003991153,0.894311952916699,-1.2958810279461461
-0.4911735278257753,-0.33939373950819707,-0.3687152874355457,-0.5952272282818631,-0.678773515728442,-0.6201892226844657,-0.05778754527941421,-0.11818758263668933,0.5176390807062596,-0.17520112946108243
-0.4911735278257753,-0.6154915796172451,-0.3687152874355457,-0.3148734873096303,-0.16451140099023315,-0.6201892226844657,-0.9614863916702531,-0.11818758263668933,-0.23570666371461896,0.5719188028622934
-0.32789331844000197,-0.33939373950819707,-0.3687152874355457,-0.0345197463373974,-0.2930769296747854,0.9316033855643254,-0.05778754527941421,-0.26507138974165967,0.06563163405373243,0.7213427893269687
-0.4911735278257753,-0.6154915796172451,-0.3687152874355457,-0.8755809692540959,-0.8073390444129942,0.1557070814399298,-0.05778754527941421,-0.11818758263668933,-0.23570666371461896,-0.9223210617844583
-0.32789331844000197,-0.33939373950819707,0.5625759024789769,-0.3148734873096303,-0.678773515728442,0.1557070814399298,-0.9614863916702531,1.4975342955179851,0.06563163405373243,0.12364684346826783
1.3049087754177313,0.7649976209279952,0.5625759024789769,2.2083101814404653,0.7354472998016324,-0.6201892226844657,-0.05778754527941421,-0.06922631360169937,-0.3361527629707361,0.7213427893269687
-0.16461310905422863,0.21280194070989908,-0.3687152874355457,-0.3148734873096303,-0.678773515728442,0.1557070814399298,-0.9614863916702531,-0.3629939278116402,0.7687543288465527,-0.17520112946108243
-0.6544537372115486,-0.6154915796172451,-0.6791456840737199,-0.5952272282818631,-1.0644701017820986,-1.3960855268088614,-0.9614863916702531,-0.8526066181615414,0.2665238325659667,0.322878825421168
-0.8177339465973219,-0.6154915796172451,-0.6791456840737199,-0.5952272282818631,-0.5502079870438897,-0.6201892226844657,-0.9614863916702531,-0.8526066181615414,1.2709848251271383,1.3190387351856692
0.16194730971731802,0.7649976209279952,0.2521455058408027,0.8065414765793012,-0.42164245835933756,-0.6201892226844657,-0.05778754527941421,0.24902193512573667,0.894311952916699,0.9454787690239813
-0.6544537372115486,-0.6154915796172451,-0.3687152874355457,-0.5952272282818631,-0.678773515728442,-1.3960855268088614,-0.05778754527941421,0.1266187625382613,0.2665238325659667,0.322878825421168
2.774430659889691,0.7649976209279952,3.666879868860719,1.3672489585237668,1.6354060005934978,0.9316033855643254,2.6533089938931025,0.8610377980631134,-0.8634947840653511,-0.5487610956227703
-1.1442943653688686,-1.1676872598353414,-0.6791456840737199,-1.1559347102263289,-1.3216011591512031,-0.6201892226844657,-0.9614863916702531,-0.8526066181615414,-1.742398152556376,-1.669440994107834
-0.9810141559830953,-1.1676872598353414,-0.6791456840737199,-1.1559347102263289,-1.3216011591512031,0.9316033855643254,-0.9614863916702531,-0.8526066181615414,-1.742398152556376,-1.669440994107834
-0.32789331844000197,-0.6154915796172451,-0.3687152874355457,-0.0345197463373974,-0.2930769296747854,0.1557070814399298,-0.05778754527941421,-0.26507138974165967,-0.5370449614829703,0.7213427893269687
-0.4911735278257753,-0.33939373950819707,-0.6791456840737199,-0.3148734873096303,2.406799172700811,0.1557070814399298,1.7496101475022634,-0.8526066181615414,0.5176390807062596,0.5719188028622934
-0.9810141559830953,-1.1676872598353414,-0.6791456840737199,-1.1559347102263289,-1.3216011591512031,-1.3960855268088614,-0.9614863916702531,-0.8526066181615414,-1.742398152556376,-1.669440994107834
0.9783483566461847,1.3171933011460915,0.2521455058408027,0.8065414765793012,0.34975071374797573,0.1557070814399298,0.8459113011114247,-0.1746813546001397,0.3437900627629799,-0.06025960141133238
-0.6544537372115486,-0.6154915796172451,-0.6791456840737199,-0.5952272282818631,-0.678773515728442,0.1557070814399298,-0.05778754527941421,-0.8526066181615414,0.2665238325659667,0.322878825421168
3.1009910786612376,2.6976825016913315,0.2521455058408027,-1.1559347102263289,1.8925370579626022,0.1557070814399298,1.7496101475022634,-0.5136439863808406,-0.11980731841909924,-1.669440994107834
0.32522751910309133,0.7649976209279952,-0.6791456840737199,0.24583399463483546,-0.16451140099023315,-0.6201892226844657,-0.05778754527941421,-0.8526066181615414,0.6013441634196907,-0.009174477833665508
0.48850772848886465,0.7649976209279952,-0.6791456840737199,0.8065414765793012,-0.16451140099023315,0.1557070814399298,-0.9614863916702531,-0.8526066181615414,0.3669699318220838,0.4224948163976181
3.9173921255901045,2.9737803418003796,3.3564494722225446,1.086895217551534,3.692454459546333,-0.6201892226844657,2.6533089938931025,0.3793220865898232,-0.28430961496757884,-0.898220418806285
-0.8177339465973219,-0.6154915796172451,-0.058284890797371494,-0.5952272282818631,-0.5502079870438897,-2.171981830933257,-0.9614863916702531,2.0850695239378667,1.2709848251271383,1.3190387351856692
-0.4911735278257753,-0.33939373950819707,-0.6791456840737199,-0.5952272282818631,-0.42164245835933756,0.9316033855643254,-0.05778754527941421,-0.8526066181615414,0.5176390807062596,-0.17520112946108243
-0.8177339465973219,-0.6154915796172451,-0.058284890797371494,-0.8755809692540959,-0.8073390444129942,0.1557070814399298,-0.9614863916702531,2.0850695239378667,1.2709848251271383,-0.17520112946108243
-0.32789331844000197,-0.6154915796172451,-0.6791456840737199,-0.0345197463373974,-0.42164245835933756,-0.6201892226844657,-0.9614863916702531,-0.8526066181615414,-0.5370449614829703,0.7213427893269687
1.141628566031958,2.4215846615822834,1.1834366957553253,1.086895217551534,0.34975071374797573,0.1557070814399298,-0.05778754527941421,0.4063974427382047,1.05574318386403,0.03826170834559628
-0.9810141559830953,-1.1676872598353414,-0.6791456840737199,-1.1559347102263289,-0.16451140099023315,2.4833959938131165,-0.05778754527941421,-0.8526066181615414,-1.742398152556376,-1.669440994107834
-1.1442943653688686,-1.1676872598353414,-0.6791456840737199,-1.1559347102263289,0.09261965637887129,0.9316033855643254,-0.05778754527941421,-0.8526066181615414,-1.742398152556376,-1.669440994107834
-0.9810141559830953,-1.1676872598353414,-0.6791456840737199,-1.1559347102263289,-1.3216011591512031,0.1557070814399298,-0.9614863916702531,-0.8526066181615414,-1.742398152556376,-1.669440994107834
0.32522751910309133,1.0410954610370433,1.4938670923934996,1.086895217551534,-0.16451140099023315,0.1557070814399298,-0.05778754527941421,1.4322526034713317,0.9361644942734143,0.9869854319308353
-0.4911735278257753,-0.33939373950819707,-0.3687152874355457,-0.5952272282818631,0.2211851850634235,0.1557070814399298,-0.05778754527941421,-0.11818758263668933,0.5176390807062596,-0.17520112946108243
-0.32789331844000197,-0.6154915796172451,-0.3687152874355457,-0.3148734873096303,-0.678773515728442,0.1557070814399298,-0.9614863916702531,-0.26507138974165967,-0.5370449614829703,0.12364684346826783
0.32522751910309133,1.0410954610370433,1.4938670923934996,0.8065414765793012,-0.2930769296747854,0.1557070814399298,0.8459113011114247,1.4322526034713317,0.9361644942734143,0.6549321286760018
0.32522751910309133,0.7649976209279952,1.4938670923934996,-0.3148734873096303,0.09261965637887129,0.1557070814399298,-0.05778754527941421,1.4322526034713317,0.6013441634196907,-0.673281084343333
-0.4911735278257753,-0.8915894197262932,-0.3687152874355457,-1.1559347102263289,1.3782749432243935,0.1557070814399298,1.7496101475022634,-0.11818758263668933,-0.9890524081354976,-1.669440994107834
0.32522751910309133,1.0410954610370433,-0.6791456840737199,1.086895217551534,-0.2930769296747854,0.1557070814399298,0.8459113011114247,-0.8526066181615414,0.9361644942734143,0.9869854319308353
0.16194730971731802,0.21280194070989908,-0.3687152874355457,0.5261877356070683,0.7354472998016324,0.1557070814399298,0.8459113011114247,-0.4853971003991153,0.14096620849582037,0.5719188028622934
0.16194730971731802,0.7649976209279952,1.4938670923934996,0.24583399463483546,-0.42164245835933756,-0.6201892226844657,-0.05778754527941421,1.7178600061754405,0.894311952916699,0.19835883670060547
-0.6544537372115486,-0.6154915796172451,-0.6791456840737199,-0.5952272282818631,-0.9359045730975464,-1.3960855268088614,-0.9614863916702531,-0.8526066181615414,0.2665238325659667,0.322878825421168
0.16194730971731802,0.7649976209279952,-0.3687152874355457,0.8065414765793012,-0.42164245835933756,-0.6201892226844657,-0.9614863916702531,-0.4853971003991153,0.894311952916699,0.9454787690239813
-1.1442943653688686,-1.1676872598353414,-0.6791456840737199,-1.1559347102263289,-1.4501666878357553,2.4833959938131165,-0.9614863916702531,-0.8526066181615414,-1.742398152556376,-1.669440994107834
2.1213098223465976,0.48889978081894714,0.5625759024789769,3.6100788863016295,2.2782336440162587,-0.6201892226844657,1.7496101475022634,-0.26507138974165967,-0.8383832592513218,0.8707667757916436
-0.32789331844000197,-0.6154915796172451,-0.058284890797371494,-0.3148734873096303,-0.16451140099023315,-0.6201892226844657,-0.05778754527941421,0.3224638386782219,-0.5370449614829703,0.12364684346826783
-0.4911735278257753,-0.33939373950819707,-0.6791456840737199,-0.8755809692540959,-0.678773515728442,0.1557070814399298,-0.9614863916702531,-0.8526066181615414,0.5176390807062596,-0.9223210617844583
0.32522751910309133,1.0410954610370433,-0.6791456840737199,1.086895217551534,-0.2930769296747854,1.707499689688721,-0.05778754527941421,-0.8526066181615414,0.9361644942734143,0.9869854319308353
-0.16461310905422863,0.21280194070989908,-0.3687152874355457,-0.8755809692540959,-0.678773515728442,0.1557070814399298,-0.9614863916702531,-0.3629939278116402,0.7687543288465527,-1.1713610392255835
1.794749403575051,2.6976825016913315,0.5625759024789769,1.9279564404682326,0.8640128284861845,-1.3960855268088614,-0.05778754527941421,-0.19978969769500626,0.6013441634196907,0.1568521737937514
-0.32789331844000197,-0.6154915796172451,-0.6791456840737199,-0.3148734873096303,-0.42164245835933756,0.1557070814399298,-0.05778754527941421,-0.8526066181615414,-0.5370449614829703,0.12364684346826783
-0.32789331844000197,-0.063295899399149,-0.6791456840737199,-0.3148734873096303,-0.16451140099023315,0.1557070814399298,-0.9614863916702531,-0.8526066181615414,0.6683082295904356,0.12364684346826783
-0.32789331844000197,-0.6154915796172451,-0.6791456840737199,-0.0345197463373974,3.049626816123572,0.1557070814399298,0.8459113011114247,-0.8526066181615414,-0.5370449614829703,0.7213427893269687
-0.32789331844000197,-0.063295899399149,-0.6791456840737199,-0.5952272282818631,0.8640128284861845,-0.6201892226844657,0.8459113011114247,-0.8526066181615414,0.6683082295904356,-0.4740491023904327
-0.32789331844000197,-0.33939373950819707,-0.3687152874355457,-0.3148734873096303,-0.2930769296747854,0.1557070814399298,-0.05778754527941421,-0.26507138974165967,0.06563163405373243,0.12364684346826783
0.32522751910309133,1.0410954610370433,-0.6791456840737199,-1.1559347102263289,2.535364701385363,0.1557070814399298,1.7496101475022634,-0.8526066181615414,0.9361644942734143,-1.669440994107834
-0.9810141559830953,-1.1676872598353414,-0.6791456840737199,-1.1559347102263289,-0.2930769296747854,-0.6201892226844657,-0.05778754527941421,-0.8526066181615414,-1.742398152556376,-1.669440994107834
-0.32789331844000197,-0.8915894197262932,-0.6791456840737199,-0.0345197463373974,-0.678773515728442,2.4833959938131165,-0.9614863916702531,-0.8526066181615414,-1.1397215570196733,0.7213427893269687
-0.8177339465973219,-0.6154915796172451,-0.058284890797371494,-0.5952272282818631,-0.9359045730975464,-0.6201892226844657,-0.05778754527941421,2.0850695239378667,1.2709848251271383,1.3190387351856692
-0.6544537372115486,-0.6154915796172451,-0.6791456840737199,-0.5952272282818631,-0.16451140099023315,-0.6201892226844657,-0.9614863916702531,-0.8526066181615414,0.2665238325659667,0.322878825421168
-0.8177339465973219,-0.8915894197262932,-0.058284890797371494,-0.5952272282818631,-0.42164245835933756,-0.6201892226844657,-0.9614863916702531,2.0850695239378667,-0.23570666371461896,1.3190387351856692
-0.32789331844000197,-0.063295899399149,-0.6791456840737199,-0.3148734873096303,-0.678773515728442,0.1557070814399298,-0.9614863916702531,-0.8526066181615414,0.6683082295904356,0.12364684346826783
-0.32789331844000197,-0.33939373950819707,-0.6791456840737199,-0.3148734873096303,-0.8073390444129942,0.1557070814399298,-0.05778754527941421,-0.8526066181615414,0.06563163405373243,0.12364684346826783
1.6314691941892778,2.6976825016913315,0.8730062991171511,3.049371404357164,0.7354472998016324,-0.6201892226844657,0.8459113011114247,0.011415776573578534,0.7392113584771062,0.9674528846805511
0.48850772848886465,-0.6154915796172451,1.4938670923934996,1.086895217551534,-0.16451140099023315,0.1557070814399298,-0.9614863916702531,1.203766681308044,-1.1397215570196733,0.7213427893269687
-0.6544537372115486,-1.1676872598353414,-0.6791456840737199,-0.5952272282818631,-0.9359045730975464,-0.6201892226844657,-0.9614863916702531,-0.8526066181615414,-1.742398152556376,0.322878825421168
-0.32789331844000197,-0.6154915796172451,-0.6791456840737199,-0.3148734873096303,-0.8073390444129942,-1.3960855268088614,-0.05778754527941421,-0.8526066181615414,-0.5370449614829703,0.12364684346826783
-0.4911735278257753,-0.6154915796172451,-0.6791456840737199,-0.5952272282818631,-0.5502079870438897,-0.6201892226844657,-0.9614863916702531,-0.8526066181615414,-0.23570666371461896,-0.17520112946108243
-0.32789331844000197,-0.6154915796172451,0.2521455058408027,-0.0345197463373974,-0.678773515728442,-0.6201892226844657,-0.9614863916702531,0.9099990670981034,-0.5370449614829703,0.7213427893269687
0.48850772848886465,1.0410954610370433,0.8730062991171511,-0.3148734873096303,-0.16451140099023315,0.1557070814399298,-0.05778754527941421,0.6162314528881626,0.6683082295904356,-0.7728970753197831
-0.8177339465973219,-0.6154915796172451,-0.3687152874355457,-0.5952272282818631,-1.0644701017820986,0.1557070814399298,-0.9614863916702531,0.6162314528881626,1.2709848251271383,1.3190387351856692
-0.32789331844000197,-0.33939373950819707,-0.3687152874355457,-0.3148734873096303,0.7354472998016324,-1.3960855268088614,-0.05778754527941421,-0.26507138974165967,0.06563163405373243,0.12364684346826783
-0.16461310905422863,-0.063295899399149,-0.6791456840737199,-0.5952272282818631,-0.42164245835933756,-0.6201892226844657,-0.9614863916702531,-0.8526066181615414,0.2665238325659667,-0.673281084343333
-0.6544537372115486,-0.6154915796172451,-0.6791456840737199,-0.5952272282818631,-0.8073390444129942,0.1557070814399298,-0.9614863916702531,-0.8526066181615414,0.2665238325659667,0.322878825421168
-0.8177339465973219,-1.1676872598353414,-0.058284890797371494,-0.5952272282818631,2.1496681153317065,0.1557070814399298,1.7496101475022634,2.0850695239378667,-1.742398152556376,1.3190387351856692
0.9783483566461847,1.5932911412551394,0.5625759024789769,1.086895217551534,0.6068817711170802,-0.6201892226844657,0.8459113011114247,0.05129373325366118,0.5755887533540197,0.16962345468816806
-0.32789331844000197,-0.063295899399149,-0.6791456840737199,-1.1559347102263289,-0.16451140099023315,0.1557070814399298,-0.9614863916702531,-0.8526066181615414,0.6683082295904356,-1.669440994107834
0.8150681472604113,1.3171933011460915,0.2521455058408027,1.086895217551534,2.7924957587544674,-2.171981830933257,1.7496101475022634,-0.11818758263668933,0.5176390807062596,0.322878825421168
-0.32789331844000197,-0.6154915796172451,-0.058284890797371494,-0.5952272282818631,0.09261965637887129,-0.6201892226844657,-0.05778754527941421,0.3224638386782219,-0.5370449614829703,-0.4740491023904327
-0.0013328996684553085,0.48889978081894714,1.4938670923934996,0.8065414765793012,-0.42164245835933756,-0.6201892226844657,-0.05778754527941421,2.0850695239378667,0.8405015426009218,1.3190387351856692
0.48850772848886465,-1.1676872598353414,-0.6791456840737199,1.3672489585237668,-0.16451140099023315,-0.6201892226844657,0.8459113011114247,-0.8526066181615414,-1.742398152556376,1.0201907622563189
3.9173921255901045,0.48889978081894714,3.666879868860719,0.8065414765793012,2.535364701385363,0.1557070814399298,1.7496101475022634,0.47408583310915886,-1.1591627375208573,-0.9946229907189785
-0.32789331844000197,-0.063295899399149,-0.6791456840737199,-0.0345197463373974,0.2211851850634235,-0.6201892226844657,-0.05778754527941421,-0.8526066181615414,0.6683082295904356,0.7213427893269687
-0.4911735278257753,-0.33939373950819707,-0.6791456840737199,-0.3148734873096303,-0.5502079870438897,0.9316033855643254,-0.9614863916702531,-0.8526066181615414,0.5176390807062596,0.5719188028622934
-0.9810141559830953,-1.1676872598353414,-0.6791456840737199,-0.8755809692540959,-1.3216011591512031,-0.6201892226844657,-0.9614863916702531,-0.8526066181615414,-1.742398152556376,1.3190387351856692
-0.4911735278257753,-0.33939373950819707,-0.6791456840737199,-0.3148734873096303,-0.42164245835933756,1.707499689688721,-0.9614863916702531,-0.8526066181615414,0.5176390807062596,0.5719188028622934
0.16194730971731802,0.7649976209279952,1.4938670923934996,-0.8755809692540959,-0.42164245835933756,-2.171981830933257,-0.9614863916702531,1.7178600061754405,0.894311952916699,-1.2958810279461461
-0.4911735278257753,-0.6154915796172451,-0.6791456840737199,-0.5952272282818631,-0.9359045730975464,0.1557070814399298,-0.05778754527941421,-0.8526066181615414,-0.23570666371461896,-0.17520112946108243
-0.9810141559830953,-1.1676872598353414,-0.6791456840737199,-1.1559347102263289,-1.0644701017820986,0.1557070814399298,-0.9614863916702531,-0.8526066181615414,-1.742398152556376,-1.669440994107834
-0.9810141559830953,-1.1676872598353414,-0.6791456840737199,-1.1559347102263289,-0.9359045730975464,-0.6201892226844657,-0.05778754527941421,-0.8526066181615414,-1.742398152556376,-1.669440994107834
-0.8177339465973219,-0.6154915796172451,-0.6791456840737199,-0.5952272282818631,-1.193035630466651,0.1557070814399298,-0.9614863916702531,-0.8526066181615414,1.2709848251271383,1.3190387351856692
-0.9810141559830953,-1.1676872598353414,-0.6791456840737199,-1.1559347102263289,-1.3216011591512031,0.1557070814399298,-0.9614863916702531,-0.8526066181615414,-1.742398152556376,-1.669440994107834
1.4681889848035046,1.0410954610370433,0.5625759024789769,1.9279564404682326,0.7354472998016324,-0.6201892226844657,-0.05778754527941421,-0.11818758263668933,-0.23570666371461896,0.3851388197814494
-0.6544537372115486,-0.6154915796172451,-0.3687152874355457,-0.5952272282818631,-1.0644701017820986,0.1557070814399298,-0.9614863916702531,0.1266187625382613,0.2665238325659667,0.322878825421168
-0.6544537372115486,-0.6154915796172451,-0.6791456840737199,-0.5952272282818631,-0.9359045730975464,0.1557070814399298,-0.05778754527941421,-0.8526066181615414,0.2665238325659667,0.322878825421168
-0.0013328996684553085,0.7649976209279952,-0.3687152874355457,-1.1559347102263289,-0.16451140099023315,-1.3960855268088614,-0.9614863916702531,-0.4329385978616261,1.2709848251271383,-1.669440994107834
-0.8177339465973219,-0.6154915796172451,-0.058284890797371494,-0.5952272282818631,-0.678773515728442,-0.6201892226844657,-0.9614863916702531,2.0850695239378667,1.2709848251271383,1.3190387351856692
-0.8177339465973219,-0.6154915796172451,-0.058284890797371494,-0.5952272282818631,-0.42164245835933756,-0.6201892226844657,-0.9614863916702531,2.0850695239378667,1.2709848251271383,1.3190387351856692
-0.9810141559830953,-0.8915894197262932,-0.6791456840737199,-1.1559347102263289,-1.3216011591512031,-0.6201892226844657,-0.9614863916702531,-0.8526066181615414,1.2709848251271383,-1.669440994107834
-0.9810141559830953,-1.1676872598353414,-0.3687152874355457,-1.1559347102263289,-1.3216011591512031,0.1557070814399298,-0.9614863916702531,2.0850695239378667,-1.742398152556376,-1.669440994107834
-0.32789331844000197,-0.063295899399149,-0.6791456840737199,-0.3148734873096303,-0.16451140099023315,2.4833959938131165,-0.05778754527941421,-0.8526066181615414,0.6683082295904356,0.12364684346826783
-0.6544537372115486,-0.6154915796172451,-0.6791456840737199,-0.5952272282818631,-0.678773515728442,-1.3960855268088614,-0.9614863916702531,-0.8526066181615414,0.2665238325659667,0.322878825421168
-0.16461310905422863,-1.1676872598353414,-0.6791456840737199,-0.0345197463373974,1.6354060005934978,0.1557070814399298,0.8459113011114247,-0.8526066181615414,-1.742398152556376,0.322878825421168
-0.0013328996684553085,0.7649976209279952,0.8730062991171511,-0.5952272282818631,0.2211851850634235,-0.6201892226844657,-0.9614863916702531,1.2457334833380358,1.2709848251271383,-0.8155896428811189
0.48850772848886465,0.48889978081894714,-0.6791456840737199,0.8065414765793012,-0.16451140099023315,-0.6201892226844657,-0.05778754527941421,-0.8526066181615414,0.06563163405373243,0.4224948163976181
3.1009910786612376,1.3171933011460915,-0.3687152874355457,0.8065414765793012,2.2782336440162587,0.1557070814399298,0.8459113011114247,-0.7396190742346412,-0.6993040448966983,-0.8648502977595832
-1.1442943653688686,-1.1676872598353414,-0.6791456840737199,-1.1559347102263289,0.2211851850634235,-0.6201892226844657,-0.9614863916702531,-0.8526066181615414,-1.742398152556376,-1.669440994107834
0.32522751910309133,1.0410954610370433,-0.6791456840737199,-1.1559347102263289,-0.2930769296747854,-0.6201892226844657,-0.05778754527941421,-0.8526066181615414,0.9361644942734143,-1.669440994107834
-0.16461310905422863,-0.6154915796172451,-0.6791456840737199,-0.8755809692540959,-0.42164245835933756,2.4833959938131165,-0.9614863916702531,-0.8526066181615414,-0.7379371599952047,-1.1713610392255835
1.3049087754177313,2.1454868214732357,0.8730062991171511,1.9279564404682326,0.4783162424325279,0.1557070814399298,0.8459113011114247,0.1266187625382613,0.6683082295904356,0.5221108073740681
-0.6544537372115486,-1.1676872598353414,-0.6791456840737199,-0.5952272282818631,-0.8073390444129942,0.1557070814399298,-0.9614863916702531,-0.8526066181615414,-1.742398152556376,0.322878825421168
-0.9810141559830953,-1.1676872598353414,-0.6791456840737199,-1.1559347102263289,-1.3216011591512031,-0.6201892226844657,-0.9614863916702531,-0.8526066181615414,-1.742398152556376,-1.669440994107834
-0.9810141559830953,-1.1676872598353414,-0.6791456840737199,-1.1559347102263289,-0.03594587230568093,-0.6201892226844657,0.8459113011114247,-0.8526066181615414,-1.742398152556376,-1.669440994107834
-0.0013328996684553085,0.7649976209279952,-0.6791456840737199,0.8065414765793012,-0.5502079870438897,-0.6201892226844657,-0.05778754527941421,-0.8526066181615414,1.2709848251271383,1.3190387351856692
1.794749403575051,2.4215846615822834,-0.058284890797371494,3.6100788863016295,1.121143885855289,0.1557070814399298,-0.9614863916702531,-0.5261981579282737,0.43393399799282867,1.1530120835582522
0.651787937874638,1.0410954610370433,0.2521455058408027,1.3672489585237668,0.6068817711170802,2.4833959938131165,-0.9614863916702531,-0.051422215770793755,0.44915310394072533,0.7756787844050324
-0.9810141559830953,-1.1676872598353414,-0.6791456840737199,-1.1559347102263289,-1.3216011591512031,0.1557070814399298,-0.9614863916702531,-0.8526066181615414,-1.742398152556376,-1.669440994107834
-0.9810141559830953,-1.1676872598353414,-0.6791456840737199,-1.1559347102263289,-1.3216011591512031,-0.6201892226844657,-0.9614863916702531,-0.8526066181615414,-1.742398152556376,-1.669440994107834
0.32522751910309133,0.7649976209279952,1.8042974890316739,0.24583399463483546,-0.16451140099023315,-0.6201892226844657,-0.05778754527941421,1.758661063704599,0.6013441634196907,-0.009174477833665508
-0.9810141559830953,-0.8915894197262932,-0.6791456840737199,-1.1559347102263289,-1.0644701017820986,-0.6201892226844657,-0.9614863916702531,-0.8526066181615414,1.2709848251271383,-1.669440994107834
0.16194730971731802,0.7649976209279952,1.1834366957553253,-0.3148734873096303,-0.42164245835933756,-0.6201892226844657,-0.05778754527941421,1.3506504884130146,0.894311952916699,-0.5487610956227703
1.4681889848035046,0.7649976209279952,0.2521455058408027,0.8065414765793012,0.6068817711170802,2.4833959938131165,0.8459113011114247,-0.30179234151790235,-0.4240430998198386,-0.3619811125419264
-0.32789331844000197,-1.1676872598353414,-0.3687152874355457,-0.0345197463373974,-0.678773515728442,0.1557070814399298,-0.05778754527941421,-0.26507138974165967,-1.742398152556376,0.7213427893269687
1.141628566031958,-0.8915894197262932,2.7355886789461965,0.8065414765793012,0.7354472998016324,-0.6201892226844657,0.8459113011114247,1.4555674934879934,-1.5271565112932681,-0.17520112946108243
0.32522751910309133,0.7649976209279952,-0.6791456840737199,1.086895217551534,-0.2930769296747854,1.707499689688721,-0.05778754527941421,-0.8526066181615414,0.6013441634196907,0.9869854319308353
-0.6544537372115486,-0.8915894197262932,-0.6791456840737199,-0.5952272282818631,-1.0644701017820986,1.707499689688721,-0.9614863916702531,-0.8526066181615414,-0.7379371599952047,0.322878825421168
-0.32789331844000197,-0.6154915796172451,-0.3687152874355457,-1.1559347102263289,-0.8073390444129942,0.1557070814399298,-0.05778754527941421,-0.26507138974165967,-0.5370449614829703,-1.669440994107834
0.32522751910309133,1.0410954610370433,1.4938670923934996,1.086895217551534,1.8925370579626022,-0.6201892226844657,1.7496101475022634,1.4322526034713317,0.9361644942734143,0.9869854319308353
-0.9810141559830953,-1.1676872598353414,-0.6791456840737199,-1.1559347102263289,-0.5502079870438897,0.9316033855643254,-0.9614863916702531,-0.8526066181615414,-1.742398152556376,-1.669440994107834
1.6314691941892778,2.4215846615822834,3.977310265498893,-0.5952272282818631,1.3782749432243935,0.1557070814399298,1.7496101475022634,1.7394605660438185,0.5619535362604289,-1.3178551436027162
0.16194730971731802,-0.063295899399149,1.4938670923934996,0.8065414765793012,-0.16451140099023315,-0.6201892226844657,0.8459113011114247,1.7178600061754405,-0.23570666371461896,0.9454787690239813
-0.32789331844000197,-0.33939373950819707,-0.3687152874355457,-0.3148734873096303,-0.678773515728442,-1.3960855268088614,-0.05778754527941421,-0.26507138974165967,0.06563163405373243,0.12364684346826783
0.48850772848886465,1.3171933011460915,-0.6791456840737199,1.086895217551534,0.09261965637887129,-0.6201892226844657,0.8459113011114247,-0.8526066181615414,0.9696465273587869,0.7213427893269687
0.16194730971731802,0.7649976209279952,-0.6791456840737199,0.8065414765793012,-0.2930769296747854,0.1557070814399298,0.8459113011114247,-0.8526066181615414,0.894311952916699,0.9454787690239813
-0.9810141559830953,-1.1676872598353414,-0.6791456840737199,-1.1559347102263289,1.3782749432243935,-0.6201892226844657,1.7496101475022634,-0.8526066181615414,-1.742398152556376,-1.669440994107834
1.9580296129608246,1.5932911412551394,-0.058284890797371494,0.8065414765793012,1.121143885855289,0.1557070814399298,-0.05778754527941421,-0.5433775505721301,-0.15640711167031604,-0.5684221464733855
-0.0013328996684553085,0.7649976209279952,-0.6791456840737199,0.8065414765793012,0.09261965637887129,0.1557070814399298,-0.05778754527941421,-0.8526066181615414,1.2709848251271383,1.3190387351856692
-0.6544537372115486,-0.6154915796172451,-0.3687152874355457,-0.5952272282818631,-0.9359045730975464,-2.171981830933257,-0.9614863916702531,0.1266187625382613,0.2665238325659667,0.322878825421168
0.48850772848886465,1.0410954610370433,1.1834366957553253,-1.1559347102263289,-0.16451140099023315,-0.6201892226844657,1.7496101475022634,0.9099990670981034,0.6683082295904356,-1.669440994107834
-1.1442943653688686,-1.1676872598353414,-0.6791456840737199,-1.1559347102263289,-1.0644701017820986,1.707499689688721,-0.9614863916702531,-0.8526066181615414,-1.742398152556376,-1.669440994107834
-0.6544537372115486,-0.6154915796172451,-0.6791456840737199,-0.5952272282818631,-0.8073390444129942,0.9316033855643254,-0.9614863916702531,-0.8526066181615414,0.2665238325659667,0.322878825421168
-0.32789331844000197,-0.33939373950819707,-0.6791456840737199,-0.5952272282818631,-0.42164245835933756,-0.6201892226844657,-0.9614863916702531,-0.8526066181615414,0.06563163405373243,-0.4740491023904327
-0.32789331844000197,-0.063295899399149,-0.3687152874355457,-0.3148734873096303,2.6639302300699153,-1.3960855268088614,1.7496101475022634,-0.26507138974165967,0.6683082295904356,0.12364684346826783
-0.16461310905422863,0.21280194070989908,-0.3687152874355457,-0.5952272282818631,-0.678773515728442,-0.6201892226844657,-0.05778754527941421,-0.3629939278116402,0.7687543288465527,-0.673281084343333
1.794749403575051,3.249878181909428,-0.6791456840737199,1.9279564404682326,1.2497094145398413,-0.6201892226844657,2.6533089938931025,-0.8526066181615414,0.9361644942734143,0.1568521737937514
-0.8177339465973219,-0.6154915796172451,-0.058284890797371494,-0.5952272282818631,-0.9359045730975464,-0.6201892226844657,-0.9614863916702531,2.0850695239378667,1.2709848251271383,1.3190387351856692
0.32522751910309133,1.0410954610370433,-0.6791456840737199,1.086895217551534,-0.2930769296747854,-0.6201892226844657,-0.05778754527941421,-0.8526066181615414,0.9361644942734143,0.9869854319308353
0.32522751910309133,-1.1676872598353414,-0.6791456840737199,0.8065414765793012,-0.2930769296747854,-2.171981830933257,-0.05778754527941421,-0.8526066181615414,-1.742398152556376,0.6549321286760018
-0.32789331844000197,-0.6154915796172451,-0.6791456840737199,-0.8755809692540959,-0.5502079870438897,-0.6201892226844657,-0.9614863916702531,-0.8526066181615414,-0.5370449614829703,-1.0717450482491333
0.8150681472604113,1.8693889813641875,-0.3687152874355457,0.24583399463483546,1.3782749432243935,-0.6201892226844657,1.7496101475022634,-0.6078002729865907,1.0198695769868453,-0.4242411069022076
-0.8177339465973219,-0.8915894197262932,-0.6791456840737199,-0.5952272282818631,-1.0644701017820986,-2.171981830933257,-0.9614863916702531,-0.8526066181615414,-0.23570666371461896,1.3190387351856692
0.16194730971731802,0.7649976209279952,-0.6791456840737199,0.8065414765793012,0.2211851850634235,0.1557070814399298,0.8459113011114247,-0.8526066181615414,0.894311952916699,0.9454787690239813
-0.4911735278257753,-0.6154915796172451,0.2521455058408027,-0.5952272282818631,-0.8073390444129942,2.4833959938131165,-0.05778754527941421,1.3506504884130146,-0.23570666371461896,-0.17520112946108243
-0.4911735278257753,-0.6154915796172451,-0.6791456840737199,-0.5952272282818631,-0.8073390444129942,-0.6201892226844657,-0.9614863916702531,-0.8526066181615414,-0.23570666371461896,-0.17520112946108243
-0.4911735278257753,-0.33939373950819707,-0.6791456840737199,-0.3148734873096303,-0.9359045730975464,-1.3960855268088614,-0.05778754527941421,-0.8526066181615414,0.5176390807062596,0.5719188028622934
-1.1442943653688686,-1.1676872598353414,-0.6791456840737199,-1.1559347102263289,-1.4501666878357553,-0.6201892226844657,-0.9614863916702531,-0.8526066181615414,-1.742398152556376,-1.669440994107834
0.48850772848886465,0.7649976209279952,-0.6791456840737199,1.086895217551534,1.3782749432243935,-0.6201892226844657,0.8459113011114247,-0.8526066181615414,0.3669699318220838,0.7213427893269687
1.4681889848035046,1.5932911412551394,2.4251582823080224,-0.8755809692540959,0.6068817711170802,0.1557070814399298,0.8459113011114247,0.9834409706505887,0.14096620849582037,-1.48266101102699
0.16194730971731802,0.7649976209279952,-0.3687152874355457,0.8065414765793012,-0.2930769296747854,0.9316033855643254,0.8459113011114247,-0.4853971003991153,0.894311952916699,0.9454787690239813
-0.9810141559830953,-1.1676872598353414,-0.6791456840737199,-1.1559347102263289,-1.3216011591512031,-0.6201892226844657,-0.9614863916702531,-0.8526066181615414,-1.742398152556376,-1.669440994107834
-0.6544537372115486,-0.6154915796172451,-0.3687152874355457,-0.5952272282818631,-0.9359045730975464,0.1557070814399298,-0.9614863916702531,0.1266187625382613,0.2665238325659667,0.322878825421168
0.16194730971731802,0.7649976209279952,-0.3687152874355457,-0.3148734873096303,-0.42164245835933756,-0.6201892226844657,-0.05778754527941421,-0.4853971003991153,0.894311952916699,-0.5487610956227703
-0.4911735278257753,-0.33939373950819707,-0.3687152874355457,-0.8755809692540959,-0.9359045730975464,0.1557070814399298,-0.9614863916702531,-0.11818758263668933,0.5176390807062596,-0.9223210617844583
-0.8177339465973219,-0.6154915796172451,-0.058284890797371494,-0.5952272282818631,0.9925783571707368,-2.171981830933257,-0.05778754527941421,2.0850695239378667,1.2709848251271383,1.3190387351856692
1.3049087754177313,1.8693889813641875,0.5625759024789769,1.086895217551534,2.0211025866471544,0.1557070814399298,0.8459113011114247,-0.06922631360169937,0.46741603107820096,-0.07558513848463234
-0.8177339465973219,-0.6154915796172451,-0.058284890797371494,-0.8755809692540959,-0.42164245835933756,2.4833959938131165,-0.05778754527941421,2.0850695239378667,1.2709848251271383,-0.17520112946108243
2.284590031732371,0.48889978081894714,2.7355886789461965,1.086895217551534,1.2497094145398413,0.1557070814399298,1.7496101475022634,0.6861761229381487,-0.8814315875039436,-0.5309725258055473
-0.6544537372115486,-0.6154915796172451,-0.058284890797371494,-0.5952272282818631,-0.9359045730975464,-0.6201892226844657,-0.05778754527941421,1.105844143238064,0.2665238325659667,0.322878825421168
-0.6544537372115486,-0.6154915796172451,-0.3687152874355457,-0.5952272282818631,-1.0644701017820986,0.9316033855643254,-0.9614863916702531,0.1266187625382613,0.2665238325659667,0.322878825421168
-0.9810141559830953,-1.1676872598353414,-0.6791456840737199,-1.1559347102263289,1.2497094145398413,0.1557070814399298,2.6533089938931025,-0.8526066181615414,-1.742398152556376,-1.669440994107834
-0.9810141559830953,-1.1676872598353414,-0.6791456840737199,-1.1559347102263289,-0.42164245835933756,1.707499689688721,-0.9614863916702531,-0.8526066181615414,-1.742398152556376,-1.669440994107834
-0.32789331844000197,-0.33939373950819707,0.5625759024789769,-0.3148734873096303,2.406799172700811,0.9316033855643254,1.7496101475022634,1.4975342955179851,0.06563163405373243,0.12364684346826783
-0.9810141559830953,-1.1676872598353414,-0.6791456840737199,-1.1559347102263289,0.4783162424325279,-0.6201892226844657,-0.05778754527941421,-0.8526066181615414,-1.742398152556376,-1.669440994107834
0.16194730971731802,0.7649976209279952,1.1834366957553253,0.8065414765793012,0.7354472998016324,0.1557070814399298,-0.05778754527941421,1.3506504884130146,0.894311952916699,0.9454787690239813
2.284590031732371,3.249878181909428,0.8730062991171511,1.6476026994959998,1.2497094145398413,0.1557070814399298,2.6533089938931025,-0.15315991766168258,0.5535126875834442,-0.2463554087299756
-0.9810141559830953,-1.1676872598353414,-0.6791456840737199,-1.1559347102263289,0.9925783571707368,-1.3960855268088614,-0.05778754527941421,-0.8526066181615414,-1.742398152556376,-1.669440994107834
-0.8177339465973219,-0.6154915796172451,-0.058284890797371494,-0.5952272282818631,-0.5502079870438897,2.4833959938131165,-0.05778754527941421,2.0850695239378667,1.2709848251271383,1.3190387351856692
4.080672334975878,2.6976825016913315,1.1834366957553253,1.3672489585237668,2.7924957587544674,0.1557070814399298,2.6533089938931025,-0.30179234151790235,-0.4240430998198386,-0.8289310702440362
0.8150681472604113,1.8693889813641875,2.7355886789461965,1.9279564404682326,1.5068404719089457,-0.6201892226844657,1.7496101475022634,1.8402631787629158,1.0198695769868453,1.0699987577445438
1.794749403575051,0.7649976209279952,-0.6791456840737199,2.488663922412698,0.9925783571707368,0.1557070814399298,-0.05778754527941421,-0.8526066181615414,-0.5705269945683428,0.48890547704858495
1.6314691941892778,2.4215846615822834,3.977310265498893,2.7690176633849313,0.8640128284861845,-1.3960855268088614,-0.9614863916702531,1.7394605660438185,0.5619535362604289,0.791659959427992
2.284590031732371,0.48889978081894714,-0.058284890797371494,1.086895217551534,1.2497094145398413,-0.6201892226844657,0.8459113011114247,-0.5728279379615978,-0.8814315875039436,-0.5309725258055473
-0.8177339465973219,-0.6154915796172451,-0.058284890797371494,-0.5952272282818631,-1.0644701017820986,-0.6201892226844657,-0.9614863916702531,2.0850695239378667,1.2709848251271383,1.3190387351856692
0.32522751910309133,-0.33939373950819707,-0.3687152874355457,-0.8755809692540959,1.8925370579626022,0.9316033855643254,1.7496101475022634,-0.5261981579282737,-0.7379371599952047,-1.3373876908530005
0.16194730971731802,0.7649976209279952,1.4938670923934996,0.8065414765793012,-0.16451140099023315,-0.6201892226844657,-0.9614863916702531,1.7178600061754405,0.894311952916699,0.9454787690239813
1.3049087754177313,-0.8915894197262932,-0.6791456840737199,1.3672489585237668,0.6068817711170802,-0.6201892226844657,-0.05778754527941421,-0.8526066181615414,-1.5415059540441423,0.12364684346826783
-0.16461310905422863,-0.063295899399149,-0.6791456840737199,-0.0345197463373974,0.34975071374797573,-1.3960855268088614,0.8459113011114247,-0.8526066181615414,0.2665238325659667,0.322878825421168
-0.16461310905422863,-0.33939373950819707,-0.6791456840737199,-0.0345197463373974,-0.678773515728442,0.1557070814399298,-0.9614863916702531,-0.8526066181615414,-0.23570666371461896,0.322878825421168
1.3049087754177313,0.7649976209279952,1.1834366957553253,2.2083101814404653,2.406799172700811,-0.6201892226844657,0.8459113011114247,0.3224638386782219,-0.3361527629707361,0.7213427893269687
-0.9810141559830953,-1.1676872598353414,-0.6791456840737199,-1.1559347102263289,-0.2930769296747854,0.1557070814399298,-0.05778754527941421,-0.8526066181615414,-1.742398152556376,-1.669440994107834
-0.6544537372115486,-0.6154915796172451,-0.3687152874355457,-0.5952272282818631,-0.678773515728442,-0.6201892226844657,-0.9614863916702531,0.1266187625382613,0.2665238325659667,0.322878825421168
-0.9810141559830953,-0.8915894197262932,-0.6791456840737199,-1.1559347102263289,-1.3216011591512031,-0.6201892226844657,-0.9614863916702531,-0.8526066181615414,1.2709848251271383,-1.669440994107834
-0.9810141559830953,-1.1676872598353414,-0.6791456840737199,-1.1559347102263289,-1.3216011591512031,1.707499689688721,-0.9614863916702531,-0.8526066181615414,-1.742398152556376,-1.669440994107834
-0.8177339465973219,-0.6154915796172451,-0.058284890797371494,-0.5952272282818631,-0.42164245835933756,-0.6201892226844657,-0.9614863916702531,2.0850695239378667,1.2709848251271383,1.3190387351856692
0.16194730971731802,-0.8915894197262932,1.4938670923934996,0.8065414765793012,2.2782336440162587,-0.6201892226844657,2.6533089938931025,1.7178600061754405,-1.365725280345937,0.9454787690239813
-0.4911735278257753,-0.33939373950819707,-0.6791456840737199,-0.8755809692540959,-0.42164245835933756,0.1557070814399298,-0.05778754527941421,-0.8526066181615414,0.5176390807062596,-0.9223210617844583
-0.0013328996684553085,0.7649976209279952,1.4938670923934996,0.24583399463483546,-0.42164245835933756,0.1557070814399298,-0.05778754527941421,2.0850695239378667,1.2709848251271383,0.46518738395895404
-0.32789331844000197,-0.33939373950819707,-0.3687152874355457,-0.3148734873096303,-0.8073390444129942,1.707499689688721,-0.9614863916702531,-0.26507138974165967,0.06563163405373243,0.12364684346826783
-0.8177339465973219,-0.6154915796172451,-0.058284890797371494,-0.5952272282818631,1.5068404719089457,-2.171981830933257,2.6533089938931025,2.0850695239378667,1.2709848251271383,1.3190387351856692
0.32522751910309133,-0.063295899399149,1.4938670923934996,-1.1559347102263289,0.2211851850634235,0.9316033855643254,0.8459113011114247,1.4322526034713317,-0.40311682914148095,-1.669440994107834
-0.32789331844000197,-0.063295899399149,-0.6791456840737199,-0.3148734873096303,0.8640128284861845,0.9316033855643254,-0.9614863916702531,-0.8526066181615414,0.6683082295904356,0.12364684346826783
1.141628566031958,1.0410954610370433,1.4938670923934996,1.086895217551534,0.4783162424325279,-0.6201892226844657,0.8459113011114247,0.6162314528881626,-0.020465022451510873,0.03826170834559628
0.32522751910309133,0.7649976209279952,1.1834366957553253,-0.5952272282818631,2.535364701385363,0.1557070814399298,1.7496101475022634,1.105844143238064,0.6013441634196907,-1.0053343875981666
-0.9810141559830953,-1.1676872598353414,-0.6791456840737199,-1.1559347102263289,0.8640128284861845,1.707499689688721,0.8459113011114247,-0.8526066181615414,-1.742398152556376,-1.669440994107834
-0.8177339465973219,-0.6154915796172451,-0.6791456840737199,-0.5952272282818631,-1.193035630466651,0.1557070814399298,-0.9614863916702531,-0.8526066181615414,1.2709848251271383,1.3190387351856692
-0.9810141559830953,-1.1676872598353414,-0.3687152874355457,-1.1559347102263289,-1.3216011591512031,2.4833959938131165,-0.9614863916702531,2.0850695239378667,-1.742398152556376,-1.669440994107834
1.4681889848035046,2.4215846615822834,-0.3687152874355457,0.8065414765793012,0.9925783571707368,-0.6201892226844657,-0.05778754527941421,-0.6690018592803283,0.7059755168114793,-0.3619811125419264
0.48850772848886465,-1.1676872598353414,-0.058284890797371494,0.8065414765793012,0.8640128284861845,-0.6201892226844657,-0.9614863916702531,-0.26507138974165967,-1.742398152556376,0.4224948163976181
0.48850772848886465,0.7649976209279952,-0.3687152874355457,1.3672489585237668,-0.16451140099023315,-0.6201892226844657,0.8459113011114247,-0.5588390039516005,0.3669699318220838,1.0201907622563189
-0.32789331844000197,-0.33939373950819707,-0.3687152874355457,-0.3148734873096303,-0.678773515728442,-0.6201892226844657,-0.9614863916702531,-0.26507138974165967,0.06563163405373243,0.12364684346826783
-0.16461310905422863,-0.6154915796172451,-0.6791456840737199,-0.5952272282818631,-0.5502079870438897,-1.3960855268088614,-0.05778754527941421,-0.8526066181615414,-0.7379371599952047,-0.673281084343333
0.48850772848886465,0.48889978081894714,-0.6791456840737199,1.086895217551534,-0.16451140099023315,0.1557070814399298,-0.9614863916702531,-0.8526066181615414,0.06563163405373243,0.7213427893269687
1.9580296129608246,1.3171933011460915,-0.3687152874355457,1.3672489585237668,1.121143885855289,0.9316033855643254,0.8459113011114247,-0.6979920843668357,-0.31500621575892224,-0.25384533286354327
0.651787937874638,1.5932911412551394,2.7355886789461965,-0.8755809692540959,0.34975071374797573,2.4833959938131165,0.8459113011114247,2.0850695239378667,0.9970409180650008,-1.3977610187175156
-0.6544537372115486,-0.6154915796172451,-0.3687152874355457,-0.5952272282818631,-1.0644701017820986,0.9316033855643254,-0.9614863916702531,0.1266187625382613,0.2665238325659667,0.322878825421168
-0.6544537372115486,-0.6154915796172451,-0.3687152874355457,-0.5952272282818631,1.5068404719089457,0.9316033855643254,0.8459113011114247,0.1266187625382613,0.2665238325659667,0.322878825421168
0.16194730971731802,0.7649976209279952,-0.3687152874355457,0.8065414765793012,-0.16451140099023315,0.9316033855643254,-0.05778754527941421,-0.4853971003991153,0.894311952916699,0.9454787690239813
2.1213098223465976,0.48889978081894714,0.2521455058408027,0.5261877356070683,1.6354060005934978,-1.3960855268088614,0.8459113011114247,-0.4119551968466301,-0.8383832592513218,-0.7728970753197831
-0.6544537372115486,-0.6154915796172451,-0.3687152874355457,-0.5952272282818631,-0.2930769296747854,-0.6201892226844657,0.8459113011114247,0.1266187625382613,0.2665238325659667,0.322878825421168
0.16194730971731802,0.7649976209279952,0.5625759024789769,0.8065414765793012,-0.2930769296747854,-0.6201892226844657,0.8459113011114247,0.6162314528881626,0.894311952916699,0.9454787690239813
0.9783483566461847,0.7649976209279952,0.2521455058408027,1.086895217551534,0.34975071374797573,0.9316033855643254,-0.05778754527941421,-0.1746813546001397,-0.11980731841909924,0.16962345468816806
-0.4911735278257753,-0.6154915796172451,-0.058284890797371494,-0.5952272282818631,-0.9359045730975464,1.707499689688721,-0.9614863916702531,0.6162314528881626,-0.23570666371461896,-0.17520112946108243
-0.16461310905422863,-0.6154915796172451,-0.6791456840737199,-0.0345197463373974,-0.5502079870438897,-1.3960855268088614,-0.05778754527941421,-0.8526066181615414,-0.7379371599952047,0.322878825421168
-0.9810141559830953,-1.1676872598353414,-0.6791456840737199,-1.1559347102263289,-0.42164245835933756,1.707499689688721,-0.05778754527941421,-0.8526066181615414,-1.742398152556376,-1.669440994107834
-0.0013328996684553085,0.7649976209279952,0.8730062991171511,0.5261877356070683,-0.5502079870438897,0.1557070814399298,-0.9614863916702531,1.2457334833380358,1.2709848251271383,0.8921130595723115
-0.9810141559830953,-0.8915894197262932,-0.6791456840737199,-1.1559347102263289,-1.3216011591512031,-2.171981830933257,-0.9614863916702531,-0.8526066181615414,1.2709848251271383,-1.669440994107834
-0.8177339465973219,-0.6154915796172451,-0.058284890797371494,-0.5952272282818631,-0.8073390444129942,-2.171981830933257,-0.9614863916702531,2.0850695239378667,1.2709848251271383,1.3190387351856692
2.4478702411181446,0.48889978081894714,3.3564494722225446,0.8065414765793012,1.5068404719089457,0.1557070814399298,1.7496101475022634,0.8832929203517453,-0.9205664313699632,-0.7185610802417194
-0.9810141559830953,-1.1676872598353414,-0.6791456840737199,-1.1559347102263289,-1.3216011591512031,-0.6201892226844657,-0.9614863916702531,-0.8526066181615414,-1.742398152556376,-1.669440994107834
-1.1442943653688686,-1.1676872598353414,-0.6791456840737199,-1.1559347102263289,-0.8073390444129942,0.9316033855643254,-0.05778754527941421,-0.8526066181615414,-1.742398152556376,-1.669440994107834
-0.6544537372115486,-0.6154915796172451,-0.6791456840737199,-0.5952272282818631,-0.9359045730975464,0.1557070814399298,-0.05778754527941421,-0.8526066181615414,0.2665238325659667,0.322878825421168
-1.1442943653688686,-1.1676872598353414,-0.6791456840737199,-1.1559347102263289,-0.678773515728442,-0.6201892226844657,-0.9614863916702531,-0.8526066181615414,-1.742398152556376,-1.669440994107834
-0.32789331844000197,-0.063295899399149,-0.058284890797371494,-0.8755809692540959,2.0211025866471544,0.1557070814399298,1.7496101475022634,0.3224638386782219,0.6683082295904356,-1.0717450482491333
1.3049087754177313,1.5932911412551394,0.5625759024789769,2.2083101814404653,0.4783162424325279,-0.6201892226844657,-0.05778754527941421,-0.06922631360169937,0.2665238325659667,0.7213427893269687
0.16194730971731802,0.48889978081894714,0.5625759024789769,-1.1559347102263289,0.8640128284861845,0.9316033855643254,0.8459113011114247,0.6162314528881626,0.5176390807062596,-1.669440994107834
0.16194730971731802,0.7649976209279952,-0.058284890797371494,0.8065414765793012,-0.2930769296747854,-0.6201892226844657,0.8459113011114247,-0.11818758263668933,0.894311952916699,0.9454787690239813
-0.0013328996684553085,0.21280194070989908,-0.3687152874355457,0.8065414765793012,-0.03594587230568093,-1.3960855268088614,-0.9614863916702531,-0.4329385978616261,0.4100182600747056,1.3190387351856692
0.32522751910309133,0.7649976209279952,-0.3687152874355457,0.8065414765793012,-0.16451140099023315,0.1557070814399298,0.8459113011114247,-0.5261981579282737,0.6013441634196907,0.6549321286760018
0.8150681472604113,1.3171933011460915,0.5625759024789769,1.3672489585237668,1.5068404719089457,0.1557070814399298,1.7496101475022634,0.1266187625382613,0.5176390807062596,0.5719188028622934
-0.9810141559830953,-1.1676872598353414,-0.6791456840737199,-1.1559347102263289,-0.16451140099023315,-0.6201892226844657,0.8459113011114247,-0.8526066181615414,-1.742398152556376,-1.669440994107834
0.16194730971731802,0.7649976209279952,-0.6791456840737199,-0.8755809692540959,0.8640128284861845,-1.3960855268088614,0.8459113011114247,-0.8526066181615414,0.894311952916699,-1.2958810279461461
1.794749403575051,0.7649976209279952,2.7355886789461965,0.24583399463483546,1.2497094145398413,0.9316033855643254,1.7496101475022634,0.9426399131214304,-0.5705269945683428,-0.8393077359707498
2.1213098223465976,0.7649976209279952,0.5625759024789769,1.3672489585237668,1.2497094145398413,-0.6201892226844657,2.6533089938931025,-0.26507138974165967,-0.6877141103671462,-0.32462511592575755
-0.8177339465973219,-0.6154915796172451,-0.058284890797371494,-0.5952272282818631,-1.193035630466651,2.4833959938131165,-0.9614863916702531,2.0850695239378667,1.2709848251271383,1.3190387351856692
-0.32789331844000197,-0.063295899399149,-0.6791456840737199,-0.3148734873096303,-0.2930769296747854,-0.6201892226844657,-0.05778754527941421,-0.8526066181615414,0.6683082295904356,0.12364684346826783
0.651787937874638,1.3171933011460915,-0.6791456840737199,1.3672489585237668,0.8640128284861845,-2.171981830933257,-0.05778754527941421,-0.8526066181615414,0.723097011002863,0.7756787844050324
-0.8177339465973219,-0.6154915796172451,-0.058284890797371494,-0.5952272282818631,-1.0644701017820986,0.9316033855643254,-0.9614863916702531,2.0850695239378667,1.2709848251271383,1.3190387351856692
-0.32789331844000197,-0.33939373950819707,-0.6791456840737199,-0.0345197463373974,-0.678773515728442,-0.6201892226844657,-0.9614863916702531,-0.8526066181615414,0.06563163405373243,0.7213427893269687
-0.32789331844000197,-0.6154915796172451,-0.6791456840737199,-0.5952272282818631,-0.8073390444129942,0.1557070814399298,-0.05778754527941421,-0.8526066181615414,-0.5370449614829703,-0.4740491023904327
0.32522751910309133,1.0410954610370433,-0.058284890797371494,-0.3148734873096303,1.3782749432243935,0.1557070814399298,1.7496101475022634,-0.19978969769500626,0.9361644942734143,-0.673281084343333
-0.6544537372115486,-0.6154915796172451,-0.6791456840737199,-0.5952272282818631,-0.8073390444129942,0.1557070814399298,-0.05778754527941421,-0.8526066181615414,0.2665238325659667,0.322878825421168
-0.0013328996684553085,0.21280194070989908,-0.3687152874355457,-0.8755809692540959,-0.42164245835933756,-0.6201892226844657,-0.9614863916702531,-0.4329385978616261,0.4100182600747056,-1.2425153184944766
-0.9810141559830953,-1.1676872598353414,-0.6791456840737199,-1.1559347102263289,0.6068817711170802,0.1557070814399298,-0.05778754527941421,-0.8526066181615414,-1.742398152556376,-1.669440994107834
0.48850772848886465,0.7649976209279952,-0.3687152874355457,-0.5952272282818631,-0.16451140099023315,-0.6201892226844657,-0.05778754527941421,-0.5588390039516005,0.3669699318220838,-1.0717450482491333
-0.0013328996684553085,0.48889978081894714,0.8730062991171511,-1.1559347102263289,-0.5502079870438897,-0.6201892226844657,-0.9614863916702531,1.2457334833380358,0.8405015426009218,-1.669440994107834
-0.6544537372115486,-0.8915894197262932,-0.6791456840737199,-0.5952272282818631,-1.0644701017820986,-0.6201892226844657,-0.9614863916702531,-0.8526066181615414,-0.7379371599952047,0.322878825421168
-1.1442943653688686,-1.1676872598353414,-0.6791456840737199,-1.1559347102263289,-1.4501666878357553,-2.171981830933257,-0.9614863916702531,-0.8526066181615414,-1.742398152556376,-1.669440994107834
-0.32789331844000197,-0.6154915796172451,-0.6791456840737199,-0.3148734873096303,-0.678773515728442,0.1557070814399298,-0.05778754527941421,-0.8526066181615414,-0.5370449614829703,0.12364684346826783
-0.9810141559830953,-1.1676872598353414,-0.6791456840737199,-1.1559347102263289,-0.678773515728442,0.9316033855643254,-0.9614863916702531,-0.8526066181615414,-1.742398152556376,-1.669440994107834
-0.8177339465973219,-0.6154915796172451,-0.058284890797371494,-0.5952272282818631,-1.193035630466651,1.707499689688721,-0.9614863916702531,2.0850695239378667,1.2709848251271383,1.3190387351856692
-0.16461310905422863,-0.6154915796172451,-0.3687152874355457,-0.3148734873096303,-0.2930769296747854,-0.6201892226844657,-0.05778754527941421,-0.3629939278116402,-0.7379371599952047,-0.17520112946108243
-0.4911735278257753,-0.6154915796172451,-0.058284890797371494,-0.5952272282818631,-0.9359045730975464,-2.171981830933257,-0.9614863916702531,0.6162314528881626,-0.23570666371461896,-0.17520112946108243
-0.16461310905422863,0.21280194070989908,-0.3687152874355457,-0.3148734873096303,-0.678773515728442,0.1557070814399298,-0.05778754527941421,-0.3629939278116402,0.7687543288465527,-0.17520112946108243
-0.32789331844000197,-0.063295899399149,-0.3687152874355457,-0.0345197463373974,-0.678773515728442,-0.6201892226844657,-0.9614863916702531,-0.26507138974165967,0.6683082295904356,0.7213427893269687
0.651787937874638,1.0410954610370433,0.2521455058408027,1.6476026994959998,-0.03594587230568093,0.1557070814399298,0.8459113011114247,-0.051422215770793755,0.44915310394072533,1.0473587597953509
1.794749403575051,0.7649976209279952,-0.058284890797371494,2.488663922412698,1.121143885855289,0.1557070814399298,0.8459113011114247,-0.5261981579282737,-0.5705269945683428,0.48890547704858495
2.284590031732371,1.3171933011460915,3.3564494722225446,2.7690176633849313,1.3782749432243935,-0.6201892226844657,1.7496101475022634,0.9659548031380922,-0.45094830497772737,0.322878825421168
-0.16461310905422863,-0.063295899399149,-0.3687152874355457,0.24583399463483546,-0.2930769296747854,0.1557070814399298,-0.05778754527941421,-0.3629939278116402,0.2665238325659667,0.8209587803034187
0.16194730971731802,-1.1676872598353414,-0.3687152874355457,0.8065414765793012,-0.16451140099023315,-0.6201892226844657,-0.9614863916702531,-0.4853971003991153,-1.742398152556376,0.9454787690239813
-0.4911735278257753,-0.33939373950819707,-0.3687152874355457,-0.5952272282818631,-0.678773515728442,-0.6201892226844657,-0.9614863916702531,-0.11818758263668933,0.5176390807062596,-0.17520112946108243
-0.9810141559830953,-0.8915894197262932,-0.6791456840737199,-1.1559347102263289,-1.3216011591512031,0.9316033855643254,-0.9614863916702531,-0.8526066181615414,1.2709848251271383,-1.669440994107834
0.16194730971731802,0.7649976209279952,-0.6791456840737199,0.8065414765793012,-0.42164245835933756,-0.6201892226844657,-0.9614863916702531,-0.8526066181615414,0.894311952916699,0.9454787690239813
0.48850772848886465,-0.33939373950819707,-0.3687152874355457,-0.0345197463373974,-0.16451140099023315,0.1557070814399298,-0.05778754527941421,-0.5588390039516005,-0.8383832592513218,-0.4740491023904327
-0.9810141559830953,-0.8915894197262932,-0.6791456840737199,-1.1559347102263289,0.6068817711170802,0.1557070814399298,-0.05778754527941421,-0.8526066181615414,1.2709848251271383,-1.669440994107834
-0.0013328996684553085,0.7649976209279952,1.1834366957553253,-0.0345197463373974,0.4783162424325279,-0.6201892226844657,0.8459113011114247,1.665401503637951,1.2709848251271383,0.03826170834559628
0.9783483566461847,1.3171933011460915,0.5625759024789769,1.3672489585237668,0.34975071374797573,0.1557070814399298,-0.05778754527941421,0.05129373325366118,0.3437900627629799,0.39950651078766813
-0.8177339465973219,-0.6154915796172451,-0.058284890797371494,-0.5952272282818631,-1.193035630466651,-0.6201892226844657,-0.9614863916702531,2.0850695239378667,1.2709848251271383,1.3190387351856692
-0.4911735278257753,-0.33939373950819707,-0.3687152874355457,-0.3148734873096303,-0.5502079870438897,-0.6201892226844657,-0.05778754527941421,-0.11818758263668933,0.5176390807062596,0.5719188028622934
-0.9810141559830953,-1.1676872598353414,-0.6791456840737199,-1.1559347102263289,-1.3216011591512031,0.1557070814399298,-0.9614863916702531,-0.8526066181615414,-1.742398152556376,-1.669440994107834
-0.32789331844000197,-0.6154915796172451,0.5625759024789769,-0.5952272282818631,2.1496681153317065,-0.6201892226844657,2.6533089938931025,1.4975342955179851,-0.5370449614829703,-0.4740491023904327
0.48850772848886465,1.0410954610370433,-0.6791456840737199,1.086895217551534,-0.16451140099023315,1.707499689688721,-0.9614863916702531,-0.8526066181615414,0.6683082295904356,0.7213427893269687
-0.9810141559830953,-0.8915894197262932,-0.6791456840737199,-1.1559347102263289,-1.3216011591512031,0.9316033855643254,-0.9614863916702531,-0.8526066181615414,1.2709848251271383,-1.669440994107834
-0.6544537372115486,-0.6154915796172451,-0.6791456840737199,-0.5952272282818631,-0.5502079870438897,-0.6201892226844657,-0.9614863916702531,-0.8526066181615414,0.2665238325659667,0.322878825421168
1.141628566031958,1.0410954610370433,0.2521455058408027,1.9279564404682326,0.34975071374797573,-0.6201892226844657,-0.05778754527941421,-0.22310458771166847,-0.020465022451510873,0.6786502217656327
-0.8177339465973219,-0.6154915796172451,-0.3687152874355457,-0.5952272282818631,-1.193035630466651,-0.6201892226844657,-0.9614863916702531,0.6162314528881626,1.2709848251271383,1.3190387351856692
-0.16461310905422863,-0.063295899399149,-0.6791456840737199,-0.5952272282818631,-0.678773515728442,0.9316033855643254,-0.9614863916702531,-0.8526066181615414,0.2665238325659667,-0.673281084343333
-0.0013328996684553085,0.7649976209279952,0.5625759024789769,0.8065414765793012,1.8925370579626022,2.4833959938131165,2.6533089938931025,0.8260654630381202,1.2709848251271383,1.3190387351856692
-0.32789331844000197,-0.063295899399149,-0.3687152874355457,-0.3148734873096303,-0.678773515728442,-0.6201892226844657,-0.9614863916702531,-0.26507138974165967,0.6683082295904356,0.12364684346826783
-1.1442943653688686,-1.1676872598353414,-0.6791456840737199,-1.1559347102263289,-1.3216011591512031,1.707499689688721,-0.9614863916702531,-0.8526066181615414,-1.742398152556376,-1.669440994107834
3.1009910786612376,2.9737803418003796,3.977310265498893,1.3672489585237668,2.1496681153317065,-0.6201892226844657,1.7496101475022634,0.8422065407419631,-0.003907973123579533,-0.6349672416600831
-1.1442943653688686,-1.1676872598353414,-0.6791456840737199,-1.1559347102263289,-0.678773515728442,0.1557070814399298,-0.9614863916702531,-0.8526066181615414,-1.742398152556376,-1.669440994107834
-0.32789331844000197,-0.063295899399149,-0.3687152874355457,-0.0345197463373974,-0.8073390444129942,-0.6201892226844657,-0.9614863916702531,-0.26507138974165967,0.6683082295904356,0.7213427893269687
-0.9810141559830953,-1.1676872598353414,-0.6791456840737199,-1.1559347102263289,-0.8073390444129942,-0.6201892226844657,-0.9614863916702531,-0.8526066181615414,-1.742398152556376,-1.669440994107834
-0.4911735278257753,-0.33939373950819707,-0.6791456840737199,-0.3148734873096303,-0.42164245835933756,0.1557070814399298,-0.05778754527941421,-0.8526066181615414,0.5176390807062596,0.5719188028622934
-1.1442943653688686,-1.1676872598353414,-0.6791456840737199,-1.1559347102263289,-0.8073390444129942,-0.6201892226844657,-0.05778754527941421,-0.8526066181615414,-1.742398152556376,-1.669440994107834
-0.8177339465973219,-0.6154915796172451,-0.058284890797371494,-0.5952272282818631,2.6639302300699153,0.1557070814399298,1.7496101475022634,2.0850695239378667,1.2709848251271383,1.3190387351856692
-0.16461310905422863,0.21280194070989908,0.2521455058408027,-0.3148734873096303,-0.678773515728442,-0.6201892226844657,-0.9614863916702531,0.6162314528881626,0.7687543288465527,-0.17520112946108243
-0.4911735278257753,-0.6154915796172451,-0.6791456840737199,-0.3148734873096303,1.76397152927805,-0.6201892226844657,2.6533089938931025,-0.8526066181615414,-0.23570666371461896,0.5719188028622934
-0.0013328996684553085,0.7649976209279952,-0.3687152874355457,0.8065414765793012,0.4783162424325279,-0.6201892226844657,-0.05778754527941421,-0.4329385978616261,1.2709848251271383,1.3190387351856692
-0.9810141559830953,-1.1676872598353414,-0.6791456840737199,-1.1559347102263289,-1.3216011591512031,0.1557070814399298,-0.9614863916702531,-0.8526066181615414,-1.742398152556376,-1.669440994107834
0.48850772848886465,0.7649976209279952,-0.6791456840737199,-0.8755809692540959,-0.16451140099023315,0.1557070814399298,-0.05778754527941421,-0.8526066181615414,0.3669699318220838,-1.3705930211784838
-0.0013328996684553085,0.7649976209279952,-0.3687152874355457,0.8065414765793012,-0.5502079870438897,0.9316033855643254,-0.9614863916702531,-0.4329385978616261,1.2709848251271383,1.3190387351856692
0.48850772848886465,0.7649976209279952,1.8042974890316739,1.3672489585237668,-0.16451140099023315,0.9316033855643254,-0.05778754527941421,1.4975342955179851,0.3669699318220838,1.0201907622563189
2.1213098223465976,1.8693889813641875,3.3564494722225446,3.6100788863016295,1.121143885855289,0.1557070814399298,-0.05778754527941421,1.056882874203074,-0.0850375148304431,0.8707667757916436
-0.8177339465973219,-0.8915894197262932,-0.058284890797371494,-0.5952272282818631,-1.193035630466651,-0.6201892226844657,-0.9614863916702531,2.0850695239378667,-0.23570666371461896,1.3190387351856692
-0.16461310905422863,-0.33939373950819707,-0.3687152874355457,-0.0345197463373974,0.09261965637887129,0.1557070814399298,-0.05778754527941421,-0.3629939278116402,-0.23570666371461896,0.322878825421168
-0.4911735278257753,-0.33939373950819707,-0.6791456840737199,-0.3148734873096303,-0.16451140099023315,0.1557070814399298,-0.05778754527941421,-0.8526066181615414,0.5176390807062596,0.5719188028622934
0.651787937874638,0.7649976209279952,-0.3687152874355457,1.3672489585237668,0.09261965637887129,0.1557070814399298,-0.05778754527941421,-0.5855451506979589,0.17520919687858755,0.7756787844050324
-0.8177339465973219,-0.6154915796172451,-0.058284890797371494,-0.5952272282818631,-1.193035630466651,-0.6201892226844657,-0.9614863916702531,2.0850695239378667,1.2709848251271383,1.3190387351856692
0.16194730971731802,0.7649976209279952,-0.6791456840737199,0.8065414765793012,-0.16451140099023315,-0.6201892226844657,-0.05778754527941421,-0.8526066181615414,0.894311952916699,0.9454787690239813
-0.0013328996684553085,0.7649976209279952,1.4938670923934996,0.8065414765793012,0.7354472998016324,-0.6201892226844657,0.8459113011114247,2.0850695239378667,1.2709848251271383,1.3190387351856692
1.141628566031958,1.5932911412551394,0.5625759024789769,1.6476026994959998,0.4783162424325279,1.707499689688721,-0.9614863916702531,-0.01327057756171052,0.4100182600747056,0.46518738395895404
-0.32789331844000197,-0.8915894197262932,-0.3687152874355457,-0.3148734873096303,-0.5502079870438897,-0.6201892226844657,-0.05778754527941421,-0.26507138974165967,-1.1397215570196733,0.12364684346826783
-0.4911735278257753,-0.33939373950819707,-0.3687152874355457,-0.8755809692540959,-0.8073390444129942,0.9316033855643254,-0.05778754527941421,-0.11818758263668933,0.5176390807062596,-0.9223210617844583
0.651787937874638,1.3171933011460915,0.8730062991171511,0.8065414765793012,0.09261965637887129,-0.6201892226844657,-0.9614863916702531,0.4827007191563712,0.723097011002863,0.23231883362439526
-0.9810141559830953,-1.1676872598353414,-0.6791456840737199,-1.1559347102263289,1.121143885855289,2.4833959938131165,0.8459113011114247,-0.8526066181615414,-1.742398152556376,-1.669440994107834
0.9783483566461847,-0.6154915796172451,0.5625759024789769,2.2083101814404653,0.6068817711170802,2.4833959938131165,0.8459113011114247,0.05129373325366118,-1.2788007713742973,1.0891556790861694
0.32522751910309133,0.7649976209279952,1.1834366957553253,1.086895217551534,-0.2930769296747854,0.1557070814399298,-0.9614863916702531,1.105844143238064,0.6013441634196907,0.9869854319308353
-0.32789331844000197,-0.063295899399149,-0.3687152874355457,-0.0345197463373974,2.7924957587544674,-0.6201892226844657,0.8459113011114247,-0.26507138974165967,0.6683082295904356,0.7213427893269687
0.48850772848886465,0.21280194070989908,1.4938670923934996,0.8065414765793012,-0.16451140099023315,1.707499689688721,-0.9614863916702531,1.203766681308044,-0.23570666371461896,0.4224948163976181
-0.9810141559830953,-0.8915894197262932,-0.6791456840737199,-1.1559347102263289,-1.3216011591512031,-0.6201892226844657,-0.9614863916702531,-0.8526066181615414,1.2709848251271383,-1.669440994107834
-0.6544537372115486,-0.6154915796172451,-0.3687152874355457,-0.5952272282818631,-1.0644701017820986,1.707499689688721,-0.9614863916702531,0.1266187625382613,0.2665238325659667,0.322878825421168
0.48850772848886465,1.3171933011460915,-0.6791456840737199,1.3672489585237668,3.1781923448081244,-0.6201892226844657,1.7496101475022634,-0.8526066181615414,0.9696465273587869,1.0201907622563189
-0.16461310905422863,0.21280194070989908,-0.6791456840737199,-0.8755809692540959,-0.678773515728442,-0.6201892226844657,-0.05778754527941421,-0.8526066181615414,0.7687543288465527,-1.1713610392255835
0.48850772848886465,1.3171933011460915,-0.3687152874355457,1.086895217551534,-0.16451140099023315,-0.6201892226844657,-0.05778754527941421,-0.5588390039516005,0.9696465273587869,0.7213427893269687
-0.16461310905422863,-0.8915894197262932,-0.6791456840737199,0.24583399463483546,0.2211851850634235,-0.6201892226844657,-0.05778754527941421,-0.8526066181615414,-1.2401676562757906,0.8209587803034187
0.16194730971731802,0.7649976209279952,-0.6791456840737199,0.8065414765793012,1.76397152927805,-0.6201892226844657,2.6533089938931025,-0.8526066181615414,0.894311952916699,0.9454787690239813
-0.9810141559830953,-1.1676872598353414,-0.6791456840737199,-1.1559347102263289,1.5068404719089457,-0.6201892226844657,2.6533089938931025,-0.8526066181615414,-1.742398152556376,-1.669440994107834
0.651787937874638,1.5932911412551394,-0.6791456840737199,0.8065414765793012,0.09261965637887129,-0.6201892226844657,-0.9614863916702531,-0.8526066181615414,0.9970409180650008,0.23231883362439526
-0.9810141559830953,-1.1676872598353414,-0.6791456840737199,-1.1559347102263289,-0.5502079870438897,0.9316033855643254,-0.9614863916702531,-0.8526066181615414,-1.742398152556376,-1.669440994107834
-0.32789331844000197,-0.33939373950819707,-0.6791456840737199,-0.3148734873096303,-0.8073390444129942,-0.6201892226844657,-0.9614863916702531,-0.8526066181615414,0.06563163405373243,0.12364684346826783
-0.16461310905422863,-1.1676872598353414,-0.3687152874355457,-1.1559347102263289,-0.678773515728442,-0.6201892226844657,-0.05778754527941421,-0.3629939278116402,-1.742398152556376,-1.669440994107834
-0.9810141559830953,-1.1676872598353414,-0.6791456840737199,-1.1559347102263289,1.76397152927805,0.1557070814399298,2.6533089938931025,-0.8526066181615414,-1.742398152556376,-1.669440994107834
-0.0013328996684553085,0.7649976209279952,-0.3687152874355457,0.8065414765793012,-0.2930769296747854,-0.6201892226844657,1.7496101475022634,-0.4329385978616261,1.2709848251271383,1.3190387351856692
-0.9810141559830953,-1.1676872598353414,-0.6791456840737199,-1.1559347102263289,-1.193035630466651,1.707499689688721,-0.9614863916702531,-0.8526066181615414,-1.742398152556376,-1.669440994107834
2.4478702411181446,1.3171933011460915,0.2521455058408027,1.6476026994959998,1.8925370579626022,1.707499689688721,2.6533089938931025,-0.4520144169661677,-0.5096505707767566,-0.3110411171562419
0.32522751910309133,1.0410954610370433,-0.6791456840737199,1.086895217551534,-0.16451140099023315,0.1557070814399298,0.8459113011114247,-0.8526066181615414,0.9361644942734143,0.9869854319308353
-0.9810141559830953,-1.1676872598353414,-0.6791456840737199,-0.8755809692540959,-1.3216011591512031,-0.6201892226844657,-0.9614863916702531,-0.8526066181615414,-1.742398152556376,1.3190387351856692
-0.9810141559830953,-1.1676872598353414,-0.6791456840737199,-0.8755809692540959,-1.3216011591512031,-0.6201892226844657,-0.9614863916702531,-0.8526066181615414,-1.742398152556376,1.3190387351856692
-0.9810141559830953,-1.1676872598353414,-0.3687152874355457,-1.1559347102263289,-1.3216011591512031,0.9316033855643254,-0.9614863916702531,2.0850695239378667,-1.742398152556376,-1.669440994107834
0.16194730971731802,0.21280194070989908,-0.058284890797371494,-0.5952272282818631,-0.42164245835933756,-0.6201892226844657,-0.9614863916702531,-0.11818758263668933,0.14096620849582037,-0.9223210617844583
2.774430659889691,1.5932911412551394,-0.3687152874355457,1.9279564404682326,1.8925370579626022,-0.6201892226844657,2.6533089938931025,-0.7302034455740661,-0.48682191185491175,-0.2997211181816451
4.243952544361651,1.3171933011460915,3.977310265498893,-1.1559347102263289,2.9210612874390196,0.1557070814399298,1.7496101475022634,0.4827007191563712,-0.9205664313699632,-1.669440994107834
-0.8177339465973219,-0.6154915796172451,-0.058284890797371494,-0.5952272282818631,-1.193035630466651,-0.6201892226844657,-0.9614863916702531,2.0850695239378667,1.2709848251271383,1.3190387351856692
0.651787937874638,-0.063295899399149,-0.6791456840737199,1.086895217551534,1.8925370579626022,-0.6201892226844657,2.6533089938931025,-0.8526066181615414,-0.6466225243078256,0.5039988090147138
-0.6544537372115486,-0.6154915796172451,-0.6791456840737199,-0.5952272282818631,-0.9359045730975464,0.1557070814399298,-0.05778754527941421,-0.8526066181615414,0.2665238325659667,0.322878825421168
3.5908317068185576,1.5932911412551394,2.7355886789461965,1.6476026994959998,2.535364701385363,1.707499689688721,2.6533089938931025,0.2616843322899582,-0.7033005740448194,-0.6389307426273156
0.32522751910309133,0.7649976209279952,0.8730062991171511,-0.0345197463373974,1.76397152927805,2.4833959938131165,0.8459113011114247,0.7794356830047965,0.6013441634196907,-0.3412277810884993
0.651787937874638,1.0410954610370433,0.8730062991171511,1.6476026994959998,0.4783162424325279,-0.6201892226844657,-0.05778754527941421,0.4827007191563712,0.44915310394072533,1.0473587597953509
-0.4911735278257753,-0.6154915796172451,-0.6791456840737199,-0.5952272282818631,-0.8073390444129942,-0.6201892226844657,-0.9614863916702531,-0.8526066181615414,-0.23570666371461896,-0.17520112946108243
2.9377108692754645,1.3171933011460915,3.666879868860719,2.488663922412698,1.8925370579626022,0.9316033855643254,2.6533089938931025,0.7924920214141273,-0.657580280590311,-0.11543153487521231
0.48850772848886465,1.3171933011460915,-0.3687152874355457,1.086895217551534,0.34975071374797573,1.707499689688721,-0.05778754527941421,-0.5588390039516005,0.9696465273587869,0.7213427893269687
-0.6544537372115486,-0.6154915796172451,-0.058284890797371494,-0.5952272282818631,-0.9359045730975464,0.1557070814399298,-0.9614863916702531,1.105844143238064,0.2665238325659667,0.322878825421168
-0.9810141559830953,-1.1676872598353414,-0.6791456840737199,-1.1559347102263289,0.8640128284861845,-0.6201892226844657,-0.05778754527941421,-0.8526066181615414,-1.742398152556376,-1.669440994107834
2.284590031732371,0.7649976209279952,3.977310265498893,3.6100788863016295,1.5068404719089457,0.1557070814399298,0.8459113011114247,1.2457334833380358,-0.7379371599952047,0.7498045010345258
1.4681889848035046,2.6976825016913315,0.8730062991171511,2.2083101814404653,0.8640128284861845,-0.6201892226844657,-0.05778754527941421,0.06541717624452367,0.894311952916699,0.5719188028622934
0.48850772848886465,0.7649976209279952,-0.6791456840737199,0.24583399463483546,-0.16451140099023315,-0.6201892226844657,0.8459113011114247,-0.8526066181615414,0.3669699318220838,-0.17520112946108243
-0.8177339465973219,-0.6154915796172451,-0.058284890797371494,-0.5952272282818631,-1.193035630466651,-0.6201892226844657,-0.9614863916702531,2.0850695239378667,1.2709848251271383,1.3190387351856692
-0.0013328996684553085,-1.1676872598353414,1.4938670923934996,0.8065414765793012,-0.42164245835933756,2.4833959938131165,-0.9614863916702531,2.0850695239378667,-1.742398152556376,1.3190387351856692
0.16194730971731802,-0.063295899399149,-0.3687152874355457,0.8065414765793012,-0.16451140099023315,0.1557070814399298,-0.05778754527941421,-0.4853971003991153,-0.23570666371461896,0.9454787690239813
-0.0013328996684553085,0.7649976209279952,1.4938670923934996,0.8065414765793012,-0.16451140099023315,-0.6201892226844657,-0.9614863916702531,2.0850695239378667,1.2709848251271383,1.3190387351856692
-0.6544537372115486,-0.6154915796172451,-0.3687152874355457,-0.5952272282818631,-0.8073390444129942,-0.6201892226844657,-0.9614863916702531,0.1266187625382613,0.2665238325659667,0.322878825421168
-0.8177339465973219,-0.6154915796172451,-0.058284890797371494,-0.8755809692540959,-1.193035630466651,0.1557070814399298,-0.9614863916702531,2.0850695239378667,1.2709848251271383,-0.17520112946108243
0.48850772848886465,0.7649976209279952,-0.6791456840737199,1.086895217551534,-0.16451140099023315,0.9316033855643254,-0.05778754527941421,-0.8526066181615414,0.3669699318220838,0.7213427893269687
-1.1442943653688686,-1.1676872598353414,-0.6791456840737199,-1.1559347102263289,1.3782749432243935,0.9316033855643254,2.6533089938931025,-0.8526066181615414,-1.742398152556376,-1.669440994107834
1.9580296129608246,1.3171933011460915,3.977310265498893,-0.5952272282818631,1.2497094145398413,0.9316033855643254,1.7496101475022634,1.466611388759044,-0.31500621575892224,-1.3548641804979917
-0.8177339465973219,-0.6154915796172451,-0.058284890797371494,-0.5952272282818631,-1.193035630466651,0.1557070814399298,-0.9614863916702531,2.0850695239378667,1.2709848251271383,1.3190387351856692
0.48850772848886465,-0.063295899399149,-0.3687152874355457,-0.8755809692540959,-0.16451140099023315,0.1557070814399298,-0.05778754527941421,-0.5588390039516005,-0.5370449614829703,-1.3705930211784838
-0.32789331844000197,-0.6154915796172451,-0.6791456840737199,-0.3148734873096303,-0.678773515728442,-0.6201892226844657,-0.9614863916702531,-0.8526066181615414,-0.5370449614829703,0.12364684346826783
0.32522751910309133,-0.6154915796172451,1.1834366957553253,0.8065414765793012,-0.16451140099023315,2.4833959938131165,-0.05778754527941421,1.105844143238064,-1.0727574908489286,0.6549321286760018
-0.0013328996684553085,0.7649976209279952,-0.3687152874355457,0.8065414765793012,-0.16451140099023315,-2.171981830933257,0.8459113011114247,-0.4329385978616261,1.2709848251271383,1.3190387351856692
-0.0013328996684553085,0.48889978081894714,0.8730062991171511,0.8065414765793012,-0.16451140099023315,0.1557070814399298,-0.9614863916702531,1.2457334833380358,0.8405015426009218,1.3190387351856692
0.32522751910309133,1.0410954610370433,1.4938670923934996,0.24583399463483546,-0.16451140099023315,2.4833959938131165,-0.05778754527941421,1.4322526034713317,0.9361644942734143,-0.009174477833665508
-0.6544537372115486,-0.6154915796172451,-0.3687152874355457,-0.5952272282818631,1.76397152927805,-0.6201892226844657,1.7496101475022634,0.1266187625382613,0.2665238325659667,0.322878825421168
-0.32789331844000197,-0.063295899399149,-0.3687152874355457,-1.1559347102263289,-0.2930769296747854,-0.6201892226844657,0.8459113011114247,-0.26507138974165967,0.6683082295904356,-1.669440994107834
0.16194730971731802,0.7649976209279952,1.4938670923934996,0.8065414765793012,-0.16451140099023315,-0.6201892226844657,0.8459113011114247,1.7178600061754405,0.894311952916699,0.9454787690239813
0.32522751910309133,-0.8915894197262932,-0.6791456840737199,1.086895217551534,-0.2930769296747854,-0.6201892226844657,0.8459113011114247,-0.8526066181615414,-1.4075778217026524,0.9869854319308353
0.16194730971731802,0.7649976209279952,-0.3687152874355457,0.8065414765793012,-0.2930769296747854,2.4833959938131165,-0.05778754527941421,-0.4853971003991153,0.894311952916699,0.9454787690239813
0.48850772848886465,1.0410954610370433,2.114727885669848,0.5261877356070683,-0.16451140099023315,1.707499689688721,0.8459113011114247,1.791301909727926,0.6683082295904356,0.12364684346826783
1.9580296129608246,-0.6154915796172451,2.7355886789461965,1.3672489585237668,0.9925783571707368,0.9316033855643254,-0.05778754527941421,0.8481532535802212,-1.4251999443791643,-0.25384533286354327
-0.6544537372115486,-0.6154915796172451,-0.058284890797371494,-0.5952272282818631,-1.0644701017820986,-0.6201892226844657,-0.9614863916702531,1.105844143238064,0.2665238325659667,0.322878825421168
-0.6544537372115486,-0.6154915796172451,-0.3687152874355457,-0.5952272282818631,-0.16451140099023315,0.9316033855643254,-0.9614863916702531,0.1266187625382613,0.2665238325659667,0.322878825421168
2.1213098223465976,1.0410954610370433,-0.058284890797371494,1.6476026994959998,1.2497094145398413,0.1557070814399298,1.7496101475022634,-0.5588390039516005,-0.5370449614829703,-0.17520112946108243
1.9580296129608246,1.3171933011460915,2.114727885669848,1.9279564404682326,1.5068404719089457,1.707499689688721,2.6533089938931025,0.5389241859908096,-0.31500621575892224,0.06073148074629948
-0.0013328996684553085,-0.33939373950819707,1.4938670923934996,0.8065414765793012,3.1781923448081244,0.9316033855643254,2.6533089938931025,2.0850695239378667,-0.45094830497772737,1.3190387351856692
-0.4911735278257753,-0.6154915796172451,-0.6791456840737199,-1.1559347102263289,-0.678773515728442,-2.171981830933257,-0.9614863916702531,-0.8526066181615414,-0.23570666371461896,-1.669440994107834
0.32522751910309133,0.7649976209279952,-0.3687152874355457,0.5261877356070683,-0.16451140099023315,-2.171981830933257,0.8459113011114247,-0.5261981579282737,0.6013441634196907,0.322878825421168
0.32522751910309133,1.0410954610370433,1.8042974890316739,1.086895217551534,-0.2930769296747854,0.9316033855643254,-0.05778754527941421,1.758661063704599,0.9361644942734143,0.9869854319308353
0.32522751910309133,-0.33939373950819707,-0.3687152874355457,0.8065414765793012,-0.16451140099023315,-0.6201892226844657,-0.05778754527941421,-0.5261981579282737,-0.7379371599952047,0.6549321286760018
0.32522751910309133,0.48889978081894714,-0.3687152874355457,-0.8755809692540959,-0.2930769296747854,0.1557070814399298,-0.05778754527941421,-0.5261981579282737,0.2665238325659667,-1.3373876908530005
4.243952544361651,1.3171933011460915,-0.6791456840737199,1.6476026994959998,2.7924957587544674,-0.6201892226844657,1.7496101475022634,-0.8526066181615414,-0.9205664313699632,-0.763841076140106
-0.0013328996684553085,0.7649976209279952,-0.3687152874355457,0.8065414765793012,-0.03594587230568093,0.1557070814399298,-0.05778754527941421,-0.4329385978616261,1.2709848251271383,1.3190387351856692
0.48850772848886465,1.0410954610370433,2.114727885669848,0.5261877356070683,-0.16451140099023315,2.4833959938131165,-0.05778754527941421,1.791301909727926,0.6683082295904356,0.12364684346826783
-0.6544537372115486,-0.6154915796172451,-0.3687152874355457,-0.5952272282818631,-0.5502079870438897,2.4833959938131165,-0.9614863916702531,0.1266187625382613,0.2665238325659667,0.322878825421168
0.48850772848886465,1.3171933011460915,0.8730062991171511,1.3672489585237668,2.535364701385363,-2.171981830933257,0.8459113011114247,0.6162314528881626,0.9696465273587869,1.0201907622563189
-0.4911735278257753,-0.6154915796172451,-0.6791456840737199,-0.3148734873096303,-0.5502079870438897,0.1557070814399298,-0.9614863916702531,-0.8526066181615414,-0.23570666371461896,0.5719188028622934
1.3049087754177313,0.7649976209279952,1.1834366957553253,2.488663922412698,0.7354472998016324,-0.6201892226844657,-0.05778754527941421,0.3224638386782219,-0.3361527629707361,0.9205747712798689
0.48850772848886465,1.3171933011460915,-0.6791456840737199,1.086895217551534,-0.03594587230568093,-0.6201892226844657,0.8459113011114247,-0.8526066181615414,0.9696465273587869,0.7213427893269687
-0.9810141559830953,-1.1676872598353414,-0.6791456840737199,-1.1559347102263289,-0.8073390444129942,0.9316033855643254,-0.9614863916702531,-0.8526066181615414,-1.742398152556376,-1.669440994107834
-0.32789331844000197,-0.6154915796172451,-0.6791456840737199,-0.3148734873096303,2.2782336440162587,-1.3960855268088614,1.7496101475022634,-0.8526066181615414,-0.5370449614829703,0.12364684346826783
-1.1442943653688686,-1.1676872598353414,-0.6791456840737199,-1.1559347102263289,-1.4501666878357553,1.707499689688721,-0.9614863916702531,-0.8526066181615414,-1.742398152556376,-1.669440994107834
0.32522751910309133,0.7649976209279952,-0.6791456840737199,-1.1559347102263289,-0.16451140099023315,-2.171981830933257,-0.05778754527941421,-0.8526066181615414,0.6013441634196907,-1.669440994107834
-0.16461310905422863,-0.6154915796172451,-0.6791456840737199,-1.1559347102263289,-0.42164245835933756,0.1557070814399298,-0.05778754527941421,-0.8526066181615414,-0.7379371599952047,-1.669440994107834
1.9580296129608246,0.7649976209279952,0.2521455058408027,1.086895217551534,1.6354060005934978,-0.6201892226844657,1.7496101475022634,-0.3887630167774245,-0.6322044239361341,-0.4111337396684645
1.9580296129608246,3.249878181909428,3.977310265498893,1.3672489585237668,2.7924957587544674,-2.171981830933257,1.7496101475022634,1.466611388759044,0.7951875128613201,-0.25384533286354327
-0.32789331844000197,-0.063295899399149,-0.6791456840737199,-1.1559347102263289,-0.8073390444129942,-0.6201892226844657,-0.9614863916702531,-0.8526066181615414,0.6683082295904356,-1.669440994107834
0.8150681472604113,1.8693889813641875,2.7355886789461965,1.086895217551534,0.4783162424325279,-2.171981830933257,-0.05778754527941421,1.8402631787629158,1.0198695769868453,0.322878825421168
0.16194730971731802,0.7649976209279952,1.4938670923934996,0.8065414765793012,-0.16451140099023315,-1.3960855268088614,-0.05778754527941421,1.7178600061754405,0.894311952916699,0.9454787690239813
-0.9810141559830953,-1.1676872598353414,-0.6791456840737199,-1.1559347102263289,-1.0644701017820986,0.1557070814399298,-0.9614863916702531,-0.8526066181615414,-1.742398152556376,-1.669440994107834
-0.4911735278257753,-0.6154915796172451,0.2521455058408027,-0.5952272282818631,-0.8073390444129942,-2.171981830933257,-0.05778754527941421,1.3506504884130146,-0.23570666371461896,-0.17520112946108243
-0.4911735278257753,-0.6154915796172451,-0.6791456840737199,-0.3148734873096303,-0.9359045730975464,-0.6201892226844657,-0.9614863916702531,-0.8526066181615414,-0.23570666371461896,0.5719188028622934
1.141628566031958,1.8693889813641875,0.5625759024789769,1.9279564404682326,0.34975071374797573,-0.6201892226844657,-0.05778754527941421,-0.01327057756171052,0.6252599013378137,0.6786502217656327
-0.32789331844000197,-0.33939373950819707,-0.6791456840737199,-0.0345197463373974,-0.8073390444129942,-2.171981830933257,-0.05778754527941421,-0.8526066181615414,0.06563163405373243,0.7213427893269687
0.48850772848886465,-0.6154915796172451,1.1834366957553253,0.8065414765793012,-0.16451140099023315,0.1557070814399298,-0.05778754527941421,0.9099990670981034,-1.1397215570196733,0.4224948163976181
-0.32789331844000197,-0.063295899399149,-0.3687152874355457,-0.0345197463373974,-0.42164245835933756,-0.6201892226844657,-0.05778754527941421,-0.26507138974165967,0.6683082295904356,0.7213427893269687
-0.4911735278257753,-0.6154915796172451,0.2521455058408027,-0.5952272282818631,0.34975071374797573,1.707499689688721,0.8459113011114247,1.3506504884130146,-0.23570666371461896,-0.17520112946108243
-0.16461310905422863,-0.6154915796172451,0.2521455058408027,-0.3148734873096303,0.09261965637887129,0.9316033855643254,-0.05778754527941421,0.6162314528881626,-0.7379371599952047,-0.17520112946108243
-0.16461310905422863,-0.063295899399149,-0.3687152874355457,-0.3148734873096303,-0.42164245835933756,-0.6201892226844657,-0.9614863916702531,-0.3629939278116402,0.2665238325659667,-0.17520112946108243
-0.32789331844000197,-0.063295899399149,-0.3687152874355457,-0.5952272282818631,-0.42164245835933756,-0.6201892226844657,-0.05778754527941421,-0.26507138974165967,0.6683082295904356,-0.4740491023904327
-0.6544537372115486,-0.6154915796172451,-0.3687152874355457,-0.5952272282818631,-0.9359045730975464,0.1557070814399298,-0.05778754527941421,0.1266187625382613,0.2665238325659667,0.322878825421168
-0.16461310905422863,-0.063295899399149,-0.6791456840737199,0.24583399463483546,0.2211851850634235,-0.6201892226844657,0.8459113011114247,-0.8526066181615414,0.2665238325659667,0.8209587803034187
-0.6544537372115486,-0.6154915796172451,-0.3687152874355457,-0.5952272282818631,-0.678773515728442,0.1557070814399298,-0.05778754527941421,0.1266187625382613,0.2665238325659667,0.322878825421168
-0.32789331844000197,-0.33939373950819707,-0.6791456840737199,-0.5952272282818631,1.6354060005934978,0.1557070814399298,1.7496101475022634,-0.8526066181615414,0.06563163405373243,-0.4740491023904327
2.1213098223465976,0.7649976209279952,-0.3687152874355457,1.086895217551534,1.121143885855289,0.1557070814399298,-0.05778754527941421,-0.705722811056571,-0.6877141103671462,-0.4740491023904327
-0.16461310905422863,-0.6154915796172451,0.5625759024789769,-0.0345197463373974,-0.678773515728442,0.1557070814399298,-0.05778754527941421,1.105844143238064,-0.7379371599952047,0.322878825421168
0.16194730971731802,-0.6154915796172451,1.4938670923934996,0.8065414765793012,-0.42164245835933756,-0.6201892226844657,-0.9614863916702531,1.7178600061754405,-0.9890524081354976,0.9454787690239813
-0.4911735278257753,-0.33939373950819707,-0.3687152874355457,-0.8755809692540959,-0.8073390444129942,-0.6201892226844657,-0.9614863916702531,-0.11818758263668933,0.5176390807062596,-0.9223210617844583
2.1213098223465976,0.7649976209279952,-0.6791456840737199,1.3672489585237668,1.2497094145398413,1.707499689688721,1.7496101475022634,-0.8526066181615414,-0.6877141103671462,-0.32462511592575755
-0.32789331844000197,-0.063295899399149,-0.6791456840737199,-0.0345197463373974,0.09261965637887129,-0.6201892226844657,-0.9614863916702531,-0.8526066181615414,0.6683082295904356,0.7213427893269687
-0.6544537372115486,-0.6154915796172451,-0.6791456840737199,-0.5952272282818631,-0.42164245835933756,2.4833959938131165,-0.9614863916702531,-0.8526066181615414,0.2665238325659667,0.322878825421168
-0.8177339465973219,-0.6154915796172451,-0.058284890797371494,-0.5952272282818631,-0.16451140099023315,-0.6201892226844657,0.8459113011114247,2.0850695239378667,1.2709848251271383,1.3190387351856692
-0.6544537372115486,-0.6154915796172451,-0.6791456840737199,-0.5952272282818631,-0.5502079870438897,-0.6201892226844657,-0.9614863916702531,-0.8526066181615414,0.2665238325659667,0.322878825421168
-0.0013328996684553085,0.7649976209279952,-0.6791456840737199,0.8065414765793012,-0.42164245835933756,-0.6201892226844657,-0.9614863916702531,-0.8526066181615414,1.2709848251271383,1.3190387351856692
0.48850772848886465,1.3171933011460915,-0.6791456840737199,1.3672489585237668,-0.16451140099023315,0.1557070814399298,0.8459113011114247,-0.8526066181615414,0.9696465273587869,1.0201907622563189
-0.4911735278257753,-0.33939373950819707,-0.3687152874355457,-0.3148734873096303,1.121143885855289,-0.6201892226844657,-0.05778754527941421,-0.11818758263668933,0.5176390807062596,0.5719188028622934
0.16194730971731802,0.7649976209279952,1.4938670923934996,0.8065414765793012,-0.2930769296747854,-1.3960855268088614,0.8459113011114247,1.7178600061754405,0.894311952916699,0.9454787690239813
2.1213098223465976,0.7649976209279952,3.0460190755843706,0.8065414765793012,2.2782336440162587,0.1557070814399298,1.7496101475022634,0.9099990670981034,-0.6877141103671462,-0.623473088855108
0.32522751910309133,1.0410954610370433,-0.3687152874355457,0.24583399463483546,2.6639302300699153,0.1557070814399298,2.6533089938931025,-0.5261981579282737,0.9361644942734143,-0.009174477833665508
-0.0013328996684553085,0.7649976209279952,-0.6791456840737199,-1.1559347102263289,2.535364701385363,0.9316033855643254,1.7496101475022634,-0.8526066181615414,1.2709848251271383,-1.669440994107834
-0.32789331844000197,-0.063295899399149,-0.6791456840737199,-0.8755809692540959,0.4783162424325279,0.1557070814399298,-0.05778754527941421,-0.8526066181615414,0.6683082295904356,-1.0717450482491333
-0.9810141559830953,-1.1676872598353414,-0.6791456840737199,-1.1559347102263289,-1.3216011591512031,0.1557070814399298,-0.9614863916702531,-0.8526066181615414,-1.742398152556376,-1.669440994107834
-0.6544537372115486,-0.6154915796172451,-0.6791456840737199,-0.5952272282818631,-0.42164245835933756,0.1557070814399298,-0.05778754527941421,-0.8526066181615414,0.2665238325659667,0.322878825421168
-0.6544537372115486,-0.6154915796172451,-0.3687152874355457,-1.1559347102263289,-0.2930769296747854,0.1557070814399298,1.7496101475022634,0.1266187625382613,0.2665238325659667,-1.669440994107834
-0.4911735278257753,-0.33939373950819707,-0.3687152874355457,-0.3148734873096303,-0.16451140099023315,-0.6201892226844657,-0.9614863916702531,-0.11818758263668933,0.5176390807062596,0.5719188028622934
-0.9810141559830953,-1.1676872598353414,-0.6791456840737199,-1.1559347102263289,-1.3216011591512031,0.1557070814399298,-0.9614863916702531,-0.8526066181615414,-1.742398152556376,-1.669440994107834
-0.32789331844000197,-1.1676872598353414,-0.3687152874355457,-0.0345197463373974,-0.678773515728442,0.1557070814399298,-0.9614863916702531,-0.26507138974165967,-1.742398152556376,0.7213427893269687
0.48850772848886465,-0.063295899399149,-0.3687152874355457,1.086895217551534,-0.16451140099023315,-0.6201892226844657,-0.05778754527941421,-0.5588390039516005,-0.5370449614829703,0.7213427893269687
-0.6544537372115486,-0.6154915796172451,-0.6791456840737199,-0.5952272282818631,-0.03594587230568093,0.1557070814399298,-0.05778754527941421,-0.8526066181615414,0.2665238325659667,0.322878825421168
-0.16461310905422863,0.21280194070989908,-0.3687152874355457,-0.5952272282818631,0.7354472998016324,-0.6201892226844657,-0.9614863916702531,-0.3629939278116402,0.7687543288465527,-0.673281084343333
-0.6544537372115486,-0.6154915796172451,-0.058284890797371494,-0.5952272282818631,-0.678773515728442,-0.6201892226844657,-0.9614863916702531,1.105844143238064,0.2665238325659667,0.322878825421168
-0.16461310905422863,0.21280194070989908,-0.3687152874355457,-0.3148734873096303,-0.5502079870438897,-0.6201892226844657,-0.9614863916702531,-0.3629939278116402,0.7687543288465527,-0.17520112946108243
-0.6544537372115486,-0.6154915796172451,-0.3687152874355457,-1.1559347102263289,-0.8073390444129942,0.1557070814399298,-0.9614863916702531,0.1266187625382613,0.2665238325659667,-1.669440994107834
2.1213098223465976,3.5259760220184755,0.8730062991171511,0.5261877356070683,1.8925370579626022,-0.6201892226844657,1.7496101475022634,-0.11818758263668933,0.818977378474611,-0.7728970753197831
-0.32789331844000197,-0.063295899399149,-0.6791456840737199,-0.3148734873096303,-0.8073390444129942,0.1557070814399298,-0.05778754527941421,-0.8526066181615414,0.6683082295904356,0.12364684346826783
-0.4911735278257753,-0.33939373950819707,-0.6791456840737199,-0.3148734873096303,-0.5502079870438897,0.1557070814399298,-0.05778754527941421,-0.8526066181615414,0.5176390807062596,0.5719188028622934
-0.32789331844000197,-0.063295899399149,-0.6791456840737199,-0.5952272282818631,-0.5502079870438897,-0.6201892226844657,-0.9614863916702531,-0.8526066181615414,0.6683082295904356,-0.4740491023904327
-0.4911735278257753,-0.6154915796172451,-0.6791456840737199,-0.3148734873096303,-0.5502079870438897,1.707499689688721,-0.9614863916702531,-0.8526066181615414,-0.23570666371461896,0.5719188028622934
0.16194730971731802,0.7649976209279952,-0.6791456840737199,0.8065414765793012,-0.03594587230568093,-0.6201892226844657,-0.05778754527941421,-0.8526066181615414,0.894311952916699,0.9454787690239813
0.9783483566461847,0.7649976209279952,2.114727885669848,1.3672489585237668,0.2211851850634235,1.707499689688721,0.8459113011114247,1.181169172522664,-0.11980731841909924,0.39950651078766813
-0.0013328996684553085,0.7649976209279952,0.5625759024789769,-0.3148734873096303,2.1496681153317065,-1.3960855268088614,0.8459113011114247,0.8260654630381202,1.2709848251271383,-0.3886639672677615
-0.9810141559830953,-1.1676872598353414,-0.6791456840737199,-1.1559347102263289,-0.03594587230568093,-0.6201892226844657,-0.9614863916702531,-0.8526066181615414,-1.742398152556376,-1.669440994107834
0.48850772848886465,1.0410954610370433,0.5625759024789769,0.8065414765793012,-0.16451140099023315,-0.6201892226844657,0.8459113011114247,0.3224638386782219,0.6683082295904356,0.4224948163976181
-0.0013328996684553085,0.7649976209279952,-0.6791456840737199,0.8065414765793012,1.6354060005934978,-0.6201892226844657,0.8459113011114247,-0.8526066181615414,1.2709848251271383,1.3190387351856692
-0.6544537372115486,-0.6154915796172451,-0.6791456840737199,-0.5952272282818631,-0.42164245835933756,0.1557070814399298,-0.9614863916702531,-0.8526066181615414,0.2665238325659667,0.322878825421168
-0.8177339465973219,-0.6154915796172451,-0.058284890797371494,-0.5952272282818631,-0.5502079870438897,-0.6201892226844657,-0.9614863916702531,2.0850695239378667,1.2709848251271383,1.3190387351856692
-0.6544537372115486,-0.8915894197262932,-0.3687152874355457,-0.5952272282818631,-0.16451140099023315,0.9316033855643254,0.8459113011114247,0.1266187625382613,-0.7379371599952047,0.322878825421168
-0.8177339465973219,-0.6154915796172451,-0.058284890797371494,-0.5952272282818631,0.4783162424325279,0.1557070814399298,-0.05778754527941421,2.0850695239378667,1.2709848251271383,1.3190387351856692
-0.8177339465973219,-0.6154915796172451,-0.058284890797371494,-0.5952272282818631,-1.193035630466651,-2.171981830933257,-0.9614863916702531,2.0850695239378667,1.2709848251271383,1.3190387351856692
0.32522751910309133,1.0410954610370433,0.5625759024789769,1.086895217551534,0.6068817711170802,1.707499689688721,0.8459113011114247,0.4530272227715288,0.9361644942734143,0.9869854319308353
-0.32789331844000197,-0.063295899399149,-0.3687152874355457,-0.3148734873096303,-0.678773515728442,0.9316033855643254,-0.05778754527941421,-0.26507138974165967,0.6683082295904356,0.12364684346826783
-0.32789331844000197,-0.6154915796172451,-0.6791456840737199,-0.3148734873096303,-0.5502079870438897,1.707499689688721,-0.9614863916702531,-0.8526066181615414,-0.5370449614829703,0.12364684346826783
0.32522751910309133,1.0410954610370433,1.8042974890316739,1.086895217551534,3.049626816123572,-0.6201892226844657,1.7496101475022634,1.758661063704599,0.9361644942734143,0.9869854319308353
-0.6544537372115486,-0.6154915796172451,-0.3687152874355457,-0.5952272282818631,1.121143885855289,-2.171981830933257,-0.05778754527941421,0.1266187625382613,0.2665238325659667,0.322878825421168
-0.6544537372115486,-0.8915894197262932,-0.3687152874355457,-0.5952272282818631,-0.42164245835933756,0.1557070814399298,-0.9614863916702531,0.1266187625382613,-0.7379371599952047,0.322878825421168
-0.32789331844000197,-0.6154915796172451,-0.3687152874355457,-0.3148734873096303,-0.678773515728442,0.1557070814399298,-0.9614863916702531,-0.26507138974165967,-0.5370449614829703,0.12364684346826783
-0.4911735278257753,-0.33939373950819707,-0.6791456840737199,-0.3148734873096303,-0.8073390444129942,-0.6201892226844657,-0.05778754527941421,-0.8526066181615414,0.5176390807062596,0.5719188028622934
0.9783483566461847,1.3171933011460915,0.2521455058408027,2.2083101814404653,0.4783162424325279,-0.6201892226844657,-0.05778754527941421,-0.1746813546001397,0.3437900627629799,1.0891556790861694
-0.8177339465973219,-0.8915894197262932,-0.058284890797371494,-0.5952272282818631,-0.9359045730975464,-0.6201892226844657,-0.05778754527941421,2.0850695239378667,-0.23570666371461896,1.3190387351856692
0.8150681472604113,1.3171933011460915,0.8730062991171511,1.086895217551534,0.09261965637887129,0.1557070814399298,-0.9614863916702531,0.3714251077132121,0.5176390807062596,0.322878825421168
-0.9810141559830953,-1.1676872598353414,-0.6791456840737199,-1.1559347102263289,-0.03594587230568093,0.9316033855643254,-0.05778754527941421,-0.8526066181615414,-1.742398152556376,-1.669440994107834
-0.9810141559830953,-1.1676872598353414,-0.6791456840737199,-1.1559347102263289,-1.3216011591512031,-0.6201892226844657,-0.9614863916702531,-0.8526066181615414,-1.742398152556376,-1.669440994107834
0.8150681472604113,1.3171933011460915,-0.058284890797371494,1.086895217551534,0.2211851850634235,-0.6201892226844657,-0.05778754527941421,-0.3629939278116402,0.5176390807062596,0.322878825421168
0.16194730971731802,0.7649976209279952,-0.6791456840737199,0.8065414765793012,2.2782336440162587,0.1557070814399298,0.8459113011114247,-0.8526066181615414,0.894311952916699,0.9454787690239813
1.141628566031958,1.0410954610370433,1.1834366957553253,1.3672489585237668,0.6068817711170802,0.1557070814399298,1.7496101475022634,0.4063974427382047,-0.020465022451510873,0.2517245461522753
-0.6544537372115486,-0.6154915796172451,-0.3687152874355457,-0.5952272282818631,-0.8073390444129942,0.1557070814399298,-0.9614863916702531,0.1266187625382613,0.2665238325659667,0.322878825421168
-0.32789331844000197,-0.33939373950819707,-0.6791456840737199,-1.1559347102263289,-0.5502079870438897,0.9316033855643254,-0.05778754527941421,-0.8526066181615414,0.06563163405373243,-1.669440994107834
1.3049087754177313,1.3171933011460915,2.4251582823080224,1.6476026994959998,0.6068817711170802,-0.6201892226844657,-0.05778754527941421,1.105844143238064,0.06563163405373243,0.322878825421168
-0.9810141559830953,-1.1676872598353414,-0.6791456840737199,-1.1559347102263289,-1.3216011591512031,0.1557070814399298,-0.9614863916702531,-0.8526066181615414,-1.742398152556376,-1.669440994107834
-1.1442943653688686,-1.1676872598353414,-0.6791456840737199,-1.1559347102263289,-0.9359045730975464,-0.6201892226844657,-0.9614863916702531,-0.8526066181615414,-1.742398152556376,-1.669440994107834
-0.9810141559830953,-1.1676872598353414,-0.6791456840737199,-1.1559347102263289,-1.3216011591512031,-0.6201892226844657,-0.9614863916702531,-0.8526066181615414,-1.742398152556376,-1.669440994107834
-0.8177339465973219,-0.6154915796172451,-0.058284890797371494,-0.5952272282818631,0.6068817711170802,-0.6201892226844657,0.8459113011114247,2.0850695239378667,1.2709848251271383,1.3190387351856692
0.48850772848886465,0.7649976209279952,-0.6791456840737199,-0.0345197463373974,-0.16451140099023315,0.1557070814399298,-0.05778754527941421,-0.8526066181615414,0.3669699318220838,-0.4740491023904327
-0.32789331844000197,-0.33939373950819707,-0.3687152874355457,-0.3148734873096303,-0.678773515728442,0.1557070814399298,-0.9614863916702531,-0.26507138974165967,0.06563163405373243,0.12364684346826783
-0.6544537372115486,-0.6154915796172451,-0.3687152874355457,-0.5952272282818631,-0.9359045730975464,-0.6201892226844657,-0.05778754527941421,0.1266187625382613,0.2665238325659667,0.322878825421168
-0.32789331844000197,-0.063295899399149,-0.6791456840737199,-0.5952272282818631,-0.42164245835933756,1.707499689688721,-0.9614863916702531,-0.8526066181615414,0.6683082295904356,-0.4740491023904327
-0.32789331844000197,-0.063295899399149,-0.3687152874355457,-0.5952272282818631,-0.03594587230568093,0.9316033855643254,-0.05778754527941421,-0.26507138974165967,0.6683082295904356,-0.4740491023904327
-1.1442943653688686,-1.1676872598353414,-0.6791456840737199,-1.1559347102263289,-0.42164245835933756,-0.6201892226844657,-0.9614863916702531,-0.8526066181615414,-1.742398152556376,-1.669440994107834
-0.9810141559830953,-1.1676872598353414,-0.6791456840737199,-1.1559347102263289,-1.3216011591512031,-0.6201892226844657,-0.9614863916702531,-0.8526066181615414,-1.742398152556376,-1.669440994107834
-0.4911735278257753,-0.6154915796172451,-0.3687152874355457,-0.3148734873096303,-0.8073390444129942,1.707499689688721,-0.05778754527941421,-0.11818758263668933,-0.23570666371461896,0.5719188028622934
-0.6544537372115486,-0.6154915796172451,-0.3687152874355457,-0.5952272282818631,-0.16451140099023315,0.1557070814399298,-0.05778754527941421,0.1266187625382613,0.2665238325659667,0.322878825421168
-0.6544537372115486,-0.6154915796172451,-0.6791456840737199,-0.5952272282818631,-0.9359045730975464,0.1557070814399298,-0.9614863916702531,-0.8526066181615414,0.2665238325659667,0.322878825421168
0.16194730971731802,0.48889978081894714,-0.3687152874355457,0.8065414765793012,-0.42164245835933756,-0.6201892226844657,-0.05778754527941421,-0.4853971003991153,0.5176390807062596,0.9454787690239813
-1.1442943653688686,-1.1676872598353414,-0.6791456840737199,-1.1559347102263289,0.34975071374797573,2.4833959938131165,-0.05778754527941421,-0.8526066181615414,-1.742398152556376,-1.669440994107834
-0.32789331844000197,-0.6154915796172451,-0.6791456840737199,-1.1559347102263289,-0.16451140099023315,1.707499689688721,0.8459113011114247,-0.8526066181615414,-0.5370449614829703,-1.669440994107834
1.141628566031958,1.3171933011460915,-0.3687152874355457,2.2083101814404653,1.8925370579626022,-0.6201892226844657,1.7496101475022634,-0.6427726080115836,0.19477661881159755,0.8921130595723115
0.32522751910309133,0.7649976209279952,-0.6791456840737199,0.8065414765793012,-0.03594587230568093,-0.6201892226844657,-0.9614863916702531,-0.8526066181615414,0.6013441634196907,0.6549321286760018
2.1213098223465976,0.48889978081894714,3.666879868860719,3.6100788863016295,1.6354060005934978,-1.3960855268088614,1.7496101475022634,1.203766681308044,-0.8383832592513218,0.8707667757916436
-0.8177339465973219,-1.1676872598353414,-0.058284890797371494,-0.5952272282818631,-0.2930769296747854,0.1557070814399298,0.8459113011114247,2.0850695239378667,-1.742398152556376,1.3190387351856692
0.9783483566461847,2.1454868214732357,0.8730062991171511,-0.8755809692540959,1.5068404719089457,-0.6201892226844657,1.7496101475022634,0.27726882110746165,1.039186134536099,-1.4395579380083339
0.651787937874638,1.0410954610370433,0.2521455058408027,-0.3148734873096303,-0.03594587230568093,0.1557070814399298,0.8459113011114247,-0.051422215770793755,0.44915310394072533,-0.8544010679368786
-0.4911735278257753,-0.33939373950819707,-0.3687152874355457,-0.5952272282818631,-0.8073390444129942,-0.6201892226844657,-0.05778754527941421,-0.11818758263668933,0.5176390807062596,-0.17520112946108243
-0.32789331844000197,-0.063295899399149,-0.3687152874355457,-1.1559347102263289,0.4783162424325279,0.1557070814399298,-0.9614863916702531,-0.26507138974165967,0.6683082295904356,-1.669440994107834
0.48850772848886465,1.3171933011460915,1.8042974890316739,0.5261877356070683,-0.16451140099023315,0.1557070814399298,0.8459113011114247,1.4975342955179851,0.9696465273587869,0.12364684346826783
-0.0013328996684553085,-0.6154915796172451,1.4938670923934996,0.8065414765793012,-0.5502079870438897,-0.6201892226844657,-0.9614863916702531,2.0850695239378667,-0.8814315875039436,1.3190387351856692
4.080672334975878,0.48889978081894714,3.3564494722225446,1.3672489585237668,2.6639302300699153,-0.6201892226844657,1.7496101475022634,0.34082431456634316,-1.1773888442407172,-0.8289310702440362
0.651787937874638,1.5932911412551394,0.8730062991171511,0.8065414765793012,0.09261965637887129,0.9316033855643254,-0.9614863916702531,0.4827007191563712,0.9970409180650008,0.23231883362439526
-0.9810141559830953,-1.1676872598353414,-0.6791456840737199,-1.1559347102263289,-0.9359045730975464,0.1557070814399298,-0.9614863916702531,-0.8526066181615414,-1.742398152556376,-1.669440994107834
0.48850772848886465,1.0410954610370433,0.2521455058408027,0.8065414765793012,-0.16451140099023315,-0.6201892226844657,-0.05778754527941421,0.02869622446828104,0.6683082295904356,0.4224948163976181
-0.0013328996684553085,0.7649976209279952,-0.6791456840737199,0.8065414765793012,-0.2930769296747854,0.1557070814399298,-0.05778754527941421,-0.8526066181615414,1.2709848251271383,1.3190387351856692
-0.32789331844000197,-0.33939373950819707,-0.6791456840737199,-0.5952272282818631,-0.8073390444129942,-0.6201892226844657,-0.05778754527941421,-0.8526066181615414,0.06563163405373243,-0.4740491023904327
-0.32789331844000197,-0.063295899399149,-0.6791456840737199,-0.3148734873096303,-0.42164245835933756,0.1557070814399298,-0.9614863916702531,-0.8526066181615414,0.6683082295904356,0.12364684346826783
2.1213098223465976,1.0410954610370433,3.3564494722225446,1.3672489585237668,1.6354060005934978,0.1557070814399298,0.8459113011114247,1.056882874203074,-0.5370449614829703,-0.32462511592575755
0.16194730971731802,-0.063295899399149,1.4938670923934996,-0.8755809692540959,-0.2930769296747854,1.707499689688721,-0.05778754527941421,1.7178600061754405,-0.23570666371461896,-1.2958810279461461
1.3049087754177313,2.6976825016913315,0.8730062991171511,0.8065414765793012,0.4783162424325279,0.1557070814399298,-0.05778754527941421,0.1266187625382613,1.0700926266149038,-0.27481712043753254
2.284590031732371,0.7649976209279952,1.4938670923934996,0.8065414765793012,1.2497094145398413,-0.6201892226844657,1.7496101475022634,0.1266187625382613,-0.7379371599952047,-0.673281084343333
-0.9810141559830953,-0.8915894197262932,-0.6791456840737199,-1.1559347102263289,-1.193035630466651,0.1557070814399298,-0.9614863916702531,-0.8526066181615414,1.2709848251271383,-1.669440994107834
-0.8177339465973219,-0.6154915796172451,-0.058284890797371494,-0.5952272282818631,-0.42164245835933756,-0.6201892226844657,-0.05778754527941421,2.0850695239378667,1.2709848251271383,1.3190387351856692
0.48850772848886465,1.0410954610370433,1.4938670923934996,0.8065414765793012,-0.16451140099023315,0.9316033855643254,0.8459113011114247,1.203766681308044,0.6683082295904356,0.4224948163976181
-0.32789331844000197,-0.33939373950819707,0.5625759024789769,-0.5952272282818631,-0.678773515728442,1.707499689688721,-0.9614863916702531,1.4975342955179851,0.06563163405373243,-0.4740491023904327
-0.0013328996684553085,-0.8915894197262932,-0.058284890797371494,0.24583399463483546,0.09261965637887129,-0.6201892226844657,-0.05778754527941421,-0.01327057756171052,-1.31191487003016,0.46518738395895404
-0.6544537372115486,-0.6154915796172451,-0.3687152874355457,-0.5952272282818631,-0.5502079870438897,0.1557070814399298,-0.9614863916702531,0.1266187625382613,0.2665238325659667,0.322878825421168
0.16194730971731802,0.7649976209279952,1.4938670923934996,0.8065414765793012,0.8640128284861845,-0.6201892226844657,-0.05778754527941421,1.7178600061754405,0.894311952916699,0.9454787690239813
-0.9810141559830953,-1.1676872598353414,-0.6791456840737199,-1.1559347102263289,-0.8073390444129942,-0.6201892226844657,-0.9614863916702531,-0.8526066181615414,-1.742398152556376,-1.669440994107834
-0.8177339465973219,-0.6154915796172451,-0.058284890797371494,-0.5952272282818631,-0.42164245835933756,2.4833959938131165,-0.05778754527941421,2.0850695239378667,1.2709848251271383,1.3190387351856692
0.48850772848886465,1.0410954610370433,1.1834366957553253,0.8065414765793012,-0.16451140099023315,0.9316033855643254,-0.05778754527941421,0.9099990670981034,0.6683082295904356,0.4224948163976181
-0.16461310905422863,-0.33939373950819707,-0.3687152874355457,-0.5952272282818631,-0.16451140099023315,-0.6201892226844657,-0.05778754527941421,-0.3629939278116402,-0.23570666371461896,-0.673281084343333
-0.6544537372115486,-1.1676872598353414,-0.3687152874355457,-0.5952272282818631,-1.0644701017820986,0.1557070814399298,-0.9614863916702531,0.1266187625382613,-1.742398152556376,0.322878825421168
-0.4911735278257753,-0.6154915796172451,-0.3687152874355457,-0.3148734873096303,-0.2930769296747854,0.1557070814399298,0.8459113011114247,-0.11818758263668933,-0.23570666371461896,0.5719188028622934
-0.9810141559830953,-1.1676872598353414,-0.6791456840737199,-1.1559347102263289,-1.3216011591512031,-0.6201892226844657,-0.9614863916702531,-0.8526066181615414,-1.742398152556376,-1.669440994107834
4.243952544361651,0.7649976209279952,-0.3687152874355457,1.3672489585237668,2.9210612874390196,0.9316033855643254,0.8459113011114247,-0.7635861290070138,-1.1031957027447217,-0.8544010679368786
-0.32789331844000197,-0.6154915796172451,-0.3687152874355457,-0.0345197463373974,-0.5502079870438897,-0.6201892226844657,-0.05778754527941421,-0.26507138974165967,-0.5370449614829703,0.7213427893269687
-0.16461310905422863,0.21280194070989908,-0.3687152874355457,-0.5952272282818631,-0.2930769296747854,0.1557070814399298,-0.05778754527941421,-0.3629939278116402,0.7687543288465527,-0.673281084343333
0.16194730971731802,-0.6154915796172451,1.4938670923934996,0.5261877356070683,-0.16451140099023315,0.1557070814399298,-0.9614863916702531,1.7178600061754405,-0.9890524081354976,0.5719188028622934
-0.9810141559830953,-1.1676872598353414,-0.6791456840737199,-1.1559347102263289,-1.3216011591512031,0.9316033855643254,-0.9614863916702531,-0.8526066181615414,-1.742398152556376,-1.669440994107834
4.733793172518971,0.48889978081894714,-0.058284890797371494,2.488663922412698,3.1781923448081244,0.1557070814399298,2.6533089938931025,-0.6894023880449077,-1.2401676562757906,-0.5902677585296245
-0.8177339465973219,-0.6154915796172451,-0.058284890797371494,-0.8755809692540959,-0.2930769296747854,0.1557070814399298,-0.05778754527941421,2.0850695239378667,1.2709848251271383,-0.17520112946108243
-0.9810141559830953,-1.1676872598353414,-0.6791456840737199,-1.1559347102263289,-1.3216011591512031,1.707499689688721,-0.9614863916702531,-0.8526066181615414,-1.742398152556376,-1.669440994107834
0.32522751910309133,1.0410954610370433,1.4938670923934996,0.8065414765793012,-0.16451140099023315,0.1557070814399298,-0.05778754527941421,1.4322526034713317,0.9361644942734143,0.6549321286760018
-0.6544537372115486,-0.6154915796172451,-0.3687152874355457,-0.5952272282818631,-0.42164245835933756,1.707499689688721,-0.05778754527941421,0.1266187625382613,0.2665238325659667,0.322878825421168
-0.9810141559830953,-1.1676872598353414,-0.6791456840737199,-1.1559347102263289,0.4783162424325279,1.707499689688721,-0.05778754527941421,-0.8526066181615414,-1.742398152556376,-1.669440994107834
0.48850772848886465,1.3171933011460915,-0.3687152874355457,0.24583399463483546,-0.16451140099023315,0.1557070814399298,-0.9614863916702531,-0.5588390039516005,0.9696465273587869,-0.17520112946108243
-0.32789331844000197,-0.6154915796172451,-0.6791456840737199,-0.0345197463373974,-0.16451140099023315,0.9316033855643254,-0.05778754527941421,-0.8526066181615414,-0.5370449614829703,0.7213427893269687
-0.0013328996684553085,0.48889978081894714,1.4938670923934996,0.5261877356070683,-0.03594587230568093,0.1557070814399298,0.8459113011114247,2.0850695239378667,0.8405015426009218,0.8921130595723115
-0.16461310905422863,-0.063295899399149,-0.3687152874355457,-0.3148734873096303,-0.678773515728442,-2.171981830933257,-0.05778754527941421,-0.3629939278116402,0.2665238325659667,-0.17520112946108243
-0.9810141559830953,-1.1676872598353414,-0.6791456840737199,-1.1559347102263289,2.0211025866471544,-0.6201892226844657,2.6533089938931025,-0.8526066181615414,-1.742398152556376,-1.669440994107834
-0.8177339465973219,-0.6154915796172451,-0.058284890797371494,-0.5952272282818631,-0.9359045730975464,-0.6201892226844657,-0.9614863916702531,2.0850695239378667,1.2709848251271383,1.3190387351856692
-0.6544537372115486,-0.6154915796172451,-0.6791456840737199,-0.5952272282818631,-0.2930769296747854,0.1557070814399298,-0.05778754527941421,-0.8526066181615414,0.2665238325659667,0.322878825421168
-0.9810141559830953,-1.1676872598353414,-0.6791456840737199,-0.8755809692540959,1.6354060005934978,-0.6201892226844657,2.6533089938931025,-0.8526066181615414,-1.742398152556376,1.3190387351856692
0.48850772848886465,1.3171933011460915,1.1834366957553253,1.086895217551534,-0.16451140099023315,0.1557070814399298,-0.05778754527941421,0.9099990670981034,0.9696465273587869,0.7213427893269687
0.16194730971731802,-0.6154915796172451,1.4938670923934996,0.8065414765793012,-0.42164245835933756,0.1557070814399298,-0.05778754527941421,1.7178600061754405,-0.9890524081354976,0.9454787690239813
-0.32789331844000197,-0.063295899399149,-0.3687152874355457,-0.5952272282818631,-0.8073390444129942,-0.6201892226844657,-0.05778754527941421,-0.26507138974165967,0.6683082295904356,-0.4740491023904327
-0.16461310905422863,-0.063295899399149,-0.6791456840737199,-0.5952272282818631,-0.42164245835933756,-2.171981830933257,-0.9614863916702531,-0.8526066181615414,0.2665238325659667,-0.673281084343333
-0.9810141559830953,-1.1676872598353414,-0.6791456840737199,-0.8755809692540959,-1.3216011591512031,1.707499689688721,-0.9614863916702531,-0.8526066181615414,-1.742398152556376,1.3190387351856692
3.1009910786612376,-1.1676872598353414,-0.6791456840737199,2.2083101814404653,2.0211025866471544,1.707499689688721,1.7496101475022634,-0.8526066181615414,-1.742398152556376,-0.2901426575108326
-0.9810141559830953,-0.8915894197262932,-0.6791456840737199,-1.1559347102263289,-1.3216011591512031,0.1557070814399298,-0.9614863916702531,-0.8526066181615414,1.2709848251271383,-1.669440994107834
-0.4911735278257753,-0.6154915796172451,-0.3687152874355457,-0.3148734873096303,-0.9359045730975464,-0.6201892226844657,-0.9614863916702531,-0.11818758263668933,-0.23570666371461896,0.5719188028622934
3.754111916204331,1.0410954610370433,3.0460190755843706,2.488663922412698,2.6639302300699153,0.1557070814399298,1.7496101475022634,0.3224638386782219,-0.9388293585074392,-0.3744331114139828
-0.6544537372115486,-0.6154915796172451,-0.6791456840737199,-0.5952272282818631,-0.678773515728442,0.1557070814399298,-0.9614863916702531,-0.8526066181615414,0.2665238325659667,0.322878825421168
2.4478702411181446,0.7649976209279952,-0.3687152874355457,1.6476026994959998,1.5068404719089457,0.9316033855643254,2.6533089938931025,-0.7190758844297501,-0.7835944778388944,-0.3110411171562419
-0.16461310905422863,-0.063295899399149,-0.3687152874355457,-0.8755809692540959,-0.678773515728442,0.1557070814399298,-0.9614863916702531,-0.3629939278116402,0.2665238325659667,-1.1713610392255835
0.48850772848886465,0.7649976209279952,-0.3687152874355457,-0.0345197463373974,-0.16451140099023315,0.1557070814399298,-0.05778754527941421,-0.5588390039516005,0.3669699318220838,-0.4740491023904327
0.48850772848886465,0.7649976209279952,0.5625759024789769,0.24583399463483546,-0.16451140099023315,-0.6201892226844657,-0.05778754527941421,0.3224638386782219,0.3669699318220838,-0.17520112946108243
-0.32789331844000197,-0.6154915796172451,-0.6791456840737199,-0.3148734873096303,-0.16451140099023315,0.1557070814399298,-0.05778754527941421,-0.8526066181615414,-0.5370449614829703,0.12364684346826783
-0.6544537372115486,-0.6154915796172451,-0.3687152874355457,-0.8755809692540959,-0.5502079870438897,-0.6201892226844657,-0.05778754527941421,0.1266187625382613,0.2665238325659667,-0.673281084343333
0.32522751910309133,0.7649976209279952,1.4938670923934996,-0.5952272282818631,-0.2930769296747854,0.1557070814399298,-0.05778754527941421,1.4322526034713317,0.6013441634196907,-1.0053343875981666
0.32522751910309133,0.48889978081894714,-0.3687152874355457,-0.0345197463373974,-0.16451140099023315,0.1557070814399298,-0.9614863916702531,-0.5261981579282737,0.2665238325659667,-0.3412277810884993
-0.0013328996684553085,0.7649976209279952,1.4938670923934996,0.8065414765793012,-0.16451140099023315,0.1557070814399298,-0.05778754527941421,2.0850695239378667,1.2709848251271383,1.3190387351856692
-0.0013328996684553085,0.7649976209279952,-0.6791456840737199,0.8065414765793012,-0.5502079870438897,0.1557070814399298,-0.9614863916702531,-0.8526066181615414,1.2709848251271383,1.3190387351856692
1.4681889848035046,2.9737803418003796,-0.3687152874355457,1.6476026994959998,0.6068817711170802,-0.6201892226844657,-0.05778754527941421,-0.6690018592803283,1.0826483890219187,0.19835883670060547
-0.32789331844000197,-0.33939373950819707,-0.6791456840737199,-1.1559347102263289,-0.678773515728442,1.707499689688721,-0.05778754527941421,-0.8526066181615414,0.06563163405373243,-1.669440994107834
-0.8177339465973219,-0.6154915796172451,-0.058284890797371494,-0.5952272282818631,-1.0644701017820986,-0.6201892226844657,-0.9614863916702531,2.0850695239378667,1.2709848251271383,1.3190387351856692
-1.1442943653688686,-1.1676872598353414,-0.6791456840737199,-1.1559347102263289,-1.4501666878357553,-0.6201892226844657,-0.9614863916702531,-0.8526066181615414,-1.742398152556376,-1.669440994107834
-0.32789331844000197,-0.6154915796172451,-0.3687152874355457,-1.1559347102263289,2.0211025866471544,-0.6201892226844657,2.6533089938931025,-0.26507138974165967,-0.5370449614829703,-1.669440994107834
0.48850772848886465,1.0410954610370433,-0.6791456840737199,0.8065414765793012,-0.03594587230568093,0.1557070814399298,-0.05778754527941421,-0.8526066181615414,0.6683082295904356,0.4224948163976181
1.794749403575051,2.9737803418003796,3.666879868860719,2.2083101814404653,0.8640128284861845,-0.6201892226844657,0.8459113011114247,1.4322526034713317,0.7687543288465527,0.322878825421168
1.141628566031958,1.8693889813641875,-0.058284890797371494,1.3672489585237668,0.4783162424325279,1.707499689688721,-0.05778754527941421,-0.4329385978616261,0.6252599013378137,0.2517245461522753
-0.4911735278257753,-0.33939373950819707,-0.6791456840737199,-0.5952272282818631,-0.2930769296747854,-0.6201892226844657,-0.05778754527941421,-0.8526066181615414,0.5176390807062596,-0.17520112946108243
0.32522751910309133,-0.6154915796172451,0.2521455058408027,1.086895217551534,-0.16451140099023315,-0.6201892226844657,-0.05778754527941421,0.1266187625382613,-1.0727574908489286,0.9869854319308353
0.48850772848886465,0.7649976209279952,0.2521455058408027,1.3672489585237668,-0.16451140099023315,0.1557070814399298,-0.05778754527941421,0.02869622446828104,0.3669699318220838,1.0201907622563189
-0.32789331844000197,-0.063295899399149,-0.6791456840737199,-0.5952272282818631,-0.16451140099023315,2.4833959938131165,0.8459113011114247,-0.8526066181615414,0.6683082295904356,-0.4740491023904327
0.9783483566461847,2.1454868214732357,1.1834366957553253,-1.1559347102263289,0.4783162424325279,0.1557070814399298,0.8459113011114247,0.5032439089612623,1.039186134536099,-1.669440994107834
0.16194730971731802,-0.063295899399149,1.4938670923934996,0.8065414765793012,-0.42164245835933756,-0.6201892226844657,-0.9614863916702531,1.7178600061754405,-0.23570666371461896,0.9454787690239813
-0.4911735278257753,-0.6154915796172451,0.2521455058408027,-0.3148734873096303,0.8640128284861845,-0.6201892226844657,0.8459113011114247,1.3506504884130146,-0.23570666371461896,0.5719188028622934
0.48850772848886465,0.7649976209279952,-0.6791456840737199,-0.5952272282818631,0.34975071374797573,0.1557070814399298,-0.05778754527941421,-0.8526066181615414,0.3669699318220838,-1.0717450482491333
-0.8177339465973219,-0.6154915796172451,-0.058284890797371494,-0.5952272282818631,1.5068404719089457,0.1557070814399298,1.7496101475022634,2.0850695239378667,1.2709848251271383,1.3190387351856692
-0.8177339465973219,-0.6154915796172451,-0.058284890797371494,-0.5952272282818631,-0.5502079870438897,-0.6201892226844657,-0.05778754527941421,2.0850695239378667,1.2709848251271383,1.3190387351856692
-0.16461310905422863,-0.33939373950819707,-0.3687152874355457,-0.3148734873096303,-0.678773515728442,-0.6201892226844657,-0.9614863916702531,-0.3629939278116402,-0.23570666371461896,-0.17520112946108243
-0.6544537372115486,-0.6154915796172451,-0.6791456840737199,-0.5952272282818631,-0.8073390444129942,-2.171981830933257,-0.9614863916702531,-0.8526066181615414,0.2665238325659667,0.322878825421168
-0.4911735278257753,-0.6154915796172451,-0.3687152874355457,-0.5952272282818631,-0.678773515728442,-2.171981830933257,-0.9614863916702531,-0.11818758263668933,-0.23570666371461896,-0.17520112946108243
-0.4911735278257753,-0.6154915796172451,-0.6791456840737199,-0.3148734873096303,-0.16451140099023315,0.1557070814399298,-0.9614863916702531,-0.8526066181615414,-0.23570666371461896,0.5719188028622934
-0.32789331844000197,-0.6154915796172451,-0.3687152874355457,-0.0345197463373974,-0.42164245835933756,-0.6201892226844657,-0.05778754527941421,-0.26507138974165967,-0.5370449614829703,0.7213427893269687
-0.6544537372115486,-0.6154915796172451,-0.6791456840737199,-0.5952272282818631,-0.2930769296747854,2.4833959938131165,0.8459113011114247,-0.8526066181615414,0.2665238325659667,0.322878825421168
-0.0013328996684553085,0.7649976209279952,-0.6791456840737199,0.8065414765793012,-0.5502079870438897,2.4833959938131165,-0.05778754527941421,-0.8526066181615414,1.2709848251271383,1.3190387351856692
-0.32789331844000197,-0.063295899399149,-0.3687152874355457,-1.1559347102263289,-0.5502079870438897,0.1557070814399298,-0.05778754527941421,-0.26507138974165967,0.6683082295904356,-1.669440994107834
-0.4911735278257753,-0.6154915796172451,-0.3687152874355457,-0.5952272282818631,2.0211025866471544,-0.6201892226844657,1.7496101475022634,-0.11818758263668933,-0.23570666371461896,-0.17520112946108243
1.141628566031958,1.8693889813641875,-0.3687152874355457,1.9279564404682326,0.9925783571707368,0.1557070814399298,0.8459113011114247,-0.6427726080115836,0.6252599013378137,0.6786502217656327
-0.8177339465973219,-0.6154915796172451,-0.058284890797371494,-0.5952272282818631,-1.193035630466651,0.1557070814399298,-0.9614863916702531,2.0850695239378667,1.2709848251271383,1.3190387351856692
0.651787937874638,1.0410954610370433,1.4938670923934996,1.3672489585237668,-0.03594587230568093,-0.6201892226844657,-0.05778754527941421,1.0168236540835365,0.44915310394072533,0.7756787844050324
-0.4911735278257753,-0.33939373950819707,-0.3687152874355457,-0.3148734873096303,0.4783162424325279,0.9316033855643254,-0.9614863916702531,-0.11818758263668933,0.5176390807062596,0.5719188028622934
1.3049087754177313,1.8693889813641875,-0.058284890797371494,2.2083101814404653,2.406799172700811,0.1557070814399298,1.7496101475022634,-0.46091646588162033,0.46741603107820096,0.7213427893269687
-0.6544537372115486,-0.6154915796172451,-0.3687152874355457,-0.5952272282818631,-0.9359045730975464,2.4833959938131165,-0.05778754527941421,0.1266187625382613,0.2665238325659667,0.322878825421168
-0.32789331844000197,-0.063295899399149,-0.6791456840737199,-0.0345197463373974,0.2211851850634235,0.1557070814399298,-0.05778754527941421,-0.8526066181615414,0.6683082295904356,0.7213427893269687
0.48850772848886465,1.0410954610370433,0.5625759024789769,0.8065414765793012,3.1781923448081244,2.4833959938131165,1.7496101475022634,0.3224638386782219,0.6683082295904356,0.4224948163976181
1.141628566031958,1.5932911412551394,1.1834366957553253,1.9279564404682326,0.34975071374797573,0.1557070814399298,1.7496101475022634,0.4063974427382047,0.4100182600747056,0.6786502217656327
0.651787937874638,1.3171933011460915,1.1834366957553253,0.8065414765793012,0.2211851850634235,-0.6201892226844657,-0.05778754527941421,0.7497621866199539,0.723097011002863,0.23231883362439526
0.9783483566461847,1.8693889813641875,-0.058284890797371494,1.3672489585237668,0.9925783571707368,0.9316033855643254,-0.05778754527941421,-0.4006564424539402,0.8073874439450591,0.39950651078766813
0.48850772848886465,-1.1676872598353414,-0.6791456840737199,1.3672489585237668,-0.16451140099023315,0.1557070814399298,-0.05778754527941421,-0.8526066181615414,-1.742398152556376,1.0201907622563189
-0.16461310905422863,-0.6154915796172451,-0.6791456840737199,-0.0345197463373974,-0.678773515728442,1.707499689688721,-0.05778754527941421,-0.8526066181615414,-0.7379371599952047,0.322878825421168
0.32522751910309133,0.21280194070989908,-0.3687152874355457,0.5261877356070683,-0.16451140099023315,0.9316033855643254,-0.05778754527941421,-0.5261981579282737,-0.06829649828775697,0.322878825421168
0.48850772848886465,-1.1676872598353414,-0.6791456840737199,-0.5952272282818631,-0.16451140099023315,-0.6201892226844657,-0.05778754527941421,-0.8526066181615414,-1.742398152556376,-1.0717450482491333
-0.8177339465973219,-0.6154915796172451,-0.058284890797371494,-0.5952272282818631,0.7354472998016324,-0.6201892226844657,-0.9614863916702531,2.0850695239378667,1.2709848251271383,1.3190387351856692
-0.4911735278257753,-0.33939373950819707,0.2521455058408027,-0.3148734873096303,-0.9359045730975464,0.1557070814399298,-0.9614863916702531,1.3506504884130146,0.5176390807062596,0.5719188028622934
-0.6544537372115486,-0.6154915796172451,-0.3687152874355457,-0.5952272282818631,2.2782336440162587,-0.6201892226844657,1.7496101475022634,0.1266187625382613,0.2665238325659667,0.322878825421168
0.16194730971731802,0.7649976209279952,-0.6791456840737199,-1.1559347102263289,1.5068404719089457,-0.6201892226844657,1.7496101475022634,-0.8526066181615414,0.894311952916699,-1.669440994107834
-0.8177339465973219,-1.1676872598353414,-0.6791456840737199,-0.5952272282818631,1.2497094145398413,-0.6201892226844657,0.8459113011114247,-0.8526066181615414,-1.742398152556376,1.3190387351856692
-0.8177339465973219,-0.6154915796172451,-0.6791456840737199,-0.5952272282818631,-1.193035630466651,0.1557070814399298,-0.9614863916702531,-0.8526066181615414,1.2709848251271383,1.3190387351856692
-0.16461310905422863,0.21280194070989908,-0.3687152874355457,-0.5952272282818631,-0.5502079870438897,-0.6201892226844657,-0.05778754527941421,-0.3629939278116402,0.7687543288465527,-0.673281084343333
-0.6544537372115486,-0.6154915796172451,-0.6791456840737199,-0.5952272282818631,-0.16451140099023315,-0.6201892226844657,-0.05778754527941421,-0.8526066181615414,0.2665238325659667,0.322878825421168
-0.8177339465973219,-0.6154915796172451,-0.058284890797371494,-0.5952272282818631,-0.42164245835933756,-0.6201892226844657,-0.9614863916702531,2.0850695239378667,1.2709848251271383,1.3190387351856692
-0.32789331844000197,-0.063295899399149,-0.3687152874355457,-0.5952272282818631,-0.8073390444129942,-0.6201892226844657,-0.9614863916702531,-0.26507138974165967,0.6683082295904356,-0.4740491023904327
-1.1442943653688686,-1.1676872598353414,-0.6791456840737199,-1.1559347102263289,-0.5502079870438897,1.707499689688721,-0.9614863916702531,-0.8526066181615414,-1.742398152556376,-1.669440994107834
-0.4911735278257753,-0.33939373950819707,-0.3687152874355457,-0.5952272282818631,-0.03594587230568093,-0.6201892226844657,0.8459113011114247,-0.11818758263668933,0.5176390807062596,-0.17520112946108243
0.32522751910309133,0.7649976209279952,1.4938670923934996,0.8065414765793012,0.9925783571707368,0.1557070814399298,-0.9614863916702531,1.4322526034713317,0.6013441634196907,0.6549321286760018
-0.9810141559830953,-1.1676872598353414,-0.6791456840737199,-1.1559347102263289,-1.3216011591512031,-0.6201892226844657,-0.9614863916702531,-0.8526066181615414,-1.742398152556376,-1.669440994107834
-0.0013328996684553085,0.7649976209279952,0.8730062991171511,0.8065414765793012,-0.5502079870438897,1.707499689688721,-0.9614863916702531,1.2457334833380358,1.2709848251271383,1.3190387351856692
-0.4911735278257753,-0.6154915796172451,-0.3687152874355457,-0.5952272282818631,-0.42164245835933756,-1.3960855268088614,-0.9614863916702531,-0.11818758263668933,-0.23570666371461896,-0.17520112946108243
1.3049087754177313,1.5932911412551394,0.5625759024789769,2.488663922412698,0.4783162424325279,0.1557070814399298,-0.05778754527941421,-0.06922631360169937,0.2665238325659667,0.9205747712798689
-0.9810141559830953,-1.1676872598353414,-0.6791456840737199,-1.1559347102263289,0.9925783571707368,-0.6201892226844657,0.8459113011114247,-0.8526066181615414,-1.742398152556376,-1.669440994107834
1.141628566031958,1.8693889813641875,-0.058284890797371494,2.488663922412698,0.34975071374797573,2.4833959938131165,-0.9614863916702531,-0.4329385978616261,0.6252599013378137,1.1055758973789904
-0.16461310905422863,-0.33939373950819707,-0.3687152874355457,-0.3148734873096303,-0.678773515728442,-0.6201892226844657,-0.05778754527941421,-0.3629939278116402,-0.23570666371461896,-0.17520112946108243
0.48850772848886465,1.3171933011460915,1.8042974890316739,0.8065414765793012,-0.16451140099023315,0.1557070814399298,-0.9614863916702531,1.4975342955179851,0.9696465273587869,0.4224948163976181
-0.6544537372115486,-0.6154915796172451,-0.6791456840737199,-0.5952272282818631,-1.0644701017820986,-0.6201892226844657,-0.9614863916702531,-0.8526066181615414,0.2665238325659667,0.322878825421168
0.16194730971731802,0.7649976209279952,1.1834366957553253,0.8065414765793012,-0.2930769296747854,-0.6201892226844657,0.8459113011114247,1.3506504884130146,0.894311952916699,0.9454787690239813
-0.32789331844000197,-0.063295899399149,-0.3687152874355457,-0.0345197463373974,-0.678773515728442,-0.6201892226844657,-0.9614863916702531,-0.26507138974165967,0.6683082295904356,0.7213427893269687
0.48850772848886465,1.3171933011460915,1.8042974890316739,1.086895217551534,-0.16451140099023315,0.1557070814399298,-0.05778754527941421,1.4975342955179851,0.9696465273587869,0.7213427893269687
-0.32789331844000197,-0.33939373950819707,-0.6791456840737199,-0.0345197463373974,-0.8073390444129942,-1.3960855268088614,-0.9614863916702531,-0.8526066181615414,0.06563163405373243,0.7213427893269687
0.48850772848886465,1.0410954610370433,1.8042974890316739,0.8065414765793012,-0.16451140099023315,0.1557070814399298,0.8459113011114247,1.4975342955179851,0.6683082295904356,0.4224948163976181
-0.32789331844000197,-0.33939373950819707,-0.3687152874355457,-0.5952272282818631,-0.2930769296747854,-0.6201892226844657,-0.9614863916702531,-0.26507138974165967,0.06563163405373243,-0.4740491023904327
0.9783483566461847,0.7649976209279952,1.1834366957553253,0.8065414765793012,0.7354472998016324,-0.6201892226844657,-0.05778754527941421,0.5032439089612623,-0.11980731841909924,-0.06025960141133238
2.6111504505039176,2.9737803418003796,3.666879868860719,-0.0345197463373974,1.76397152927805,0.1557070814399298,0.8459113011114247,0.9355440770294028,0.2228516154980898,-1.149705389013312
-0.9810141559830953,-1.1676872598353414,-0.6791456840737199,-1.1559347102263289,-1.3216011591512031,-0.6201892226844657,-0.9614863916702531,-0.8526066181615414,-1.742398152556376,-1.669440994107834
2.6111504505039176,0.21280194070989908,3.666879868860719,1.6476026994959998,1.76397152927805,0.1557070814399298,1.7496101475022634,0.9355440770294028,-1.087314896538221,-0.3701019813715285
-0.6544537372115486,-0.6154915796172451,-0.6791456840737199,-0.5952272282818631,-1.0644701017820986,0.1557070814399298,-0.9614863916702531,-0.8526066181615414,0.2665238325659667,0.322878825421168
2.284590031732371,0.48889978081894714,1.8042974890316739,0.5261877356070683,1.2497094145398413,-0.6201892226844657,1.7496101475022634,0.26650810263823294,-0.8814315875039436,-0.8155896428811189
-0.32789331844000197,-0.6154915796172451,-0.3687152874355457,-0.3148734873096303,-0.16451140099023315,0.1557070814399298,-0.9614863916702531,-0.26507138974165967,-0.5370449614829703,0.12364684346826783
-0.32789331844000197,-0.6154915796172451,-0.6791456840737199,-0.3148734873096303,-0.678773515728442,-0.6201892226844657,-0.9614863916702531,-0.8526066181615414,-0.5370449614829703,0.12364684346826783
-0.6544537372115486,-0.6154915796172451,-0.3687152874355457,-0.5952272282818631,-0.16451140099023315,0.9316033855643254,-0.05778754527941421,0.1266187625382613,0.2665238325659667,0.322878825421168
-0.9810141559830953,-1.1676872598353414,-0.6791456840737199,-1.1559347102263289,0.8640128284861845,0.1557070814399298,-0.05778754527941421,-0.8526066181615414,-1.742398152556376,-1.669440994107834
-0.16461310905422863,-0.6154915796172451,-0.3687152874355457,-0.5952272282818631,-0.678773515728442,-0.6201892226844657,-0.9614863916702531,-0.3629939278116402,-0.7379371599952047,-0.673281084343333
0.48850772848886465,0.7649976209279952,-0.6791456840737199,1.3672489585237668,0.9925783571707368,0.1557070814399298,-0.05778754527941421,-0.8526066181615414,0.3669699318220838,1.0201907622563189
-0.0013328996684553085,0.7649976209279952,-0.6791456840737199,0.8065414765793012,0.7354472998016324,0.1557070814399298,-0.05778754527941421,-0.8526066181615414,1.2709848251271383,1.3190387351856692
0.48850772848886465,-1.1676872598353414,-0.6791456840737199,1.086895217551534,-0.16451140099023315,-0.6201892226844657,-0.9614863916702531,-0.8526066181615414,-1.742398152556376,0.7213427893269687
-0.9810141559830953,-1.1676872598353414,-0.6791456840737199,-1.1559347102263289,-0.9359045730975464,0.1557070814399298,-0.05778754527941421,-0.8526066181615414,-1.742398152556376,-1.669440994107834
0.48850772848886465,0.48889978081894714,-0.6791456840737199,-0.3148734873096303,0.2211851850634235,1.707499689688721,0.8459113011114247,-0.8526066181615414,0.06563163405373243,-0.7728970753197831
-0.8177339465973219,-0.6154915796172451,-0.058284890797371494,-0.5952272282818631,0.6068817711170802,0.1557070814399298,-0.05778754527941421,2.0850695239378667,1.2709848251271383,1.3190387351856692
-1.1442943653688686,-1.1676872598353414,-0.6791456840737199,-1.1559347102263289,-0.16451140099023315,-0.6201892226844657,-0.05778754527941421,-0.8526066181615414,-1.742398152556376,-1.669440994107834
-0.6544537372115486,-0.6154915796172451,-0.3687152874355457,-0.5952272282818631,-1.0644701017820986,0.1557070814399298,-0.9614863916702531,0.1266187625382613,0.2665238325659667,0.322878825421168
-0.32789331844000197,-0.063295899399149,-0.3687152874355457,-0.0345197463373974,-0.2930769296747854,0.1557070814399298,-0.05778754527941421,-0.26507138974165967,0.6683082295904356,0.7213427893269687
0.32522751910309133,1.0410954610370433,0.8730062991171511,1.086895217551534,-0.2930769296747854,-0.6201892226844657,-0.05778754527941421,0.7794356830047965,0.9361644942734143,0.9869854319308353
-0.4911735278257753,-0.33939373950819707,-0.6791456840737199,-0.5952272282818631,-0.16451140099023315,-0.6201892226844657,0.8459113011114247,-0.8526066181615414,0.5176390807062596,-0.17520112946108243
2.284590031732371,1.0410954610370433,3.0460190755843706,1.086895217551534,1.2497094145398413,0.1557070814399298,2.6533089938931025,0.8260654630381202,-0.5944427324864662,-0.5309725258055473
-0.32789331844000197,-1.1676872598353414,-0.6791456840737199,-0.3148734873096303,-0.2930769296747854,-0.6201892226844657,0.8459113011114247,-0.8526066181615414,-1.742398152556376,0.12364684346826783
0.32522751910309133,0.7649976209279952,-0.6791456840737199,0.8065414765793012,-0.16451140099023315,-0.6201892226844657,-0.9614863916702531,-0.8526066181615414,0.6013441634196907,0.6549321286760018
-0.8177339465973219,-0.6154915796172451,-0.058284890797371494,-0.8755809692540959,-1.0644701017820986,-0.6201892226844657,-0.9614863916702531,2.0850695239378667,1.2709848251271383,-0.17520112946108243
-0.4911735278257753,-0.6154915796172451,-0.3687152874355457,-0.5952272282818631,-0.678773515728442,-2.171981830933257,-0.9614863916702531,-0.11818758263668933,-0.23570666371461896,-0.17520112946108243
-0.32789331844000197,-0.6154915796172451,-0.6791456840737199,-0.5952272282818631,-0.678773515728442,0.1557070814399298,-0.05778754527941421,-0.8526066181615414,-0.5370449614829703,-0.4740491023904327
-0.16461310905422863,-0.6154915796172451,-0.3687152874355457,-0.0345197463373974,-0.678773515728442,1.707499689688721,-0.9614863916702531,-0.3629939278116402,-0.7379371599952047,0.322878825421168
-0.8177339465973219,-0.6154915796172451,-0.058284890797371494,-0.5952272282818631,-1.193035630466651,0.1557070814399298,-0.9614863916702531,2.0850695239378667,1.2709848251271383,1.3190387351856692
-0.6544537372115486,-0.6154915796172451,-0.6791456840737199,-0.5952272282818631,-0.16451140099023315,1.707499689688721,-0.05778754527941421,-0.8526066181615414,0.2665238325659667,0.322878825421168
-0.0013328996684553085,0.7649976209279952,-0.3687152874355457,0.8065414765793012,0.09261965637887129,-0.6201892226844657,0.8459113011114247,-0.4329385978616261,1.2709848251271383,1.3190387351856692
-0.32789331844000197,-1.1676872598353414,-0.3687152874355457,-0.5952272282818631,-0.678773515728442,0.1557070814399298,-0.9614863916702531,-0.26507138974165967,-1.742398152556376,-0.4740491023904327
0.651787937874638,0.7649976209279952,-0.3687152874355457,0.8065414765793012,0.2211851850634235,-0.6201892226844657,-0.05778754527941421,-0.5855451506979589,0.17520919687858755,0.23231883362439526
-0.32789331844000197,-0.8915894197262932,-0.6791456840737199,-0.0345197463373974,-0.42164245835933756,-1.3960855268088614,-0.05778754527941421,-0.8526066181615414,-1.1397215570196733,0.7213427893269687
-1.1442943653688686,-1.1676872598353414,-0.6791456840737199,-1.1559347102263289,-0.03594587230568093,-0.6201892226844657,0.8459113011114247,-0.8526066181615414,-1.742398152556376,-1.669440994107834
-0.16461310905422863,-0.8915894197262932,-0.6791456840737199,0.24583399463483546,-0.2930769296747854,0.9316033855643254,-0.9614863916702531,-0.8526066181615414,-1.2401676562757906,0.8209587803034187
-0.9810141559830953,-1.1676872598353414,-0.6791456840737199,-1.1559347102263289,-0.16451140099023315,-0.6201892226844657,0.8459113011114247,-0.8526066181615414,-1.742398152556376,-1.669440994107834
-0.9810141559830953,-1.1676872598353414,-0.6791456840737199,-1.1559347102263289,-1.3216011591512031,-0.6201892226844657,-0.9614863916702531,-0.8526066181615414,-1.742398152556376,-1.669440994107834
-0.0013328996684553085,-1.1676872598353414,-0.3687152874355457,0.8065414765793012,-0.16451140099023315,0.1557070814399298,-0.05778754527941421,-0.4329385978616261,-1.742398152556376,1.3190387351856692
-0.0013328996684553085,0.7649976209279952,-0.6791456840737199,0.8065414765793012,0.09261965637887129,0.1557070814399298,-0.9614863916702531,-0.8526066181615414,1.2709848251271383,1.3190387351856692
-0.9810141559830953,-1.1676872598353414,-0.3687152874355457,-1.1559347102263289,0.4783162424325279,-0.6201892226844657,-0.05778754527941421,2.0850695239378667,-1.742398152556376,-1.669440994107834
-0.9810141559830953,-1.1676872598353414,-0.6791456840737199,-1.1559347102263289,-0.678773515728442,0.9316033855643254,-0.9614863916702531,-0.8526066181615414,-1.742398152556376,-1.669440994107834
-0.32789331844000197,-0.33939373950819707,-0.6791456840737199,-0.0345197463373974,-0.5502079870438897,2.4833959938131165,-0.9614863916702531,-0.8526066181615414,0.06563163405373243,0.7213427893269687
-0.9810141559830953,-1.1676872598353414,-0.6791456840737199,-1.1559347102263289,2.9210612874390196,-0.6201892226844657,2.6533089938931025,-0.8526066181615414,-1.742398152556376,-1.669440994107834
0.32522751910309133,1.0410954610370433,-0.3687152874355457,0.8065414765793012,-0.03594587230568093,-0.6201892226844657,-0.05778754527941421,-0.5261981579282737,0.9361644942734143,0.6549321286760018
-0.32789331844000197,-0.33939373950819707,-0.6791456840737199,-0.0345197463373974,-0.8073390444129942,-0.6201892226844657,-0.9614863916702531,-0.8526066181615414,0.06563163405373243,0.7213427893269687
1.3049087754177313,2.6976825016913315,-0.6791456840737199,0.8065414765793012,0.4783162424325279,0.1557070814399298,-0.05778754527941421,-0.8526066181615414,1.0700926266149038,-0.27481712043753254
-0.6544537372115486,-0.6154915796172451,-0.6791456840737199,-0.5952272282818631,2.0211025866471544,-0.6201892226844657,1.7496101475022634,-0.8526066181615414,0.2665238325659667,0.322878825421168
0.32522751910309133,0.7649976209279952,-0.3687152874355457,1.086895217551534,-0.16451140099023315,1.707499689688721,-0.9614863916702531,-0.5261981579282737,0.6013441634196907,0.9869854319308353
-0.8177339465973219,-0.6154915796172451,-0.058284890797371494,-0.5952272282818631,-0.678773515728442,0.1557070814399298,-0.05778754527941421,2.0850695239378667,1.2709848251271383,1.3190387351856692
-0.9810141559830953,-1.1676872598353414,-0.3687152874355457,-1.1559347102263289,-1.3216011591512031,0.1557070814399298,-0.9614863916702531,2.0850695239378667,-1.742398152556376,-1.669440994107834
-0.32789331844000197,-0.063295899399149,-0.6791456840737199,-0.0345197463373974,-0.8073390444129942,0.1557070814399298,-0.9614863916702531,-0.8526066181615414,0.6683082295904356,0.7213427893269687
-0.9810141559830953,-1.1676872598353414,-0.6791456840737199,-1.1559347102263289,-1.3216011591512031,2.4833959938131165,-0.9614863916702531,-0.8526066181615414,-1.742398152556376,-1.669440994107834
0.8150681472604113,0.7649976209279952,0.8730062991171511,0.8065414765793012,0.2211851850634235,0.1557070814399298,-0.05778754527941421,0.3714251077132121,0.01540858442567403,0.07383884798004295
-0.8177339465973219,-0.6154915796172451,-0.058284890797371494,-0.5952272282818631,0.4783162424325279,-0.6201892226844657,0.8459113011114247,2.0850695239378667,1.2709848251271383,1.3190387351856692
-0.32789331844000197,-0.6154915796172451,-0.6791456840737199,-0.3148734873096303,-0.8073390444129942,-0.6201892226844657,-0.05778754527941421,-0.8526066181615414,-0.5370449614829703,0.12364684346826783
-0.8177339465973219,-0.8915894197262932,-0.058284890797371494,-0.5952272282818631,1.6354060005934978,0.1557070814399298,2.6533089938931025,2.0850695239378667,-0.23570666371461896,1.3190387351856692
0.8150681472604113,1.0410954610370433,0.8730062991171511,0.8065414765793012,0.4783162424325279,-1.3960855268088614,0.8459113011114247,0.3714251077132121,0.2665238325659667,0.07383884798004295
-0.32789331844000197,-0.33939373950819707,-0.058284890797371494,-0.3148734873096303,-0.678773515728442,-0.6201892226844657,-0.9614863916702531,0.3224638386782219,0.06563163405373243,0.12364684346826783
0.48850772848886465,-1.1676872598353414,0.5625759024789769,0.8065414765793012,0.9925783571707368,0.9316033855643254,-0.05778754527941421,0.3224638386782219,-1.742398152556376,0.4224948163976181
0.48850772848886465,0.7649976209279952,1.4938670923934996,0.8065414765793012,-0.16451140099023315,-0.6201892226844657,-0.05778754527941421,1.203766681308044,0.3669699318220838,0.4224948163976181
0.48850772848886465,1.0410954610370433,1.4938670923934996,0.5261877356070683,0.34975071374797573,-1.3960855268088614,-0.9614863916702531,1.203766681308044,0.6683082295904356,0.12364684346826783
-0.32789331844000197,-0.33939373950819707,-0.6791456840737199,-0.3148734873096303,-0.8073390444129942,2.4833959938131165,-0.9614863916702531,-0.8526066181615414,0.06563163405373243,0.12364684346826783
-0.4911735278257753,-0.33939373950819707,-0.058284890797371494,-0.5952272282818631,-0.2930769296747854,0.1557070814399298,0.8459113011114247,0.6162314528881626,0.5176390807062596,-0.17520112946108243
-0.8177339465973219,-0.6154915796172451,-0.058284890797371494,-0.5952272282818631,-0.678773515728442,0.1557070814399298,-0.05778754527941421,2.0850695239378667,1.2709848251271383,1.3190387351856692
-0.4911735278257753,-0.33939373950819707,-0.6791456840737199,-0.5952272282818631,-0.5502079870438897,1.707499689688721,-0.9614863916702531,-0.8526066181615414,0.5176390807062596,-0.17520112946108243
-1.1442943653688686,-1.1676872598353414,-0.6791456840737199,-1.1559347102263289,-0.16451140099023315,-0.6201892226844657,-0.05778754527941421,-0.8526066181615414,-1.742398152556376,-1.669440994107834
-0.0013328996684553085,0.7649976209279952,-0.3687152874355457,0.8065414765793012,0.4783162424325279,2.4833959938131165,-0.05778754527941421,-0.4329385978616261,1.2709848251271383,1.3190387351856692
0.651787937874638,1.5932911412551394,0.2521455058408027,1.086895217551534,0.2211851850634235,0.1557070814399298,-0.9614863916702531,-0.051422215770793755,0.9970409180650008,0.5039988090147138
-0.0013328996684553085,-0.8915894197262932,-0.6791456840737199,0.8065414765793012,-0.03594587230568093,0.1557070814399298,-0.05778754527941421,-0.8526066181615414,-1.31191487003016,1.3190387351856692
0.48850772848886465,-0.33939373950819707,-0.6791456840737199,1.086895217551534,-0.16451140099023315,0.9316033855643254,-0.05778754527941421,-0.8526066181615414,-0.8383832592513218,0.7213427893269687
-0.8177339465973219,-0.8915894197262932,-0.058284890797371494,-0.5952272282818631,-0.5502079870438897,2.4833959938131165,-0.05778754527941421,2.0850695239378667,-0.23570666371461896,1.3190387351856692
-0.6544537372115486,-0.6154915796172451,-0.3687152874355457,-0.5952272282818631,-0.5502079870438897,-0.6201892226844657,-0.9614863916702531,0.1266187625382613,0.2665238325659667,0.322878825421168
-0.6544537372115486,-0.6154915796172451,-0.3687152874355457,-0.5952272282818631,-0.03594587230568093,0.1557070814399298,-0.05778754527941421,0.1266187625382613,0.2665238325659667,0.322878825421168
2.4478702411181446,2.6976825016913315,3.3564494722225446,0.24583399463483546,1.5068404719089457,0.1557070814399298,0.8459113011114247,0.8832929203517453,0.17520919687858755,-0.9902410556320381
-0.0013328996684553085,0.7649976209279952,-0.6791456840737199,-0.5952272282818631,-0.2930769296747854,0.1557070814399298,0.8459113011114247,-0.8526066181615414,1.2709848251271383,-0.8155896428811189
-0.32789331844000197,-0.8915894197262932,-0.3687152874355457,-0.0345197463373974,-0.678773515728442,0.1557070814399298,-0.9614863916702531,-0.26507138974165967,-1.1397215570196733,0.7213427893269687
0.32522751910309133,0.7649976209279952,0.2521455058408027,0.8065414765793012,0.2211851850634235,-0.6201892226844657,-0.05778754527941421,0.1266187625382613,0.6013441634196907,0.6549321286760018
-0.32789331844000197,-0.33939373950819707,-0.6791456840737199,-0.3148734873096303,0.09261965637887129,0.1557070814399298,-0.05778754527941421,-0.8526066181615414,0.06563163405373243,0.12364684346826783
0.48850772848886465,1.0410954610370433,0.5625759024789769,1.086895217551534,-0.16451140099023315,1.707499689688721,-0.05778754527941421,0.3224638386782219,0.6683082295904356,0.7213427893269687
1.4681889848035046,1.3171933011460915,3.666879868860719,2.7690176633849313,3.3067578734926766,-2.171981830933257,1.7496101475022634,1.7178600061754405,-0.0473702276093993,0.9454787690239813
-0.32789331844000197,-0.063295899399149,-0.6791456840737199,-0.3148734873096303,-0.678773515728442,-0.6201892226844657,-0.9614863916702531,-0.8526066181615414,0.6683082295904356,0.12364684346826783
2.4478702411181446,1.8693889813641875,3.666879868860719,1.6476026994959998,2.1496681153317065,0.9316033855643254,0.8459113011114247,1.0168236540835365,-0.23570666371461896,-0.3110411171562419
-0.0013328996684553085,-0.063295899399149,1.4938670923934996,0.8065414765793012,0.4783162424325279,0.1557070814399298,-0.05778754527941421,2.0850695239378667,-0.020465022451510873,1.3190387351856692
-0.0013328996684553085,-0.8915894197262932,-0.3687152874355457,0.8065414765793012,0.34975071374797573,-0.6201892226844657,-0.05778754527941421,-0.4329385978616261,-1.31191487003016,1.3190387351856692
-0.6544537372115486,-0.6154915796172451,-0.058284890797371494,-0.5952272282818631,-0.2930769296747854,0.1557070814399298,0.8459113011114247,1.105844143238064,0.2665238325659667,0.322878825421168
-0.6544537372115486,-0.6154915796172451,-0.3687152874355457,-0.5952272282818631,-1.0644701017820986,0.1557070814399298,-0.9614863916702531,0.1266187625382613,0.2665238325659667,0.322878825421168
-0.4911735278257753,-0.6154915796172451,-0.6791456840737199,-0.3148734873096303,1.121143885855289,0.9316033855643254,-0.05778754527941421,-0.8526066181615414,-0.23570666371461896,0.5719188028622934
-0.32789331844000197,-0.33939373950819707,-0.3687152874355457,-0.5952272282818631,-0.8073390444129942,0.9316033855643254,-0.05778754527941421,-0.26507138974165967,0.06563163405373243,-0.4740491023904327
-0.8177339465973219,-0.6154915796172451,-0.058284890797371494,-0.5952272282818631,1.5068404719089457,0.1557070814399298,1.7496101475022634,2.0850695239378667,1.2709848251271383,1.3190387351856692
-1.1442943653688686,-1.1676872598353414,-0.6791456840737199,-1.1559347102263289,-1.4501666878357553,0.9316033855643254,-0.9614863916702531,-0.8526066181615414,-1.742398152556376,-1.669440994107834
-0.9810141559830953,-1.1676872598353414,-0.6791456840737199,-1.1559347102263289,-1.193035630466651,0.9316033855643254,-0.9614863916702531,-0.8526066181615414,-1.742398152556376,-1.669440994107834
-0.8177339465973219,-0.6154915796172451,-0.058284890797371494,-1.1559347102263289,-0.9359045730975464,0.1557070814399298,-0.9614863916702531,2.0850695239378667,1.2709848251271383,-1.669440994107834
0.16194730971731802,0.7649976209279952,0.8730062991171511,0.8065414765793012,-0.16451140099023315,0.1557070814399298,-0.05778754527941421,0.9834409706505887,0.894311952916699,0.9454787690239813
-0.9810141559830953,-1.1676872598353414,-0.6791456840737199,-1.1559347102263289,0.4783162424325279,-0.6201892226844657,-0.05778754527941421,-0.8526066181615414,-1.742398152556376,-1.669440994107834
-0.0013328996684553085,0.7649976209279952,1.4938670923934996,0.8065414765793012,-0.5502079870438897,1.707499689688721,-0.05778754527941421,2.0850695239378667,1.2709848251271383,1.3190387351856692
-0.32789331844000197,-0.063295899399149,-0.6791456840737199,-0.5952272282818631,-0.678773515728442,0.1557070814399298,-0.9614863916702531,-0.8526066181615414,0.6683082295904356,-0.4740491023904327
0.651787937874638,1.0410954610370433,0.2521455058408027,1.6476026994959998,-0.03594587230568093,0.1557070814399298,-0.9614863916702531,-0.051422215770793755,0.44915310394072533,1.0473587597953509
-1.1442943653688686,-1.1676872598353414,-0.6791456840737199,-1.1559347102263289,-0.9359045730975464,-0.6201892226844657,-0.05778754527941421,-0.8526066181615414,-1.742398152556376,-1.669440994107834
-0.16461310905422863,-0.33939373950819707,0.2521455058408027,-0.3148734873096303,-0.16451140099023315,-1.3960855268088614,-0.9614863916702531,0.6162314528881626,-0.23570666371461896,-0.17520112946108243
-0.8177339465973219,-0.6154915796172451,-0.058284890797371494,-1.1559347102263289,-0.5502079870438897,-0.6201892226844657,-0.9614863916702531,2.0850695239378667,1.2709848251271383,-1.669440994107834
0.32522751910309133,1.0410954610370433,0.5625759024789769,0.8065414765793012,0.09261965637887129,0.9316033855643254,0.8459113011114247,0.4530272227715288,0.9361644942734143,0.6549321286760018
-0.6544537372115486,-0.6154915796172451,-0.058284890797371494,-0.5952272282818631,-1.0644701017820986,-0.6201892226844657,-0.9614863916702531,1.105844143238064,0.2665238325659667,0.322878825421168
-0.0013328996684553085,-1.1676872598353414,-0.3687152874355457,0.5261877356070683,-0.03594587230568093,0.1557070814399298,-0.05778754527941421,-0.4329385978616261,-1.742398152556376,0.8921130595723115
-1.1442943653688686,-1.1676872598353414,-0.6791456840737199,-1.1559347102263289,-0.42164245835933756,0.1557070814399298,-0.9614863916702531,-0.8526066181615414,-1.742398152556376,-1.669440994107834
-0.8177339465973219,-0.6154915796172451,-0.058284890797371494,-0.5952272282818631,-0.5502079870438897,0.1557070814399298,-0.05778754527941421,2.0850695239378667,1.2709848251271383,1.3190387351856692
1.9580296129608246,3.5259760220184755,-0.058284890797371494,1.086895217551534,1.76397152927805,1.707499689688721,1.7496101475022634,-0.5433775505721301,0.9537866169499263,-0.4111337396684645
0.32522751910309133,1.0410954610370433,0.8730062991171511,1.086895217551534,-0.2930769296747854,1.707499689688721,-0.05778754527941421,0.7794356830047965,0.9361644942734143,0.9869854319308353
-0.9810141559830953,-1.1676872598353414,-0.6791456840737199,-1.1559347102263289,-1.3216011591512031,0.1557070814399298,-0.9614863916702531,-0.8526066181615414,-1.742398152556376,-1.669440994107834
1.4681889848035046,2.1454868214732357,1.1834366957553253,2.7690176633849313,1.2497094145398413,-0.6201892226844657,2.6533089938931025,0.24902193512573667,0.5176390807062596,0.9454787690239813
2.4478702411181446,1.5932911412551394,3.0460190755843706,1.3672489585237668,2.2782336440162587,0.1557070814399298,2.6533089938931025,0.7497621866199539,-0.372678617245688,-0.4468811048514008
-0.9810141559830953,-1.1676872598353414,-0.3687152874355457,-1.1559347102263289,-1.3216011591512031,0.1557070814399298,-0.9614863916702531,2.0850695239378667,-1.742398152556376,-1.669440994107834
0.16194730971731802,0.7649976209279952,-0.6791456840737199,0.8065414765793012,0.34975071374797573,-0.6201892226844657,0.8459113011114247,-0.8526066181615414,0.894311952916699,0.9454787690239813
-0.0013328996684553085,0.48889978081894714,1.4938670923934996,-0.3148734873096303,-0.42164245835933756,-0.6201892226844657,-0.9614863916702531,2.0850695239378667,0.8405015426009218,-0.3886639672677615
-0.8177339465973219,-0.6154915796172451,-0.058284890797371494,-0.5952272282818631,-0.5502079870438897,-0.6201892226844657,-0.05778754527941421,2.0850695239378667,1.2709848251271383,1.3190387351856692
-0.32789331844000197,-0.6154915796172451,-0.6791456840737199,-0.0345197463373974,0.9925783571707368,-0.6201892226844657,-0.9614863916702531,-0.8526066181615414,-0.5370449614829703,0.7213427893269687
-0.9810141559830953,-1.1676872598353414,-0.6791456840737199,-1.1559347102263289,-1.3216011591512031,0.1557070814399298,-0.9614863916702531,-0.8526066181615414,-1.742398152556376,-1.669440994107834
-0.9810141559830953,-1.1676872598353414,-0.6791456840737199,-1.1559347102263289,-1.3216011591512031,0.1557070814399298,-0.9614863916702531,-0.8526066181615414,-1.742398152556376,-1.669440994107834
-0.9810141559830953,-1.1676872598353414,-0.6791456840737199,-1.1559347102263289,-1.3216011591512031,-0.6201892226844657,-0.9614863916702531,-0.8526066181615414,-1.742398152556376,-1.669440994107834
0.48850772848886465,1.3171933011460915,-0.3687152874355457,0.8065414765793012,-0.16451140099023315,0.9316033855643254,-0.05778754527941421,-0.5588390039516005,0.9696465273587869,0.4224948163976181
0.48850772848886465,1.0410954610370433,-0.6791456840737199,-0.5952272282818631,-0.16451140099023315,-0.6201892226844657,-0.05778754527941421,-0.8526066181615414,0.6683082295904356,-1.0717450482491333
-0.32789331844000197,-0.33939373950819707,-0.3687152874355457,-1.1559347102263289,-0.2930769296747854,0.1557070814399298,0.8459113011114247,-0.26507138974165967,0.06563163405373243,-1.669440994107834
-0.6544537372115486,-0.6154915796172451,-0.3687152874355457,-0.5952272282818631,-0.03594587230568093,-0.6201892226844657,-0.9614863916702531,0.1266187625382613,0.2665238325659667,0.322878825421168
-0.32789331844000197,-0.33939373950819707,-0.6791456840737199,-0.0345197463373974,0.6068817711170802,-0.6201892226844657,-0.05778754527941421,-0.8526066181615414,0.06563163405373243,0.7213427893269687
-0.6544537372115486,-0.6154915796172451,-0.6791456840737199,-0.5952272282818631,-0.9359045730975464,-0.6201892226844657,-0.05778754527941421,-0.8526066181615414,0.2665238325659667,0.322878825421168
0.32522751910309133,1.0410954610370433,0.2521455058408027,1.086895217551534,-0.16451140099023315,-0.6201892226844657,-0.05778754527941421,0.1266187625382613,0.9361644942734143,0.9869854319308353
0.48850772848886465,-0.8915894197262932,-0.6791456840737199,1.086895217551534,-0.16451140099023315,-0.6201892226844657,-0.05778754527941421,-0.8526066181615414,-1.441059854788025,0.7213427893269687
1.9580296129608246,0.7649976209279952,2.7355886789461965,3.329725145329397,1.3782749432243935,0.1557070814399298,1.7496101475022634,0.8481532535802212,-0.6322044239361341,0.8471735147709054
-0.9810141559830953,-1.1676872598353414,-0.3687152874355457,-1.1559347102263289,-1.3216011591512031,0.1557070814399298,-0.9614863916702531,2.0850695239378667,-1.742398152556376,-1.669440994107834
0.16194730971731802,0.7649976209279952,-0.6791456840737199,0.8065414765793012,-0.2930769296747854,1.707499689688721,-0.05778754527941421,-0.8526066181615414,0.894311952916699,0.9454787690239813
2.4478702411181446,3.5259760220184755,0.5625759024789769,0.8065414765793012,1.6354060005934978,0.1557070814399298,1.7496101475022634,-0.3184836832343763,0.586125057471794,-0.7185610802417194
-0.8177339465973219,-1.1676872598353414,-0.058284890797371494,-0.5952272282818631,-0.16451140099023315,1.707499689688721,-0.05778754527941421,2.0850695239378667,-1.742398152556376,1.3190387351856692
-0.32789331844000197,-0.6154915796172451,0.2521455058408027,-1.1559347102263289,-0.8073390444129942,-0.6201892226844657,-0.9614863916702531,0.9099990670981034,-0.5370449614829703,-1.669440994107834
-0.4911735278257753,-0.6154915796172451,-0.3687152874355457,-1.1559347102263289,-0.8073390444129942,0.1557070814399298,-0.9614863916702531,-0.11818758263668933,-0.23570666371461896,-1.669440994107834
-0.4911735278257753,-0.6154915796172451,-0.3687152874355457,-0.3148734873096303,0.09261965637887129,-1.3960855268088614,-0.05778754527941421,-0.11818758263668933,-0.23570666371461896,0.5719188028622934
-0.32789331844000197,-0.063295899399149,-0.3687152874355457,-0.0345197463373974,0.34975071374797573,0.1557070814399298,-0.05778754527941421,-0.26507138974165967,0.6683082295904356,0.7213427893269687
0.9783483566461847,0.7649976209279952,0.8730062991171511,0.8065414765793012,0.8640128284861845,0.1557070814399298,0.8459113011114247,0.27726882110746165,-0.11980731841909924,-0.06025960141133238
-0.32789331844000197,-0.6154915796172451,-0.3687152874355457,-0.0345197463373974,-0.42164245835933756,-0.6201892226844657,-0.05778754527941421,-0.26507138974165967,-0.5370449614829703,0.7213427893269687
-0.4911735278257753,-0.6154915796172451,-0.6791456840737199,-0.8755809692540959,-0.2930769296747854,0.1557070814399298,-0.05778754527941421,-0.8526066181615414,-0.23570666371461896,-0.9223210617844583
-0.8177339465973219,-0.6154915796172451,-0.058284890797371494,-0.5952272282818631,-0.9359045730975464,-2.171981830933257,-0.9614863916702531,2.0850695239378667,1.2709848251271383,1.3190387351856692
-0.0013328996684553085,0.7649976209279952,1.4938670923934996,0.8065414765793012,-0.42164245835933756,0.1557070814399298,-0.9614863916702531,2.0850695239378667,1.2709848251271383,1.3190387351856692
-0.4911735278257753,-0.6154915796172451,-0.6791456840737199,-0.3148734873096303,0.09261965637887129,0.1557070814399298,-0.05778754527941421,-0.8526066181615414,-0.23570666371461896,0.5719188028622934
0.48850772848886465,-0.063295899399149,-0.6791456840737199,1.3672489585237668,-0.16451140099023315,-0.6201892226844657,-0.05778754527941421,-0.8526066181615414,-0.5370449614829703,1.0201907622563189
-0.0013328996684553085,0.7649976209279952,-0.6791456840737199,0.8065414765793012,-0.5502079870438897,-0.6201892226844657,-0.05778754527941421,-0.8526066181615414,1.2709848251271383,1.3190387351856692
-0.9810141559830953,-1.1676872598353414,-0.6791456840737199,-1.1559347102263289,-1.3216011591512031,0.1557070814399298,-0.9614863916702531,-0.8526066181615414,-1.742398152556376,-1.669440994107834
-0.6544537372115486,-0.6154915796172451,-0.3687152874355457,-0.5952272282818631,-0.16451140099023315,-1.3960855268088614,-0.05778754527941421,0.1266187625382613,0.2665238325659667,0.322878825421168
-0.32789331844000197,-0.33939373950819707,-0.3687152874355457,-0.5952272282818631,-0.678773515728442,0.1557070814399298,-0.9614863916702531,-0.26507138974165967,0.06563163405373243,-0.4740491023904327
1.3049087754177313,1.5932911412551394,1.1834366957553253,1.9279564404682326,0.6068817711170802,0.1557070814399298,-0.05778754527941421,0.3224638386782219,0.2665238325659667,0.5221108073740681
-0.8177339465973219,-1.1676872598353414,-0.058284890797371494,-0.5952272282818631,-0.678773515728442,-2.171981830933257,-0.05778754527941421,2.0850695239378667,-1.742398152556376,1.3190387351856692
0.16194730971731802,0.7649976209279952,-0.3687152874355457,0.8065414765793012,0.6068817711170802,0.9316033855643254,-0.05778754527941421,-0.4853971003991153,0.894311952916699,0.9454787690239813
-1.1442943653688686,-1.1676872598353414,-0.6791456840737199,-1.1559347102263289,-0.678773515728442,0.1557070814399298,-0.05778754527941421,-0.8526066181615414,-1.742398152556376,-1.669440994107834
0.48850772848886465,-1.1676872598353414,1.4938670923934996,1.3672489585237668,-0.16451140099023315,0.1557070814399298,-0.05778754527941421,1.203766681308044,-1.742398152556376,1.0201907622563189
2.1213098223465976,1.8693889813641875,-0.6791456840737199,0.8065414765793012,1.121143885855289,0.1557070814399298,-0.05778754527941421,-0.8526066181615414,-0.0850375148304431,-0.623473088855108
-0.9810141559830953,-1.1676872598353414,-0.6791456840737199,-1.1559347102263289,2.2782336440162587,-0.6201892226844657,1.7496101475022634,-0.8526066181615414,-1.742398152556376,-1.669440994107834
-0.4911735278257753,-0.8915894197262932,-0.6791456840737199,-0.3148734873096303,-0.42164245835933756,-0.6201892226844657,-0.9614863916702531,-0.8526066181615414,-0.9890524081354976,0.5719188028622934
-0.32789331844000197,-0.6154915796172451,-0.6791456840737199,-0.3148734873096303,-0.16451140099023315,-2.171981830933257,-0.9614863916702531,-0.8526066181615414,-0.5370449614829703,0.12364684346826783
-0.32789331844000197,-0.063295899399149,0.5625759024789769,-0.3148734873096303,2.1496681153317065,0.1557070814399298,2.6533089938931025,1.4975342955179851,0.6683082295904356,0.12364684346826783
-1.1442943653688686,-1.1676872598353414,-0.6791456840737199,-1.1559347102263289,0.34975071374797573,0.9316033855643254,-0.05778754527941421,-0.8526066181615414,-1.742398152556376,-1.669440994107834
-0.9810141559830953,-1.1676872598353414,-0.6791456840737199,-1.1559347102263289,-1.3216011591512031,-0.6201892226844657,-0.9614863916702531,-0.8526066181615414,-1.742398152556376,-1.669440994107834
-0.32789331844000197,-0.33939373950819707,-0.6791456840737199,-0.0345197463373974,-0.678773515728442,-0.6201892226844657,-0.05778754527941421,-0.8526066181615414,0.06563163405373243,0.7213427893269687
-0.32789331844000197,-0.33939373950819707,-0.3687152874355457,-0.0345197463373974,-0.8073390444129942,0.1557070814399298,-0.9614863916702531,-0.26507138974165967,0.06563163405373243,0.7213427893269687
-0.4911735278257753,-0.6154915796172451,-0.058284890797371494,-0.3148734873096303,-0.9359045730975464,0.1557070814399298,-0.9614863916702531,0.6162314528881626,-0.23570666371461896,0.5719188028622934
-0.32789331844000197,-0.063295899399149,-0.6791456840737199,-0.5952272282818631,-0.8073390444129942,0.1557070814399298,-0.9614863916702531,-0.8526066181615414,0.6683082295904356,-0.4740491023904327
1.141628566031958,1.0410954610370433,-0.058284890797371494,-0.8755809692540959,0.34975071374797573,0.1557070814399298,0.8459113011114247,-0.4329385978616261,-0.020465022451510873,-1.4559781563011553
0.16194730971731802,0.7649976209279952,-0.3687152874355457,-0.8755809692540959,-0.2930769296747854,-0.6201892226844657,0.8459113011114247,-0.4853971003991153,0.894311952916699,-1.2958810279461461
-0.0013328996684553085,0.7649976209279952,1.4938670923934996,0.5261877356070683,-0.42164245835933756,2.4833959938131165,-0.9614863916702531,2.0850695239378667,1.2709848251271383,0.8921130595723115
-0.32789331844000197,-0.33939373950819707,-0.6791456840737199,-0.5952272282818631,-0.678773515728442,1.707499689688721,-0.05778754527941421,-0.8526066181615414,0.06563163405373243,-0.4740491023904327
-0.32789331844000197,-0.8915894197262932,-0.3687152874355457,-0.5952272282818631,-0.2930769296747854,2.4833959938131165,-0.05778754527941421,-0.26507138974165967,-1.1397215570196733,-0.4740491023904327
0.48850772848886465,1.0410954610370433,1.8042974890316739,0.8065414765793012,-0.16451140099023315,2.4833959938131165,-0.05778754527941421,1.4975342955179851,0.6683082295904356,0.4224948163976181
-0.4911735278257753,-0.8915894197262932,-0.6791456840737199,-0.3148734873096303,-0.678773515728442,-0.6201892226844657,-0.9614863916702531,-0.8526066181615414,-0.9890524081354976,0.5719188028622934
-0.9810141559830953,-1.1676872598353414,-0.6791456840737199,-1.1559347102263289,1.121143885855289,0.1557070814399298,-0.9614863916702531,-0.8526066181615414,-1.742398152556376,-1.669440994107834
0.48850772848886465,1.0410954610370433,-0.6791456840737199,1.3672489585237668,-0.16451140099023315,-0.6201892226844657,-0.05778754527941421,-0.8526066181615414,0.6683082295904356,1.0201907622563189
-0.0013328996684553085,0.7649976209279952,-0.6791456840737199,0.8065414765793012,-0.5502079870438897,1.707499689688721,-0.05778754527941421,-0.8526066181615414,1.2709848251271383,1.3190387351856692
-0.9810141559830953,-1.1676872598353414,-0.6791456840737199,-1.1559347102263289,-0.42164245835933756,-1.3960855268088614,-0.05778754527941421,-0.8526066181615414,-1.742398152556376,-1.669440994107834
0.48850772848886465,0.7649976209279952,-0.6791456840737199,1.086895217551534,-0.16451140099023315,0.9316033855643254,-0.05778754527941421,-0.8526066181615414,0.3669699318220838,0.7213427893269687
-0.8177339465973219,-0.6154915796172451,-0.058284890797371494,-0.5952272282818631,0.4783162424325279,-0.6201892226844657,0.8459113011114247,2.0850695239378667,1.2709848251271383,1.3190387351856692
-0.4911735278257753,-0.33939373950819707,-0.058284890797371494,-0.3148734873096303,-0.2930769296747854,2.4833959938131165,-0.05778754527941421,0.6162314528881626,0.5176390807062596,0.5719188028622934
0.32522751910309133,0.7649976209279952,-0.058284890797371494,1.086895217551534,-0.2930769296747854,-0.6201892226844657,-0.05778754527941421,-0.19978969769500626,0.6013441634196907,0.9869854319308353
0.48850772848886465,1.3171933011460915,-0.6791456840737199,1.3672489585237668,-0.16451140099023315,-1.3960855268088614,0.8459113011114247,-0.8526066181615414,0.9696465273587869,1.0201907622563189
-0.16461310905422863,-0.6154915796172451,-0.3687152874355457,-0.5952272282818631,-0.5502079870438897,-0.6201892226844657,-0.9614863916702531,-0.3629939278116402,-0.7379371599952047,-0.673281084343333
0.48850772848886465,1.3171933011460915,-0.3687152874355457,-0.0345197463373974,3.049626816123572,-2.171981830933257,2.6533089938931025,-0.5588390039516005,0.9696465273587869,-0.4740491023904327
-0.9810141559830953,-1.1676872598353414,-0.6791456840737199,-1.1559347102263289,-1.3216011591512031,0.9316033855643254,-0.9614863916702531,-0.8526066181615414,-1.742398152556376,-1.669440994107834
2.1213098223465976,1.0410954610370433,2.7355886789461965,1.6476026994959998,1.2497094145398413,0.1557070814399298,1.7496101475022634,0.7631152599931332,-0.5370449614829703,-0.17520112946108243
2.1213098223465976,1.3171933011460915,0.2521455058408027,0.8065414765793012,1.121143885855289,-0.6201892226844657,-0.05778754527941421,-0.4119551968466301,-0.38637581259879467,-0.623473088855108
0.651787937874638,0.7649976209279952,0.5625759024789769,1.086895217551534,0.2211851850634235,-0.6201892226844657,0.8459113011114247,0.21563925169278872,0.17520919687858755,0.5039988090147138
-0.32789331844000197,-0.6154915796172451,-0.3687152874355457,-0.0345197463373974,-0.2930769296747854,0.1557070814399298,-0.05778754527941421,-0.26507138974165967,-0.5370449614829703,0.7213427893269687
-0.4911735278257753,-0.33939373950819707,-0.3687152874355457,-0.5952272282818631,-0.9359045730975464,-0.6201892226844657,-0.05778754527941421,-0.11818758263668933,0.5176390807062596,-0.17520112946108243
-0.32789331844000197,-0.6154915796172451,-0.3687152874355457,-0.0345197463373974,-0.8073390444129942,2.4833959938131165,-0.9614863916702531,-0.26507138974165967,-0.5370449614829703,0.7213427893269687
0.48850772848886465,1.3171933011460915,2.114727885669848,-0.0345197463373974,-0.16451140099023315,-0.6201892226844657,-0.05778754527941421,1.791301909727926,0.9696465273587869,-0.4740491023904327
0.651787937874638,1.0410954610370433,0.8730062991171511,1.6476026994959998,0.4783162424325279,0.9316033855643254,-0.05778754527941421,0.4827007191563712,0.44915310394072533,1.0473587597953509
-0.8177339465973219,-1.1676872598353414,-0.3687152874355457,-0.5952272282818631,-0.678773515728442,0.1557070814399298,-0.9614863916702531,0.6162314528881626,-1.742398152556376,1.3190387351856692
0.8150681472604113,1.0410954610370433,-0.3687152874355457,0.8065414765793012,0.09261965637887129,2.4833959938131165,-0.9614863916702531,-0.6078002729865907,0.2665238325659667,0.07383884798004295
-0.8177339465973219,-0.6154915796172451,-0.6791456840737199,-0.5952272282818631,-0.5502079870438897,-0.6201892226844657,-0.9614863916702531,-0.8526066181615414,1.2709848251271383,1.3190387351856692
1.6314691941892778,2.6976825016913315,3.0460190755843706,1.9279564404682326,1.76397152927805,0.1557070814399298,0.8459113011114247,1.2210471292027467,0.7392113584771062,0.2642811836703152
-0.9810141559830953,-0.8915894197262932,-0.6791456840737199,-1.1559347102263289,-1.3216011591512031,-0.6201892226844657,-0.9614863916702531,-0.8526066181615414,1.2709848251271383,-1.669440994107834
1.3049087754177313,2.4215846615822834,0.8730062991171511,1.086895217551534,0.6068817711170802,0.1557070814399298,-0.05778754527941421,0.1266187625382613,0.8692004281026697,-0.07558513848463234
-0.8177339465973219,-0.6154915796172451,-0.3687152874355457,-0.5952272282818631,-1.0644701017820986,-1.3960855268088614,-0.9614863916702531,0.6162314528881626,1.2709848251271383,1.3190387351856692
0.16194730971731802,-0.33939373950819707,1.4938670923934996,0.8065414765793012,-0.16451140099023315,-1.3960855268088614,-0.05778754527941421,1.7178600061754405,-0.6123795359250582,0.9454787690239813
-0.4911735278257753,-0.33939373950819707,-0.3687152874355457,-0.5952272282818631,-0.2930769296747854,0.1557070814399298,-0.05778754527941421,-0.11818758263668933,0.5176390807062596,-0.17520112946108243
-0.32789331844000197,-0.33939373950819707,-0.3687152874355457,-1.1559347102263289,0.09261965637887129,0.1557070814399298,-0.9614863916702531,-0.26507138974165967,0.06563163405373243,-1.669440994107834
0.9783483566461847,1.0410954610370433,0.8730062991171511,2.2083101814404653,0.34975071374797573,0.1557070814399298,0.8459113011114247,0.27726882110746165,0.11199137217194051,1.0891556790861694
-0.8177339465973219,-0.6154915796172451,-0.058284890797371494,-0.5952272282818631,-0.8073390444129942,0.1557070814399298,-0.9614863916702531,2.0850695239378667,1.2709848251271383,1.3190387351856692
-0.6544537372115486,-0.6154915796172451,-0.3687152874355457,-0.5952272282818631,-0.9359045730975464,-0.6201892226844657,-0.9614863916702531,0.1266187625382613,0.2665238325659667,0.322878825421168
0.48850772848886465,0.7649976209279952,-0.6791456840737199,1.086895217551534,-0.16451140099023315,1.707499689688721,-0.05778754527941421,-0.8526066181615414,0.3669699318220838,0.7213427893269687
0.32522751910309133,0.7649976209279952,1.8042974890316739,-0.8755809692540959,-0.16451140099023315,2.4833959938131165,-0.05778754527941421,1.758661063704599,0.6013441634196907,-1.3373876908530005
-0.16461310905422863,-0.6154915796172451,0.5625759024789769,-0.8755809692540959,-0.678773515728442,0.1557070814399298,-0.9614863916702531,1.105844143238064,-0.7379371599952047,-1.1713610392255835
-0.9810141559830953,-1.1676872598353414,-0.6791456840737199,-1.1559347102263289,-0.42164245835933756,0.1557070814399298,-0.9614863916702531,-0.8526066181615414,-1.742398152556376,-1.669440994107834
-0.8177339465973219,-0.6154915796172451,-0.058284890797371494,-0.5952272282818631,-1.0644701017820986,-0.6201892226844657,-0.9614863916702531,2.0850695239378667,1.2709848251271383,1.3190387351856692
-0.0013328996684553085,0.7649976209279952,-0.3687152874355457,0.8065414765793012,0.8640128284861845,-0.6201892226844657,-0.05778754527941421,-0.4329385978616261,1.2709848251271383,1.3190387351856692
1.794749403575051,3.249878181909428,-0.3687152874355457,1.9279564404682326,1.121143885855289,0.1557070814399298,0.8459113011114247,-0.6894023880449077,0.9361644942734143,0.1568521737937514
1.141628566031958,1.5932911412551394,0.8730062991171511,0.8065414765793012,0.34975071374797573,0.1557070814399298,0.8459113011114247,0.1965634325882471,0.4100182600747056,-0.17520112946108243
1.4681889848035046,1.8693889813641875,1.1834366957553253,1.086895217551534,0.6068817711170802,-0.6201892226844657,0.8459113011114247,0.24902193512573667,0.32930264460104003,-0.17520112946108243
-0.32789331844000197,-0.33939373950819707,-0.6791456840737199,-0.0345197463373974,-0.678773515728442,0.1557070814399298,-0.05778754527941421,-0.8526066181615414,0.06563163405373243,0.7213427893269687
0.32522751910309133,1.0410954610370433,-0.6791456840737199,-1.1559347102263289,0.6068817711170802,0.1557070814399298,-0.9614863916702531,-0.8526066181615414,0.9361644942734143,-1.669440994107834
-0.4911735278257753,-0.33939373950819707,-0.3687152874355457,-0.5952272282818631,-0.678773515728442,-0.6201892226844657,-0.9614863916702531,-0.11818758263668933,0.5176390807062596,-0.17520112946108243
-0.8177339465973219,-0.6154915796172451,-0.3687152874355457,-0.5952272282818631,-1.193035630466651,2.4833959938131165,-0.9614863916702531,0.6162314528881626,1.2709848251271383,1.3190387351856692
-0.16461310905422863,-1.1676872598353414,-0.3687152874355457,-0.3148734873096303,1.2497094145398413,0.1557070814399298,2.6533089938931025,-0.3629939278116402,-1.742398152556376,-0.17520112946108243
-0.9810141559830953,-1.1676872598353414,-0.3687152874355457,-1.1559347102263289,-1.3216011591512031,0.1557070814399298,-0.9614863916702531,2.0850695239378667,-1.742398152556376,-1.669440994107834
0.32522751910309133,0.7649976209279952,0.2521455058408027,-0.0345197463373974,-0.16451140099023315,-0.6201892226844657,0.8459113011114247,0.1266187625382613,0.6013441634196907,-0.3412277810884993
-0.4911735278257753,-0.6154915796172451,-0.6791456840737199,-0.5952272282818631,0.8640128284861845,0.1557070814399298,-0.05778754527941421,-0.8526066181615414,-0.23570666371461896,-0.17520112946108243
0.9783483566461847,2.1454868214732357,-0.3687152874355457,1.3672489585237668,0.2211851850634235,-0.6201892226844657,-0.05778754527941421,-0.6266315303077408,1.039186134536099,0.39950651078766813
-0.8177339465973219,-0.6154915796172451,-0.058284890797371494,-0.5952272282818631,-0.9359045730975464,0.1557070814399298,-0.9614863916702531,2.0850695239378667,1.2709848251271383,1.3190387351856692
2.4478702411181446,0.48889978081894714,0.5625759024789769,2.7690176633849313,1.6354060005934978,-0.6201892226844657,2.6533089938931025,-0.3184836832343763,-0.9205664313699632,0.23231883362439526
0.48850772848886465,1.3171933011460915,2.114727885669848,1.086895217551534,0.34975071374797573,0.9316033855643254,-0.9614863916702531,1.791301909727926,0.9696465273587869,0.7213427893269687
2.1213098223465976,0.7649976209279952,-0.6791456840737199,1.6476026994959998,1.2497094145398413,0.1557070814399298,1.7496101475022634,-0.8526066181615414,-0.6877141103671462,-0.17520112946108243
0.16194730971731802,0.7649976209279952,-0.3687152874355457,0.8065414765793012,-0.42164245835933756,-0.6201892226844657,-0.05778754527941421,-0.4853971003991153,0.894311952916699,0.9454787690239813
1.3049087754177313,2.1454868214732357,2.7355886789461965,1.9279564404682326,0.4783162424325279,0.9316033855643254,-0.05778754527941421,1.3016892193780243,0.6683082295904356,0.5221108073740681
-0.32789331844000197,-0.063295899399149,-0.6791456840737199,-0.0345197463373974,0.34975071374797573,1.707499689688721,-0.05778754527941421,-0.8526066181615414,0.6683082295904356,0.7213427893269687
-0.4911735278257753,-0.6154915796172451,-0.3687152874355457,-0.5952272282818631,-0.9359045730975464,0.9316033855643254,-0.9614863916702531,-0.11818758263668933,-0.23570666371461896,-0.17520112946108243
0.32522751910309133,-1.1676872598353414,-0.3687152874355457,0.8065414765793012,-0.2930769296747854,-0.6201892226844657,0.8459113011114247,-0.5261981579282737,-1.742398152556376,0.6549321286760018
0.48850772848886465,0.7649976209279952,-0.3687152874355457,1.3672489585237668,-0.16451140099023315,-1.3960855268088614,-0.05778754527941421,-0.5588390039516005,0.3669699318220838,1.0201907622563189
-0.16461310905422863,-0.33939373950819707,-0.6791456840737199,-0.8755809692540959,0.09261965637887129,0.1557070814399298,-0.05778754527941421,-0.8526066181615414,-0.23570666371461896,-1.1713610392255835
-0.16461310905422863,-0.33939373950819707,-0.6791456840737199,-1.1559347102263289,-0.42164245835933756,-0.6201892226844657,-0.05778754527941421,-0.8526066181615414,-0.23570666371461896,-1.669440994107834
-0.32789331844000197,-0.33939373950819707,-0.6791456840737199,-0.8755809692540959,-0.42164245835933756,0.1557070814399298,-0.05778754527941421,-0.8526066181615414,0.06563163405373243,-1.0717450482491333
-0.8177339465973219,-0.6154915796172451,-0.058284890797371494,-0.5952272282818631,-0.42164245835933756,-0.6201892226844657,-0.9614863916702531,2.0850695239378667,1.2709848251271383,1.3190387351856692
0.48850772848886465,-0.6154915796172451,-0.6791456840737199,-0.5952272282818631,-0.16451140099023315,-0.6201892226844657,-0.05778754527941421,-0.8526066181615414,-1.1397215570196733,-1.0717450482491333
-0.32789331844000197,-0.33939373950819707,-0.6791456840737199,-0.5952272282818631,1.121143885855289,-0.6201892226844657,-0.9614863916702531,-0.8526066181615414,0.06563163405373243,-0.4740491023904327
-0.4911735278257753,-0.33939373950819707,-0.3687152874355457,-0.8755809692540959,-0.9359045730975464,1.707499689688721,-0.9614863916702531,-0.11818758263668933,0.5176390807062596,-0.9223210617844583
-0.4911735278257753,-0.33939373950819707,-0.6791456840737199,-0.3148734873096303,-0.16451140099023315,-0.6201892226844657,-0.05778754527941421,-0.8526066181615414,0.5176390807062596,0.5719188028622934
-0.32789331844000197,-0.063295899399149,-0.6791456840737199,-0.0345197463373974,-0.8073390444129942,0.1557070814399298,-0.9614863916702531,-0.8526066181615414,0.6683082295904356,0.7213427893269687
-0.6544537372115486,-0.6154915796172451,-0.058284890797371494,-1.1559347102263289,1.121143885855289,0.1557070814399298,0.8459113011114247,1.105844143238064,0.2665238325659667,-1.669440994107834
2.1213098223465976,1.3171933011460915,2.114727885669848,0.5261877356070683,1.2497094145398413,-0.6201892226844657,1.7496101475022634,0.46934764578319227,-0.38637581259879467,-0.7728970753197831
0.32522751910309133,-0.063295899399149,-0.3687152874355457,0.8065414765793012,-0.16451140099023315,-0.6201892226844657,-0.05778754527941421,-0.5261981579282737,-0.40311682914148095,0.6549321286760018
-0.4911735278257753,-0.6154915796172451,-0.6791456840737199,-1.1559347102263289,-0.8073390444129942,-0.6201892226844657,-0.9614863916702531,-0.8526066181615414,-0.23570666371461896,-1.669440994107834
-0.32789331844000197,-0.6154915796172451,-0.6791456840737199,-0.3148734873096303,0.7354472998016324,0.1557070814399298,-0.05778754527941421,-0.8526066181615414,-0.5370449614829703,0.12364684346826783
-0.0013328996684553085,0.7649976209279952,-0.3687152874355457,0.8065414765793012,-0.2930769296747854,1.707499689688721,0.8459113011114247,-0.4329385978616261,1.2709848251271383,1.3190387351856692
-0.16461310905422863,-0.6154915796172451,-0.6791456840737199,-0.3148734873096303,-0.678773515728442,-2.171981830933257,-0.05778754527941421,-0.8526066181615414,-0.7379371599952047,-0.17520112946108243
0.32522751910309133,0.48889978081894714,-0.6791456840737199,1.086895217551534,0.7354472998016324,0.1557070814399298,-0.05778754527941421,-0.8526066181615414,0.2665238325659667,0.9869854319308353
-0.4911735278257753,-0.33939373950819707,-0.3687152874355457,-0.5952272282818631,-0.678773515728442,0.1557070814399298,-0.05778754527941421,-0.11818758263668933,0.5176390807062596,-0.17520112946108243
